URN,LAESTAB,School name,Type of education,School type,School open date,Sixth Form,Religious character,Religious ethos,Faith grouping,Inspectorate,Ofsted region,Region,Local authority,Parliamentary constituency,Postcode,Total number of pupils,Inspection number of latest REIF standard inspection,Inspection type,Inspection type grouping,Inspection start date,Publication date,Safeguarding standards,Inclusion,Curriculum and teaching,Achievement,Attendance and behaviour,Personal development and wellbeing,Early years (where applicable),Post-16 provision (where applicable),Leadership and governance,Inspection number of latest OEIF standard inspection,Inspection type of latest OEIF standard inspection,Inspection type grouping of latest OEIF standard inspection,Inspection start date of latest OEIF standard inspection,Publication date of latest OEIF standard inspection,Latest OEIF overall effectiveness,Latest OEIF quality of education,Latest OEIF behaviour and attitudes,Latest OEIF personal development,Latest OEIF effectiveness of leadership and management,Latest OEIF safeguarding is effective?,Latest OEIF early years provision (where applicable),Latest OEIF sixth form provision (where applicable),Most recent standard inspection: School complies with registration agreement (GIAS)?,Most recent standard inspection: Overall compliance with ISS,Most recent standard inspection: Part 1 overall,Most recent standard inspection: Part 2 overall,Most recent standard inspection: Part 3 overall,Most recent standard inspection: Part 4 overall,Most recent standard inspection: Part 5 overall,Most recent standard inspection: Part 6 overall,Most recent standard inspection: Part 7 overall,Most recent standard inspection: Part 8 overall,Most recent progress monitoring: inspection number,Most recent progress monitoring: inspection type,Most recent progress monitoring: start date,Most recent progress monitoring: academic year,Most recent progress monitoring: publication date,Most recent progress monitoring: overall outcome,
100082,2026385,College Francais Bilingue De Londres,Other Independent School,Other independent school,18/02/1992,Does not have a sixth form,None,None,Non-faith,Ofsted,London,London,Camden,Holborn and St Pancras,NW5 3AX,698,NULL,NULL,NULL,NULL,NULL,NULL,NULL,NULL,NULL,NULL,NULL,NULL,NULL,NULL,10391696,Independent School standard inspection,Independent Standard Inspection,16/09/2025,25/11/2025,1,1,1,1,1,Yes,1,NULL,Y,All standards Met,Met,Met,Met,Met,Met,Met,Met,Met,NULL,NULL,NULL,NULL,NULL,NULL,
100287,2046072,Yesodey Hatorah School,Other Independent School,Independent faith school,05/03/1958,Does not have a sixth form,None,Jewish,Jewish,Ofsted,London,London,Hackney,Hackney North and Stoke Newington,N16 5AE,203,NULL,NULL,NULL,NULL,NULL,NULL,NULL,NULL,NULL,NULL,NULL,NULL,NULL,NULL,10299150,Independent School standard inspection,Independent Standard Inspection,25/03/2025,19/05/2025,3,2,2,3,3,Yes,3,NULL,Y,Did not meet all standards,Not met,Not met,Met,Met,Met,Met,Met,Not met,NULL,NULL,NULL,NULL,NULL,NULL,
100289,2046233,Talmud Torah Yetev Lev,Other Independent School,Other independent school,03/09/1959,Does not have a sixth form,None,None,Non-faith,Ofsted,London,London,Hackney,Hackney North and Stoke Newington,N16 6AX,483,10427332,Independent School standard inspection,Independent standard inspection,27/01/2026,19/04/2026,Met,Needs attention,Urgent improvement,Needs attention,Expected standard,Urgent improvement,Urgent improvement,Not applicable,Urgent improvement,10286369,Independent School standard inspection,Independent Standard Inspection,06/02/2024,09/04/2024,4,4,2,4,4,Yes,NULL,NULL,N,Did not meet all standards,Not met,Not met,Met,Met,Met,Not met,Met,Not met,NULL,NULL,NULL,NULL,NULL,NULL,
100291,2046242,Bnois Jerusalem Girls School,Other Independent School,Independent faith school,11/05/1962,Does not have a sixth form,None,Orthodox Jewish,Jewish,Ofsted,London,London,Hackney,Tottenham,N16 5DL,615,NULL,NULL,NULL,NULL,NULL,NULL,NULL,NULL,NULL,NULL,NULL,NULL,NULL,NULL,10336092,Independent School standard inspection,Independent Standard Inspection,21/05/2024,01/07/2024,3,2,1,3,3,Yes,3,NULL,Y,Did not meet all standards,Not met,Not met,Met,Met,Met,Met,Met,Not met,10425859,Independent school Progress Monitoring inspection,04/11/2025,2025/26,28/01/2026,Did not meet all standards that were checked,
100293,2046296,Beis Rochel d'Satmar Girls' School,Other Independent School,Independent faith school,03/01/1978,Has a sixth form,Orthodox Jewish,Orthodox Jewish,Jewish,Ofsted,London,London,Hackney,Tottenham,N16 5DL,1326,NULL,NULL,NULL,NULL,NULL,NULL,NULL,NULL,NULL,NULL,NULL,NULL,NULL,NULL,10341979,Independent School standard inspection,Independent Standard Inspection,24/09/2024,10/11/2024,3,2,1,3,3,Yes,2,2,Y,Did not meet all standards,Not met,Not met,Not met,Met,Not met,Met,Met,Not met,10389149,Independent school Progress Monitoring inspection,26/03/2025,2024/25,20/05/2025,Did not meet all standards that were checked,
100294,2046331,Talmud Torah Machzikei Hadass School,Other Independent School,Independent faith school,22/12/1982,Does not have a sixth form,Charadi Jewish,Jewish,Jewish,Ofsted,London,London,Hackney,Hackney North and Stoke Newington,E5 9SN,533,NULL,NULL,NULL,NULL,NULL,NULL,NULL,NULL,NULL,NULL,NULL,NULL,NULL,NULL,10322559,Independent School standard inspection,Independent Standard Inspection,09/07/2024,10/09/2024,3,3,2,3,3,Yes,2,NULL,Y,All standards Met,Met,Met,Met,Met,Met,Met,Met,Met,NULL,NULL,NULL,NULL,NULL,NULL,
100295,2046337,Beis Malka Girls' School,Other Independent School,Independent faith school,01/02/1982,Does not have a sixth form,None,Jewish,Jewish,Ofsted,London,London,Hackney,Hackney North and Stoke Newington,N16 6XD,599,NULL,NULL,NULL,NULL,NULL,NULL,NULL,NULL,NULL,NULL,NULL,NULL,NULL,NULL,10322560,Independent School standard inspection,Independent Standard Inspection,17/12/2024,27/02/2025,3,2,1,3,3,Yes,2,NULL,N,Did not meet all standards,Not met,Not met,Met,Met,Met,Met,Met,Not met,NULL,NULL,NULL,NULL,NULL,NULL,
100296,2046377,Talmud Torah Chaim Meirim Wiznitz School,Other Independent School,Independent faith school,24/02/1989,Does not have a sixth form,None,Jewish,Jewish,Ofsted,London,London,Hackney,Hackney North and Stoke Newington,N16 6XB,241,NULL,NULL,NULL,NULL,NULL,NULL,NULL,NULL,NULL,NULL,NULL,NULL,NULL,NULL,10322561,Independent School standard inspection,Independent Standard Inspection,02/07/2024,24/09/2024,3,3,2,3,3,Yes,NULL,NULL,Y,Did not meet all standards,Not met,Met,Met,Met,Met,Met,Met,Not met,10408993,Independent school Progress Monitoring inspection,10/07/2025,2024/25,11/09/2025,Did not meet all standards that were checked,
100298,2046385,Bobov Primary Boys School,Other Independent School,Independent faith school,09/07/1991,Does not have a sixth form,None,Jewish,Jewish,Ofsted,London,London,Hackney,Hackney North and Stoke Newington,N16 6UE,221,NULL,NULL,NULL,NULL,NULL,NULL,NULL,NULL,NULL,NULL,NULL,NULL,NULL,NULL,10286370,Independent School standard inspection,Independent Standard Inspection,04/06/2024,09/09/2024,4,4,2,4,4,Yes,4,NULL,Y,Did not meet all standards,Not met,Not met,Met,Met,Met,Met,Met,Not met,10433570,Independent school Progress Monitoring inspection,15/01/2026,2025/26,02/03/2026,Did not meet all standards that were checked,
100299,2046387,T T T Y Y School,Other Independent School,Independent faith school,30/06/1992,Does not have a sixth form,None,Jewish,Jewish,Ofsted,London,London,Hackney,Hackney North and Stoke Newington,N16 5NH,150,NULL,NULL,NULL,NULL,NULL,NULL,NULL,NULL,NULL,NULL,NULL,NULL,NULL,NULL,10375098,Independent School standard inspection,Independent Standard Inspection,24/06/2025,21/07/2025,4,4,2,3,4,Yes,4,NULL,Y,Did not meet all standards,Not met,Not met,Met,Met,Met,Met,Met,Not met,NULL,NULL,NULL,NULL,NULL,NULL,
100300,2046388,Tayyibah Girls' School,Other Independent School,Independent faith school,26/10/1992,Has a sixth form,None,Muslim,Muslim,Ofsted,London,London,Hackney,Hackney North and Stoke Newington,N16 6JJ,173,NULL,NULL,NULL,NULL,NULL,NULL,NULL,NULL,NULL,NULL,NULL,NULL,NULL,NULL,10342954,Independent School standard inspection,Independent Standard Inspection,20/05/2025,03/07/2025,2,2,1,2,2,Yes,NULL,NULL,Y,All standards Met,Met,Met,Met,Met,Met,Met,Met,Met,NULL,NULL,NULL,NULL,NULL,NULL,
100371,2056359,Ecole Francaise de Londres Jacques Provert,Other Independent School,Other independent school,19/11/1986,Not applicable,None,None,Non-faith,Ofsted,London,London,Hammersmith and Fulham,Hammersmith and Chiswick,W6 7BE,262,NULL,NULL,NULL,NULL,NULL,NULL,NULL,NULL,NULL,NULL,NULL,NULL,NULL,NULL,10391697,Independent School standard inspection,Independent Standard Inspection,03/06/2025,08/07/2025,1,1,1,1,1,Yes,1,NULL,Y,All standards Met,Met,Met,Met,Met,Met,Met,Met,Met,NULL,NULL,NULL,NULL,NULL,NULL,
100372,2056382,Evergreen Primary School,Other Independent School,Independent faith school,22/11/1989,Does not have a sixth form,Islam,Muslim,Muslim,Ofsted,London,London,Hammersmith and Fulham,Chelsea and Fulham,SW6 4QT,73,NULL,NULL,NULL,NULL,NULL,NULL,NULL,NULL,NULL,NULL,NULL,NULL,NULL,NULL,10391698,Independent School standard inspection,Independent Standard Inspection,16/09/2025,19/10/2025,2,2,2,2,2,Yes,1,NULL,Y,All standards Met,Met,Met,Met,Met,Met,Met,Met,Met,NULL,NULL,NULL,NULL,NULL,NULL,
100375,2056386,L'Ecole des Petits School,Other Independent School,Other independent school,02/10/1990,Does not have a sixth form,None,None,Non-faith,Ofsted,London,London,Hammersmith and Fulham,Chelsea and Fulham,SW6 2NB,107,NULL,NULL,NULL,NULL,NULL,NULL,NULL,NULL,NULL,NULL,NULL,NULL,NULL,NULL,10322563,Independent School standard inspection,Independent Standard Inspection,25/03/2025,11/05/2025,1,1,1,1,1,Yes,1,NULL,Y,All standards Met,Met,Met,Met,Met,Met,Met,Met,Met,NULL,NULL,NULL,NULL,NULL,NULL,
100516,2076104,St Philip's School,Other Independent School,Independent faith school,22/10/1957,Does not have a sixth form,Roman Catholic,Roman Catholic,Christian,Ofsted,London,London,Kensington and Chelsea,Kensington and Bayswater,SW7 4NE,78,NULL,NULL,NULL,NULL,NULL,NULL,NULL,NULL,NULL,NULL,NULL,NULL,NULL,NULL,10341980,Independent School standard inspection,Independent Standard Inspection,25/03/2025,14/05/2025,2,1,1,1,2,Yes,1,NULL,Y,All standards Met,Met,Met,Met,Met,Met,Met,Met,Met,NULL,NULL,NULL,NULL,NULL,NULL,
100518,2076188,Hill House School,Other Independent School,Other independent school,27/03/1958,Does not have a sixth form,None,None,Non-faith,Ofsted,London,London,Kensington and Chelsea,Kensington and Bayswater,SW1X 0EP,465,NULL,NULL,NULL,NULL,NULL,NULL,NULL,NULL,NULL,NULL,NULL,NULL,NULL,NULL,10375099,Independent School standard inspection,Independent Standard Inspection,01/07/2025,18/09/2025,1,1,1,1,1,Yes,1,NULL,Y,All standards Met,Met,Met,Met,Met,Met,Met,Met,Met,NULL,NULL,NULL,NULL,NULL,NULL,
100537,2076348,Ashbourne College,Other Independent School,Other independent school,05/03/1985,Has a sixth form,None,None,Non-faith,Ofsted,London,London,Kensington and Chelsea,Kensington and Bayswater,W8 4PL,243,NULL,NULL,NULL,NULL,NULL,NULL,NULL,NULL,NULL,NULL,NULL,NULL,NULL,NULL,10341981,Independent School standard inspection,Independent Standard Inspection,19/11/2024,30/01/2025,1,1,1,1,1,Yes,NULL,1,Y,All standards Met,Met,Met,Met,Met,Met,Met,Met,Met,NULL,NULL,NULL,NULL,NULL,NULL,
100547,2076391,Lycee Francais Charles de Gaulle,Other Independent School,Other independent school,11/04/1915,Has a sixth form,None,None,Non-faith,Ofsted,London,London,Kensington and Chelsea,Kensington and Bayswater,SW7 2DG,3450,NULL,NULL,NULL,NULL,NULL,NULL,NULL,NULL,NULL,NULL,NULL,NULL,NULL,NULL,10341982,Independent School standard inspection,Independent Standard Inspection,01/10/2024,19/11/2024,2,1,2,2,2,Yes,1,2,Y,All standards Met,Met,Met,Met,Met,Met,Met,Met,Met,NULL,NULL,NULL,NULL,NULL,NULL,
100982,2116383,Madani Secondary Girls' School,Other Independent School,Independent faith school,21/11/1991,Has a sixth form,None,Muslim,Muslim,Ofsted,London,London,Tower Hamlets,Bethnal Green and Stepney,E1 1HL,260,NULL,NULL,NULL,NULL,NULL,NULL,NULL,NULL,NULL,NULL,NULL,NULL,NULL,NULL,10322564,Independent School standard inspection,Independent Standard Inspection,14/01/2025,10/02/2025,2,2,1,1,2,Yes,NULL,2,Y,All standards Met,Met,Met,Met,Met,Met,Met,Met,Met,NULL,NULL,NULL,NULL,NULL,NULL,
101065,2126144,Merlin School,Other Independent School,Other independent school,09/04/1958,Does not have a sixth form,None,None,Non-faith,Ofsted,London,London,Wandsworth,Putney,SW15 2BZ,98,NULL,NULL,NULL,NULL,NULL,NULL,NULL,NULL,NULL,NULL,NULL,NULL,NULL,NULL,10322565,Independent School standard inspection,Independent Standard Inspection,25/06/2024,09/09/2024,1,1,1,1,1,Yes,1,NULL,Y,All standards Met,Met,Met,Met,Met,Met,Met,Met,Met,NULL,NULL,NULL,NULL,NULL,NULL,
101090,2126396,Al Risalah Secondary School,Other Independent School,Independent faith school,11/11/1993,Does not have a sixth form,None,Muslim,Muslim,Ofsted,London,London,Wandsworth,Tooting,SW17 7TJ,185,NULL,NULL,NULL,NULL,NULL,NULL,NULL,NULL,NULL,NULL,NULL,NULL,NULL,NULL,10341983,Independent School standard inspection,Independent Standard Inspection,25/02/2025,29/04/2025,2,2,2,2,2,Yes,2,NULL,N,All standards Met,Met,Met,Met,Met,Met,Met,Met,Met,NULL,NULL,NULL,NULL,NULL,NULL,
101091,2126397,Parkgate House School,Other Independent School,Other independent school,07/11/1994,Does not have a sixth form,None,None,Non-faith,Ofsted,London,London,Wandsworth,Battersea,SW4 9SD,152,NULL,NULL,NULL,NULL,NULL,NULL,NULL,NULL,NULL,NULL,NULL,NULL,NULL,NULL,10341984,Independent School standard inspection,Independent Standard Inspection,03/06/2025,07/09/2025,1,1,1,1,1,Yes,1,NULL,Y,All standards Met,Met,Met,Met,Met,Met,Met,Met,Met,NULL,NULL,NULL,NULL,NULL,NULL,
101385,3026084,Pardes House Grammar School,Other Independent School,Independent faith school,21/05/1976,Does not have a sixth form,None,Jewish,Jewish,Ofsted,London,London,Barnet,Finchley and Golders Green,N3 1SA,285,NULL,NULL,NULL,NULL,NULL,NULL,NULL,NULL,NULL,NULL,NULL,NULL,NULL,NULL,10322566,Independent School standard inspection,Independent Standard Inspection,02/07/2024,25/09/2024,3,3,2,3,3,Yes,NULL,NULL,Y,Did not meet all standards,Not met,Not met,Met,Met,Met,Met,Met,Not met,NULL,NULL,NULL,NULL,NULL,NULL,
101387,3026089,Menorah Grammar School,Other Independent School,Independent faith school,22/09/1978,Has a sixth form,Jewish,Jewish,Jewish,Ofsted,London,London,Barnet,Hendon,HA8 0QS,232,NULL,NULL,NULL,NULL,NULL,NULL,NULL,NULL,NULL,NULL,NULL,NULL,NULL,NULL,10341985,Independent School standard inspection,Independent Standard Inspection,25/03/2025,03/07/2025,3,3,2,3,3,Yes,NULL,3,Y,Did not meet all standards,Not met,Not met,Met,Met,Met,Met,Met,Not met,NULL,NULL,NULL,NULL,NULL,NULL,
101388,3026092,Beth Jacob Grammar School for Girls,Other Independent School,Independent faith school,19/12/1980,Has a sixth form,None,Jewish,Jewish,Ofsted,London,London,Barnet,Hendon,NW4 2AT,337,NULL,NULL,NULL,NULL,NULL,NULL,NULL,NULL,NULL,NULL,NULL,NULL,NULL,NULL,10341986,Independent School standard inspection,Independent Standard Inspection,11/02/2025,29/05/2025,3,2,1,3,3,Yes,NULL,2,Y,Did not meet all standards,Not met,Not met,Met,Met,Met,Met,Met,Not met,NULL,NULL,NULL,NULL,NULL,NULL,
101573,3076007,"Ysgol Gymraeg Llundain, London Welsh School",Other Independent School,Other independent school,03/10/1961,Does not have a sixth form,None,None,Non-faith,Ofsted,London,London,Ealing,Ealing North,W7 1PD,8,NULL,NULL,NULL,NULL,NULL,NULL,NULL,NULL,NULL,NULL,NULL,NULL,NULL,NULL,10254636,Independent School standard inspection,Independent Standard Inspection,24/01/2023,20/03/2023,2,2,2,2,2,Yes,NULL,NULL,Y,All standards Met,Met,Met,Met,Met,Met,Met,Met,Met,NULL,NULL,NULL,NULL,NULL,NULL,
101695,3056077,Darul Uloom London School,Other Independent School,Independent faith school,20/10/1992,Has a sixth form,None,Muslim,Muslim,Ofsted,London,London,Bromley,Eltham and Chislehurst,BR7 6SD,137,NULL,NULL,NULL,NULL,NULL,NULL,NULL,NULL,NULL,NULL,NULL,NULL,NULL,NULL,10342955,Independent School standard inspection,Independent Standard Inspection,04/02/2025,29/04/2025,3,3,2,2,3,Yes,NULL,3,Y,Did not meet all standards,Not met,Met,Met,Met,Met,Met,Met,Not met,10417579,Independent school Progress Monitoring inspection,26/11/2025,2025/26,26/02/2026,Did not meet all standards that were checked,
101843,3066078,Rutherford School,Other Independent Special School,Independent special school,14/06/1971,Not applicable,None,None,Non-faith,Ofsted,London,London,Croydon,Croydon South,CR2 7HZ,32,NULL,NULL,NULL,NULL,NULL,NULL,NULL,NULL,NULL,NULL,NULL,NULL,NULL,NULL,10391699,Independent School standard inspection,Independent Standard Inspection,23/09/2025,13/02/2026,2,2,2,2,2,Yes,NULL,NULL,Y,All standards Met,Met,Met,Met,Met,Met,Met,Met,Met,NULL,NULL,NULL,NULL,NULL,NULL,
101953,3076064,The Sybil Elgar School,Other Independent Special School,Independent special school,18/10/1965,Not applicable,None,None,Non-faith,Ofsted,London,London,Ealing,Ealing Southall,UB2 4NY,87,NULL,NULL,NULL,NULL,NULL,NULL,NULL,NULL,NULL,NULL,NULL,NULL,NULL,NULL,10322567,Independent School standard inspection,Independent Standard Inspection,08/10/2024,19/11/2024,1,1,1,1,1,Yes,NULL,1,Y,All standards Met,Met,Met,Met,Met,Met,Met,Met,Met,NULL,NULL,NULL,NULL,NULL,NULL,
101958,3076070,The Japanese School,Other Independent School,Other independent school,15/11/1976,Does not have a sixth form,None,None,Non-faith,Ofsted,London,London,Ealing,Ealing Central and Acton,W3 9PU,275,NULL,NULL,NULL,NULL,NULL,NULL,NULL,NULL,NULL,NULL,NULL,NULL,NULL,NULL,10341987,Independent School standard inspection,Independent Standard Inspection,29/04/2025,12/06/2025,2,1,1,1,2,Yes,NULL,NULL,Y,All standards Met,Met,Met,Met,Met,Met,Met,Met,Met,NULL,NULL,NULL,NULL,NULL,NULL,
101959,3096081,Greek Secondary School of London,Other Independent School,Other independent school,06/12/1983,Has a sixth form,None,None,Non-faith,Ofsted,London,London,Haringey,Southgate and Wood Green,N22 8LB,21,NULL,NULL,NULL,NULL,NULL,NULL,NULL,NULL,NULL,NULL,NULL,NULL,NULL,NULL,10391700,Independent School standard inspection,Independent Standard Inspection,16/09/2025,20/10/2025,2,2,2,2,2,Yes,NULL,2,Y,All standards Met,Met,Met,Met,Met,Met,Met,Met,Met,NULL,NULL,NULL,NULL,NULL,NULL,
101964,3136013,The Eden School,Other Independent School,Independent faith school,26/09/1995,Has a sixth form,None,Seventh Day Adventist,Christian,Ofsted,London,London,Hounslow,Hayes and Harlington,UB7 0AQ,36,NULL,NULL,NULL,NULL,NULL,NULL,NULL,NULL,NULL,NULL,NULL,NULL,NULL,NULL,10341989,Independent School standard inspection,Independent Standard Inspection,25/02/2025,28/04/2025,2,2,2,2,2,Yes,2,NULL,Y,All standards Met,Met,Met,Met,Met,Met,Met,Met,Met,NULL,NULL,NULL,NULL,NULL,NULL,
102171,2046399,Beis Chinuch Lebonos Girls School,Other Independent School,Independent faith school,08/08/1991,Does not have a sixth form,Orthodox Jewish,Orthodox Jewish,Jewish,Ofsted,London,London,Hackney,Tottenham,N4 2SH,790,NULL,NULL,NULL,NULL,NULL,NULL,NULL,NULL,NULL,NULL,NULL,NULL,NULL,NULL,10322569,Independent School standard inspection,Independent Standard Inspection,25/03/2025,19/05/2025,3,2,2,3,3,Yes,3,NULL,Y,Did not meet all standards,Not met,Not met,Met,Met,Met,Met,Met,Not met,NULL,NULL,NULL,NULL,NULL,NULL,
102550,3136063,International School of London,Other Independent School,Other independent school,26/10/1987,Has a sixth form,None,None,Non-faith,Ofsted,London,London,Hounslow,Hammersmith and Chiswick,W3 8LG,397,NULL,NULL,NULL,NULL,NULL,NULL,NULL,NULL,NULL,NULL,NULL,NULL,NULL,NULL,10286375,Independent School standard inspection,Independent Standard Inspection,22/11/2023,04/02/2024,2,2,2,2,2,Yes,2,2,Y,All standards Met,Met,Met,Met,Met,Met,Met,Met,Met,NULL,NULL,NULL,NULL,NULL,NULL,
102693,3156072,Norwegian School in London,Other Independent School,Other independent school,13/09/1982,Does not have a sixth form,None,None,Non-faith,Ofsted,London,London,Merton,Wimbledon,SW20 8AH,43,NULL,NULL,NULL,NULL,NULL,NULL,NULL,NULL,NULL,NULL,NULL,NULL,NULL,NULL,10391701,Independent School standard inspection,Independent Standard Inspection,16/09/2025,20/10/2025,1,1,1,1,1,Yes,NULL,NULL,Y,All standards Met,Met,Met,Met,Met,Met,Met,Met,Met,NULL,NULL,NULL,NULL,NULL,NULL,
102694,3156076,Blossom House School,Other Independent Special School,Independent special school,03/10/1994,Not applicable,None,None,Non-faith,Ofsted,London,London,Merton,Wimbledon,KT3 6JJ,316,NULL,NULL,NULL,NULL,NULL,NULL,NULL,NULL,NULL,NULL,NULL,NULL,NULL,NULL,10286376,Independent School standard inspection,Independent Standard Inspection,07/11/2023,20/12/2023,1,1,1,1,1,Yes,1,1,Y,All standards Met,Met,Met,Met,Met,Met,Met,Met,Met,NULL,NULL,NULL,NULL,NULL,NULL,
102939,3186055,Jack and Jill School,Other Independent School,Independent faith school,03/09/1959,Does not have a sixth form,None,Christian,Christian,Ofsted,London,London,Richmond upon Thames,Twickenham,TW12 3HX,178,NULL,NULL,NULL,NULL,NULL,NULL,NULL,NULL,NULL,NULL,NULL,NULL,NULL,NULL,10322570,Independent School standard inspection,Independent Standard Inspection,15/10/2024,17/12/2024,1,1,1,1,1,Yes,1,NULL,Y,All standards Met,Met,Met,Met,Met,Met,Met,Met,Met,NULL,NULL,NULL,NULL,NULL,NULL,
102945,3186070,The German School,Other Independent School,Other independent school,09/09/1971,Has a sixth form,None,None,Non-faith,Ofsted,London,London,Richmond upon Thames,Richmond Park,TW10 7AH,899,NULL,NULL,NULL,NULL,NULL,NULL,NULL,NULL,NULL,NULL,NULL,NULL,NULL,NULL,10391702,Independent School standard inspection,Independent Standard Inspection,01/07/2025,07/09/2025,1,1,1,1,1,Yes,1,1,Y,All standards Met,Met,Met,Met,Met,Met,Met,Met,Met,NULL,NULL,NULL,NULL,NULL,NULL,
102948,3186076,The Swedish School,Other Independent School,Other independent school,14/02/1986,Has a sixth form,None,None,Non-faith,Ofsted,London,London,Richmond upon Thames,Richmond Park,SW13 9JS,207,NULL,NULL,NULL,NULL,NULL,NULL,NULL,NULL,NULL,NULL,NULL,NULL,NULL,NULL,10267589,Independent School standard inspection,Independent Standard Inspection,06/06/2023,10/07/2023,1,1,1,1,1,Yes,1,1,Y,All standards Met,Met,Met,Met,Met,Met,Met,Met,Met,NULL,NULL,NULL,NULL,NULL,NULL,
102950,3186078,The Harrodian School,Other Independent School,Other independent school,14/10/1993,Has a sixth form,None,None,Non-faith,Ofsted,London,London,Richmond upon Thames,Richmond Park,SW13 9QN,1044,NULL,NULL,NULL,NULL,NULL,NULL,NULL,NULL,NULL,NULL,NULL,NULL,NULL,NULL,10375100,Independent School standard inspection,Independent Standard Inspection,07/05/2025,26/06/2025,2,2,1,1,2,Yes,2,1,Y,All standards Met,Met,Met,Met,Met,Met,Met,Met,Met,NULL,NULL,NULL,NULL,NULL,NULL,
103111,3096005,Hyland House School,Other Independent School,Independent faith school,03/12/1957,Does not have a sixth form,Seventh Day Adventist,Seventh Day Adventist,Christian,Ofsted,London,London,Haringey,Tottenham,N17 9AB,56,NULL,NULL,NULL,NULL,NULL,NULL,NULL,NULL,NULL,NULL,NULL,NULL,NULL,NULL,10360884,Independent School standard inspection,Independent Standard Inspection,21/01/2025,11/03/2025,2,2,2,2,2,Yes,1,NULL,Y,All standards Met,Met,Met,Met,Met,Met,Met,Met,Met,NULL,NULL,NULL,NULL,NULL,NULL,
103588,3306080,Red Boots School (National Institute of Conductive Education),Other Independent Special School,Independent special school,26/09/1988,Not applicable,None,None,Non-faith,Ofsted,West Midlands,West Midlands,Birmingham,Birmingham Hall Green and Moseley,B13 8RD,20,NULL,NULL,NULL,NULL,NULL,NULL,NULL,NULL,NULL,NULL,NULL,NULL,NULL,NULL,10267591,Independent School standard inspection,Independent Standard Inspection,13/06/2023,02/08/2023,1,1,1,1,1,Yes,1,NULL,Y,All standards Met,Met,Met,Met,Met,Met,Met,Met,Met,NULL,NULL,NULL,NULL,NULL,NULL,
103876,3326000,Elmfield Rudolf Steiner School Limited,Other Independent School,Other independent school,16/10/1957,Has a sixth form,None,None,Non-faith,Ofsted,West Midlands,West Midlands,Dudley,Stourbridge,DY8 2EA,194,NULL,NULL,NULL,NULL,NULL,NULL,NULL,NULL,NULL,NULL,NULL,NULL,NULL,NULL,10267592,Independent School standard inspection,Education and boarding aligned inspection,16/05/2023,02/07/2023,2,2,2,2,2,Yes,2,NULL,Y,All standards Met,Met,Met,Met,Met,Met,Met,Met,Met,NULL,NULL,NULL,NULL,NULL,NULL,
104128,3346009,Kingswood School,Other Independent School,Other independent school,18/02/1991,Does not have a sixth form,None,None,Non-faith,Ofsted,West Midlands,West Midlands,Solihull,Solihull West and Shirley,B90 2BA,55,NULL,NULL,NULL,NULL,NULL,NULL,NULL,NULL,NULL,NULL,NULL,NULL,NULL,NULL,10341990,Independent School standard inspection,Independent Standard Inspection,28/01/2025,13/03/2025,2,2,2,2,2,Yes,2,NULL,Y,All standards Met,Met,Met,Met,Met,Met,Met,Met,Met,NULL,NULL,NULL,NULL,NULL,NULL,
104839,3426004,Progress Arc  Billinge School,Other Independent Special School,Independent special school,18/02/1983,Has a sixth form,None,None,Non-faith,Ofsted,North West,North West,St Helens,St Helens North,WN5 7TT,45,NULL,NULL,NULL,NULL,NULL,NULL,NULL,NULL,NULL,NULL,NULL,NULL,NULL,NULL,10375125,Independent School standard inspection,Independent Standard Inspection,13/05/2025,24/06/2025,2,2,2,2,2,Yes,NULL,2,Y,All standards Met,Met,Met,Met,Met,Met,Met,Met,Met,NULL,NULL,NULL,NULL,NULL,NULL,
105269,3506000,Lord's School,Other Independent School,Other independent school,23/10/1957,Has a sixth form,None,None,Non-faith,Ofsted,North West,North West,Bolton,Bolton South and Walkden,BL3 2EF,36,NULL,NULL,NULL,NULL,NULL,NULL,NULL,NULL,NULL,NULL,NULL,NULL,NULL,NULL,10322488,Independent School standard inspection,Independent Standard Inspection,11/06/2024,05/12/2024,4,3,2,4,4,Yes,NULL,NULL,Y,Did not meet all standards,Not met,Not met,Met,Met,Met,Not met,Met,Not met,10414367,Independent school Progress Monitoring inspection,15/10/2025,2025/26,04/12/2025,Did not meet all standards that were checked,
105372,3516007,Darul Uloom Al Arabiya Al Islamiya,Other Independent School,Independent faith school,16/10/1979,Has a sixth form,Islam,Muslim,Muslim,Ofsted,North West,North West,Bury,Bury North,BL8 4NG,398,NULL,NULL,NULL,NULL,NULL,NULL,NULL,NULL,NULL,NULL,NULL,NULL,NULL,NULL,10375126,Independent School standard inspection,Independent Standard Inspection,01/07/2025,24/09/2025,2,2,2,2,2,Yes,NULL,2,Y,All standards Met,Met,Met,Met,Met,Met,Met,Met,Met,NULL,NULL,NULL,NULL,NULL,NULL,
105596,3556045,King of Kings,Other Independent School,Independent faith school,01/10/1986,Has a sixth form,Christian,Christian,Christian,Ofsted,North West,North West,Salford,Salford,M6 5YD,27,10391703,Independent School standard inspection,Independent standard inspection,10/02/2026,20/04/2026,Met,Expected standard,Expected standard,Expected standard,Expected standard,Expected standard,Expected standard,Expected standard,Expected standard,10267593,Independent School standard inspection,Independent Standard Inspection,07/11/2023,11/10/2024,3,3,2,3,3,Yes,3,NULL,Y,All standards Met,Met,Met,Met,Met,Met,Met,Met,Met,NULL,NULL,NULL,NULL,NULL,NULL,
105748,3536015,Bright Futures School,Other Independent Special School,Independent special school,01/03/2011,Not applicable,None,None,Non-faith,Ofsted,North West,North West,Oldham,Oldham East and Saddleworth,OL3 7EU,15,NULL,NULL,NULL,NULL,NULL,NULL,NULL,NULL,NULL,NULL,NULL,NULL,NULL,NULL,10267594,Independent School standard inspection,Independent Standard Inspection,16/05/2023,29/06/2023,2,2,2,2,2,Yes,NULL,NULL,Y,All standards Met,Met,Met,Met,Met,Met,Met,Met,Met,NULL,NULL,NULL,NULL,NULL,NULL,
105993,3556007,Talmud Torah Chinuch Norim School,Other Independent School,Independent faith school,28/10/1957,Does not have a sixth form,None,Jewish,Jewish,Ofsted,North West,North West,Salford,Bury South,M7 2AU,352,NULL,NULL,NULL,NULL,NULL,NULL,NULL,NULL,NULL,NULL,NULL,NULL,NULL,NULL,10341991,Independent School standard inspection,Independent Standard Inspection,19/11/2024,12/02/2025,3,3,2,3,3,Yes,3,NULL,Y,Did not meet all standards,Not met,Not met,Met,Met,Met,Met,Met,Not met,10429748,Independent school Progress Monitoring inspection,13/01/2026,2025/26,11/03/2026,Did not meet all standards that were checked,
105996,3556011,Bnos Yisroel School Manchester,Other Independent School,Independent faith school,15/02/1968,Does not have a sixth form,None,Jewish,Jewish,Ofsted,North West,North West,Salford,Bury South,M7 4DA,649,NULL,NULL,NULL,NULL,NULL,NULL,NULL,NULL,NULL,NULL,NULL,NULL,NULL,NULL,10322489,Independent School standard inspection,Independent Standard Inspection,02/07/2024,26/09/2024,3,2,1,2,3,Yes,2,NULL,Y,Did not meet all standards,Not met,Not met,Met,Met,Met,Met,Met,Not met,NULL,NULL,NULL,NULL,NULL,NULL,
105999,3556020,Mechinoh School,Other Independent School,Independent faith school,11/01/1985,Does not have a sixth form,None,Jewish,Jewish,Ofsted,North West,North West,Salford,Bury South,M7 4HY,76,NULL,NULL,NULL,NULL,NULL,NULL,NULL,NULL,NULL,NULL,NULL,NULL,NULL,NULL,10299152,Independent School standard inspection,Independent Standard Inspection,25/06/2024,11/10/2024,4,4,4,4,4,No,NULL,NULL,N,Did not meet all standards,Not met,Not met,Not met,Not met,Not met,Not met,Met,Not met,NULL,NULL,NULL,NULL,NULL,NULL,
106002,3556024,Tashbar of Manchester,Other Independent School,Independent faith school,19/07/1993,Does not have a sixth form,Orthodox Jewish,Orthodox Jewish,Jewish,Ofsted,North West,North West,Salford,Bury South,M7 4HL,479,10427334,Independent School standard inspection,Independent standard inspection,24/02/2026,27/04/2026,Met,Expected standard,Expected standard,Expected standard,Expected standard,Expected standard,Expected standard,Not applicable,Expected standard,10299153,Independent School standard inspection,Independent Standard Inspection,12/03/2024,04/06/2024,3,3,3,3,3,Yes,2,NULL,Y,All standards Met,Met,Met,Met,Met,Met,Met,Met,Met,NULL,NULL,NULL,NULL,NULL,NULL,
106003,3556027,Manchester Junior Girls' School,Other Independent School,Independent faith school,18/11/1994,Does not have a sixth form,Orthodox Jewish,Jewish,Jewish,Ofsted,North West,North West,Salford,Bury South,M7 4JA,236,NULL,NULL,NULL,NULL,NULL,NULL,NULL,NULL,NULL,NULL,NULL,NULL,NULL,NULL,10286377,Independent School standard inspection,Independent Standard Inspection,24/10/2023,06/12/2023,2,2,2,2,2,Yes,2,NULL,Y,All standards Met,Met,Met,Met,Met,Met,Met,Met,Met,NULL,NULL,NULL,NULL,NULL,NULL,
106154,3566016,Stella Maris School,Other Independent School,Independent faith school,12/10/1976,Does not have a sixth form,None,Roman Catholic,Christian,Ofsted,North West,North West,Stockport,Stockport,SK4 3BR,34,NULL,NULL,NULL,NULL,NULL,NULL,NULL,NULL,NULL,NULL,NULL,NULL,NULL,NULL,10341993,Independent School standard inspection,Independent Standard Inspection,01/10/2024,10/11/2024,2,2,2,2,2,Yes,2,NULL,Y,All standards Met,Met,Met,Met,Met,Met,Met,Met,Met,NULL,NULL,NULL,NULL,NULL,NULL,
106158,3566021,Covenant Christian School,Other Independent School,Independent faith school,29/09/1982,Does not have a sixth form,Christian/Evangelical,Christian,Christian,Ofsted,North West,North West,Stockport,Stockport,SK4 4NX,35,NULL,NULL,NULL,NULL,NULL,NULL,NULL,NULL,NULL,NULL,NULL,NULL,NULL,NULL,10298730,Independent School standard inspection,Independent Standard Inspection,23/01/2024,12/03/2024,2,2,2,2,2,Yes,NULL,NULL,Y,All standards Met,Met,Met,Met,Met,Met,Met,Met,Met,NULL,NULL,NULL,NULL,NULL,NULL,
106816,3716010,Sycamore Hall Preparatory School,Other Independent School,Other independent school,17/07/1980,Does not have a sixth form,None,None,Non-faith,Ofsted,"North East, Yorkshire and the Humber",Yorkshire and the Humber,Doncaster,Doncaster Central,DN4 8PT,17,NULL,NULL,NULL,NULL,NULL,NULL,NULL,NULL,NULL,NULL,NULL,NULL,NULL,NULL,10321493,Independent School standard inspection,Independent Standard Inspection,12/11/2024,12/01/2025,2,2,2,2,2,Yes,NULL,NULL,Y,All standards Met,Met,Met,Met,Met,Met,Met,Met,Met,NULL,NULL,NULL,NULL,NULL,NULL,
106965,3706004,The Robert Ogden School,Other Independent Special School,Independent special school,08/06/1978,Has a sixth form,None,None,Non-faith,Ofsted,"North East, Yorkshire and the Humber",Yorkshire and the Humber,Barnsley,Barnsley South,S63 0BG,141,NULL,NULL,NULL,NULL,NULL,NULL,NULL,NULL,NULL,NULL,NULL,NULL,NULL,NULL,10391704,Independent School standard inspection,Independent Standard Inspection,23/09/2025,09/11/2025,2,2,2,2,2,Yes,NULL,2,Y,All standards Met,Met,Met,Met,Met,Met,Met,Met,Met,NULL,NULL,NULL,NULL,NULL,NULL,
107168,3736027,Bethany School,Other Independent School,Independent faith school,01/05/1988,Does not have a sixth form,Christian,Christian,Christian,Ofsted,"North East, Yorkshire and the Humber",Yorkshire and the Humber,Sheffield,Sheffield Central,S3 7PS,86,NULL,NULL,NULL,NULL,NULL,NULL,NULL,NULL,NULL,NULL,NULL,NULL,NULL,NULL,10254637,Independent School standard inspection,Independent Standard Inspection,07/03/2023,04/05/2023,2,2,2,2,2,Yes,NULL,NULL,Y,All standards Met,Met,Met,Met,Met,Met,Met,Met,Met,NULL,NULL,NULL,NULL,NULL,NULL,
107794,3826017,Madni Academy,Other Independent School,Independent faith school,01/06/1987,Does not have a sixth form,None,Muslim,Muslim,Ofsted,"North East, Yorkshire and the Humber",Yorkshire and the Humber,Kirklees,Dewsbury and Batley,WF12 9AY,225,NULL,NULL,NULL,NULL,NULL,NULL,NULL,NULL,NULL,NULL,NULL,NULL,NULL,NULL,10286378,Independent School standard inspection,Independent Standard Inspection,14/11/2023,21/01/2024,2,2,1,1,1,Yes,1,NULL,Y,All standards Met,Met,Met,Met,Met,Met,Met,Met,Met,NULL,NULL,NULL,NULL,NULL,NULL,
107795,3826018,The Branch Christian School,Other Independent School,Independent faith school,06/12/1994,Has a sixth form,Christian,Christian,Christian,Ofsted,"North East, Yorkshire and the Humber",Yorkshire and the Humber,Kirklees,Dewsbury and Batley,WF13 4LA,19,NULL,NULL,NULL,NULL,NULL,NULL,NULL,NULL,NULL,NULL,NULL,NULL,NULL,NULL,10267596,Independent School standard inspection,Independent Standard Inspection,11/07/2023,25/09/2023,2,2,2,2,2,Yes,NULL,NULL,Y,All standards Met,Met,Met,Met,Met,Met,Met,Met,Met,NULL,NULL,NULL,NULL,NULL,NULL,
108109,3836098,Queenswood School,Other Independent School,Independent faith school,14/01/1958,Does not have a sixth form,None,Christian,Christian,Ofsted,"North East, Yorkshire and the Humber",Yorkshire and the Humber,Leeds,Leeds South West and Morley,LS27 9EB,23,NULL,NULL,NULL,NULL,NULL,NULL,NULL,NULL,NULL,NULL,NULL,NULL,NULL,NULL,10286379,Independent School standard inspection,Independent Standard Inspection,10/10/2023,08/11/2023,2,2,1,1,2,Yes,NULL,NULL,Y,All standards Met,Met,Met,Met,Met,Met,Met,Met,Met,NULL,NULL,NULL,NULL,NULL,NULL,
108110,3836099,Leeds Menorah School,Other Independent School,Independent faith school,22/08/1978,Does not have a sixth form,None,Jewish,Jewish,Ofsted,"North East, Yorkshire and the Humber",Yorkshire and the Humber,Leeds,Leeds North East,LS17 6HQ,15,NULL,NULL,NULL,NULL,NULL,NULL,NULL,NULL,NULL,NULL,NULL,NULL,NULL,NULL,10321494,Independent School standard inspection,Independent Standard Inspection,09/07/2024,18/09/2024,2,2,2,2,2,Yes,2,NULL,Y,All standards Met,Met,Met,Met,Met,Met,Met,Met,Met,NULL,NULL,NULL,NULL,NULL,NULL,
108414,3906002,Gateshead Jewish Boarding School,Other Independent School,Independent faith school,31/12/1957,Does not have a sixth form,None,Jewish,Jewish,Ofsted,"North East, Yorkshire and the Humber",North East,Gateshead,Gateshead Central and Whickham,NE8 1HG,141,NULL,NULL,NULL,NULL,NULL,NULL,NULL,NULL,NULL,NULL,NULL,NULL,NULL,NULL,10391705,Independent School standard inspection,Independent Standard Inspection,16/09/2025,10/11/2025,3,2,2,3,3,Yes,NULL,NULL,Y,Did not meet all standards,Not met,Not met,Met,Met,Met,Met,Met,Not met,NULL,NULL,NULL,NULL,NULL,NULL,
108416,3906004,Keser Torah Boys' School,Other Independent School,Other independent school,12/03/1958,Does not have a sixth form,None,None,Non-faith,Ofsted,"North East, Yorkshire and the Humber",North East,Gateshead,Gateshead Central and Whickham,NE8 4EA,147,NULL,NULL,NULL,NULL,NULL,NULL,NULL,NULL,NULL,NULL,NULL,NULL,NULL,NULL,10286382,Independent School standard inspection,Independent Standard Inspection,18/03/2025,24/09/2025,3,2,2,3,3,Yes,NULL,NULL,N,Did not meet all standards,Not met,Not met,Met,Met,Met,Met,Met,Not met,NULL,NULL,NULL,NULL,NULL,NULL,
108419,3906007,Gateshead Jewish Nursery School,Other Independent School,Independent faith school,17/04/1990,Does not have a sixth form,None,Jewish,Jewish,Ofsted,"North East, Yorkshire and the Humber",North East,Gateshead,Gateshead Central and Whickham,NE8 1RB,156,NULL,NULL,NULL,NULL,NULL,NULL,NULL,NULL,NULL,NULL,NULL,NULL,NULL,NULL,10374851,Independent School standard inspection,Independent Standard Inspection,16/09/2025,12/11/2025,3,3,2,2,3,Yes,NULL,NULL,N,Did not meet all standards,Not met,Met,Not met,Met,Met,Met,Met,Not met,10438685,Independent school Progress Monitoring inspection,05/02/2026,2025/26,20/04/2026,Met all standards that were checked,
108877,3946015,Thornhill Park School,Other Independent Special School,Independent special school,12/02/1981,Not applicable,None,None,Non-faith,Ofsted,"North East, Yorkshire and the Humber",North East,Sunderland,Sunderland Central,SR3 1SS,73,NULL,NULL,NULL,NULL,NULL,NULL,NULL,NULL,NULL,NULL,NULL,NULL,NULL,NULL,10267597,Independent School standard inspection,Independent Standard Inspection,20/06/2023,30/07/2023,2,2,1,2,2,Yes,NULL,2,Y,All standards Met,Met,Met,Met,Met,Met,Met,Met,Met,NULL,NULL,NULL,NULL,NULL,NULL,
108886,8736051,Holme Court School,Other Independent Special School,Independent special school,01/01/2005,Not applicable,None,None,Non-faith,Ofsted,East of England,East of England,Cambridgeshire,South Cambridgeshire,CB1 8DW,49,NULL,NULL,NULL,NULL,NULL,NULL,NULL,NULL,NULL,NULL,NULL,NULL,NULL,NULL,10391706,Independent School standard inspection,Independent Standard Inspection,01/07/2025,18/09/2025,2,2,2,2,2,Yes,NULL,NULL,Y,All standards Met,Met,Met,Met,Met,Met,Met,Met,Met,NULL,NULL,NULL,NULL,NULL,NULL,
109726,8216000,King's House Moorlands,Other Independent School,Other independent school,01/01/1900,Does not have a sixth form,None,None,Non-faith,Ofsted,East of England,East of England,Luton,Luton North,LU4 9JY,178,NULL,NULL,NULL,NULL,NULL,NULL,NULL,NULL,NULL,NULL,NULL,NULL,NULL,NULL,10341994,Independent School standard inspection,Independent Standard Inspection,01/10/2024,20/11/2024,2,2,1,1,2,Yes,NULL,NULL,Y,All standards Met,Met,Met,Met,Met,Met,Met,Met,Met,NULL,NULL,NULL,NULL,NULL,NULL,
110141,8676004,Newbold School,Other Independent School,Independent faith school,03/12/1957,Does not have a sixth form,None,Seventh Day Adventist,Christian,Ofsted,South East,South East,Bracknell Forest,Maidenhead,RG42 4AH,65,NULL,NULL,NULL,NULL,NULL,NULL,NULL,NULL,NULL,NULL,NULL,NULL,NULL,NULL,10267600,Independent School standard inspection,Independent Standard Inspection,14/11/2023,15/01/2024,1,1,1,1,1,Yes,1,NULL,Y,All standards Met,Met,Met,Met,Met,Met,Met,Met,Met,NULL,NULL,NULL,NULL,NULL,NULL,
110178,8676580,Cressex Lodge School,Other Independent Special School,Independent special school,09/05/1994,Not applicable,None,None,Non-faith,Ofsted,South East,South East,Bracknell Forest,Maidenhead,RG42 4DE,12,NULL,NULL,NULL,NULL,NULL,NULL,NULL,NULL,NULL,NULL,NULL,NULL,NULL,NULL,10341995,Independent School standard inspection,Independent Standard Inspection,03/12/2024,16/01/2025,1,1,1,1,1,Yes,NULL,NULL,Y,All standards Met,Met,Met,Met,Met,Met,Met,Met,Met,NULL,NULL,NULL,NULL,NULL,NULL,
110564,8256011,Macintyre School,Other Independent Special School,Independent special school,13/12/1972,Has a sixth form,None,None,Non-faith,Ofsted,South East,South East,Buckinghamshire,Aylesbury,HP22 4PA,26,NULL,NULL,NULL,NULL,NULL,NULL,NULL,NULL,NULL,NULL,NULL,NULL,NULL,NULL,10299154,Independent School standard inspection,Independent Standard Inspection,06/02/2024,07/03/2024,2,2,2,1,2,Yes,NULL,2,Y,All standards Met,Met,Met,Met,Met,Met,Met,Met,Met,NULL,NULL,NULL,NULL,NULL,NULL,
110920,8736008,Aurora Meldreth Manor School,Other Independent Special School,Independent special school,15/06/1971,Not applicable,None,None,Non-faith,Ofsted,East of England,East of England,Cambridgeshire,South Cambridgeshire,SG8 6LG,47,NULL,NULL,NULL,NULL,NULL,NULL,NULL,NULL,NULL,NULL,NULL,NULL,NULL,NULL,10341996,Independent School standard inspection,Independent Standard Inspection,08/10/2024,20/11/2024,3,3,2,2,2,Yes,NULL,3,Y,All standards Met,Met,Met,Met,Met,Met,Met,Met,Met,NULL,NULL,NULL,NULL,NULL,NULL,
112452,9436027,Oversands School,Other Independent Special School,Independent special school,31/01/1973,Has a sixth form,None,None,Non-faith,Ofsted,North West,North West,Westmorland and Furness,Westmorland and Lonsdale,LA11 6SD,77,NULL,NULL,NULL,NULL,NULL,NULL,NULL,NULL,NULL,NULL,NULL,NULL,NULL,NULL,10391707,Independent School standard inspection,Independent Standard Inspection,22/07/2025,28/09/2025,2,2,2,2,2,Yes,NULL,NULL,Y,All standards Met,Met,Met,Met,Met,Met,Met,Met,Met,NULL,NULL,NULL,NULL,NULL,NULL,
112456,8156041,Cedar House School,Other Independent Special School,Independent special school,01/10/1976,Not applicable,None,None,Non-faith,Ofsted,"North East, Yorkshire and the Humber",Yorkshire and the Humber,North Yorkshire,Skipton and Ripon,LA2 7DD,92,NULL,NULL,NULL,NULL,NULL,NULL,NULL,NULL,NULL,NULL,NULL,NULL,NULL,NULL,10382585,Independent School standard inspection,Independent Standard Inspection,11/02/2025,23/03/2025,2,2,2,2,2,Yes,NULL,NULL,Y,All standards Met,Met,Met,Met,Met,Met,Met,Met,Met,NULL,NULL,NULL,NULL,NULL,NULL,
113019,8306009,Bladon House School,Other Independent Special School,Independent special school,01/05/1971,Has a sixth form,None,None,Non-faith,Ofsted,East Midlands,East Midlands,Derbyshire,South Derbyshire,DE15 0TA,58,NULL,NULL,NULL,NULL,NULL,NULL,NULL,NULL,NULL,NULL,NULL,NULL,NULL,NULL,10286128,Independent School standard inspection,Independent Standard Inspection,11/07/2023,18/09/2023,2,2,1,1,2,Yes,NULL,2,Y,All standards Met,Met,Met,Met,Met,Met,Met,Met,Met,NULL,NULL,NULL,NULL,NULL,NULL,
113021,8306016,Alderwasley Hall School,Other Independent Special School,Independent special school,31/01/1976,Not applicable,None,None,Non-faith,Ofsted,East Midlands,East Midlands,Derbyshire,Derbyshire Dales,DE56 2SR,118,NULL,NULL,NULL,NULL,NULL,NULL,NULL,NULL,NULL,NULL,NULL,NULL,NULL,NULL,10374813,Independent School standard inspection,Independent Standard Inspection,08/07/2025,10/09/2025,1,1,1,1,1,Yes,NULL,1,Y,All standards Met,Met,Met,Met,Met,Met,Met,Met,Met,NULL,NULL,NULL,NULL,NULL,NULL,
113026,8306013,Eastwood Grange School,Other Independent Special School,Independent special school,10/12/1990,Not applicable,None,None,Non-faith,Ofsted,East Midlands,East Midlands,Derbyshire,North East Derbyshire,S45 0BA,51,NULL,NULL,NULL,NULL,NULL,NULL,NULL,NULL,NULL,NULL,NULL,NULL,NULL,NULL,10299156,Independent School standard inspection,Independent Standard Inspection,02/07/2024,10/09/2024,2,2,1,2,2,Yes,NULL,NULL,Y,All standards Met,Met,Met,Met,Met,Met,Met,Met,Met,NULL,NULL,NULL,NULL,NULL,NULL,
113567,8786004,St Wilfrid's School,Other Independent School,Independent faith school,01/01/1960,Does not have a sixth form,None,Church of England,Christian,Ofsted,South West,South West,Devon,Exeter,EX4 4DA,41,NULL,NULL,NULL,NULL,NULL,NULL,NULL,NULL,NULL,NULL,NULL,NULL,NULL,NULL,10341997,Independent School standard inspection,Independent Standard Inspection,01/10/2024,10/11/2024,2,2,1,2,2,Yes,NULL,NULL,Y,All standards Met,Met,Met,Met,Met,Met,Met,Met,Met,NULL,NULL,NULL,NULL,NULL,NULL,
113571,8786007,Vranch House School,Other Independent Special School,Independent special school,01/08/1969,Not applicable,None,Christian,Christian,Ofsted,South West,South West,Devon,Exeter,EX4 8AD,59,NULL,NULL,NULL,NULL,NULL,NULL,NULL,NULL,NULL,NULL,NULL,NULL,NULL,NULL,10391708,Independent School standard inspection,Independent Standard Inspection,01/07/2025,08/09/2025,1,1,1,1,1,Yes,1,NULL,Y,All standards Met,Met,Met,Met,Met,Met,Met,Met,Met,NULL,NULL,NULL,NULL,NULL,NULL,
113594,8796001,Fletewood School at Derry Villas,Other Independent School,Independent faith school,03/12/1957,Does not have a sixth form,Seventh Day Adventist,Seventh Day Adventist,Christian,Ofsted,South West,South West,Plymouth,Plymouth Sutton and Devonport,PL4 6AN,53,NULL,NULL,NULL,NULL,NULL,NULL,NULL,NULL,NULL,NULL,NULL,NULL,NULL,NULL,10299157,Independent School standard inspection,Independent Standard Inspection,12/03/2024,28/04/2024,2,2,2,1,2,Yes,2,NULL,Y,All standards Met,Met,Met,Met,Met,Met,Met,Met,Met,NULL,NULL,NULL,NULL,NULL,NULL,
113616,8786039,Quay View School,Other Independent Special School,Independent special school,24/02/1986,Not applicable,None,None,Non-faith,Ofsted,South West,South West,Devon,Torridge and Tavistock,PL20 7EX,34,NULL,NULL,NULL,NULL,NULL,NULL,NULL,NULL,NULL,NULL,NULL,NULL,NULL,NULL,10302357,Independent School standard inspection,Independent Standard Inspection,19/03/2024,06/05/2024,2,2,2,1,2,Yes,NULL,2,Y,All standards Met,Met,Met,Met,Met,Met,Met,Met,Met,NULL,NULL,NULL,NULL,NULL,NULL,
113623,8786045,Magdalen Court School,Other Independent Special School,Independent special school,11/10/1991,Has a sixth form,None,None,Non-faith,Ofsted,South West,South West,Devon,Exeter,EX2 4NU,120,NULL,NULL,NULL,NULL,NULL,NULL,NULL,NULL,NULL,NULL,NULL,NULL,NULL,NULL,10341998,Independent School standard inspection,Independent Standard Inspection,08/10/2024,18/11/2024,3,3,3,2,3,Yes,NULL,NULL,Y,All standards Met,Met,Met,Met,Met,Met,Met,Met,Met,NULL,NULL,NULL,NULL,NULL,NULL,
113943,8386022,Ringwood Waldorf School,Other Independent School,Other independent school,10/01/1975,Has a sixth form,None,None,Non-faith,Ofsted,South West,South West,Dorset,Christchurch,BH24 2NN,256,NULL,NULL,NULL,NULL,NULL,NULL,NULL,NULL,NULL,NULL,NULL,NULL,NULL,NULL,10374874,Independent School standard inspection,Independent Standard Inspection,13/05/2025,23/06/2025,2,2,1,2,2,Yes,2,2,Y,All standards Met,Met,Met,Met,Met,Met,Met,Met,Met,NULL,NULL,NULL,NULL,NULL,NULL,
113952,8386004,Sheiling School,Other Independent Special School,Independent special school,18/02/1958,Has a sixth form,None,None,Non-faith,Ofsted,South West,South West,Dorset,Christchurch,BH24 2EB,34,NULL,NULL,NULL,NULL,NULL,NULL,NULL,NULL,NULL,NULL,NULL,NULL,NULL,NULL,10341999,Independent School standard inspection,Independent Standard Inspection,12/11/2024,11/12/2024,2,2,1,1,2,Yes,NULL,2,Y,All standards Met,Met,Met,Met,Met,Met,Met,Met,Met,NULL,NULL,NULL,NULL,NULL,NULL,
114625,8456037,Michael Hall School,Other Independent School,Other independent school,01/01/1950,Has a sixth form,None,None,Non-faith,Ofsted,South East,South East,East Sussex,East Grinstead and Uckfield,RH18 5JA,439,NULL,NULL,NULL,NULL,NULL,NULL,NULL,NULL,NULL,NULL,NULL,NULL,NULL,NULL,10322061,Independent School standard inspection,Independent Standard Inspection,24/09/2024,17/10/2024,2,2,2,2,2,Yes,2,2,Y,All standards Met,Met,Met,Met,Met,Met,Met,Met,Met,NULL,NULL,NULL,NULL,NULL,NULL,
114646,8456003,Darvell School,Other Independent School,Independent faith school,09/09/1971,Does not have a sixth form,None,Christian,Christian,Ofsted,South East,South East,East Sussex,Bexhill and Battle,TN32 5DR,67,NULL,NULL,NULL,NULL,NULL,NULL,NULL,NULL,NULL,NULL,NULL,NULL,NULL,NULL,10391709,Independent School standard inspection,Independent Standard Inspection,16/09/2025,21/10/2025,2,2,1,1,2,Yes,2,NULL,Y,All standards Met,Met,Met,Met,Met,Met,Met,Met,Met,NULL,NULL,NULL,NULL,NULL,NULL,
114660,8456007,Compass Community School Pinetree Park,Other Independent Special School,Independent special school,05/03/1982,Not applicable,Christian,None,Christian,Ofsted,South East,South East,East Sussex,Lewes,BN7 3NF,12,NULL,NULL,NULL,NULL,NULL,NULL,NULL,NULL,NULL,NULL,NULL,NULL,NULL,NULL,10267604,Independent School standard inspection,Independent Standard Inspection,03/10/2023,12/11/2023,2,2,2,2,2,Yes,NULL,NULL,Y,All standards Met,Met,Met,Met,Met,Met,Met,Met,Met,NULL,NULL,NULL,NULL,NULL,NULL,
115425,8816031,Woodcroft School,Other Independent Special School,Independent special school,01/01/1965,Not applicable,None,None,Non-faith,Ofsted,East of England,East of England,Essex,Epping Forest,IG10 1SQ,41,10427336,Independent School standard inspection,Independent standard inspection,10/02/2026,26/04/2026,Met,Strong standard,Expected standard,Expected standard,Strong standard,Strong standard,Not applicable,Not applicable,Expected standard,10275172,Independent School standard inspection,Independent Standard Inspection,21/03/2023,23/05/2023,2,2,2,2,2,Yes,NULL,NULL,Y,All standards Met,Met,Met,Met,Met,Met,Met,Met,Met,NULL,NULL,NULL,NULL,NULL,NULL,
115426,8816032,Doucecroft School,Other Independent Special School,Independent special school,20/06/1977,Has a sixth form,None,None,Non-faith,Ofsted,East of England,East of England,Essex,Harwich and North Essex,CO6 3QL,87,NULL,NULL,NULL,NULL,NULL,NULL,NULL,NULL,NULL,NULL,NULL,NULL,NULL,NULL,10342000,Independent School standard inspection,Independent Standard Inspection,25/02/2025,02/04/2025,3,3,2,2,3,Yes,0,0,Y,Did not meet all standards,Not met,Met,Met,Met,Met,Met,Met,Not met,10447460,Independent school Progress Monitoring inspection,03/03/2026,2025/26,29/04/2026,Did not meet all standards that were checked,
115802,9166040,Cotswold Chine School,Other Independent Special School,Independent special school,12/12/1957,Not applicable,None,None,Non-faith,Ofsted,South West,South West,Gloucestershire,North Cotswolds,GL6 9AG,53,NULL,NULL,NULL,NULL,NULL,NULL,NULL,NULL,NULL,NULL,NULL,NULL,NULL,NULL,10342001,Independent School standard inspection,Independent Standard Inspection,04/03/2025,05/05/2025,2,2,1,1,1,Yes,NULL,1,Y,All standards Met,Met,Met,Met,Met,Met,Met,Met,Met,NULL,NULL,NULL,NULL,NULL,NULL,
115808,9166068,The Acorn School,Other Independent School,Independent faith school,22/01/1992,Has a sixth form,None,Christian,Christian,Ofsted,South West,South West,Gloucestershire,Stroud,GL6 0BP,88,NULL,NULL,NULL,NULL,NULL,NULL,NULL,NULL,NULL,NULL,NULL,NULL,NULL,NULL,10267606,Independent School standard inspection,Independent Standard Inspection,23/05/2023,12/07/2023,1,1,1,1,1,Yes,NULL,1,Y,All standards Met,Met,Met,Met,Met,Met,Met,Met,Met,NULL,NULL,NULL,NULL,NULL,NULL,
115809,9166072,Hartmore School,Other Independent Special School,Independent special school,20/11/1992,Not applicable,None,None,Non-faith,Ofsted,South West,South West,Gloucestershire,Forest of Dean,GL19 3BG,69,NULL,NULL,NULL,NULL,NULL,NULL,NULL,NULL,NULL,NULL,NULL,NULL,NULL,NULL,10391710,Independent School standard inspection,Independent Standard Inspection,08/07/2025,21/09/2025,2,2,2,2,2,Yes,NULL,NULL,Y,All standards Met,Met,Met,Met,Met,Met,Met,Met,Met,NULL,NULL,NULL,NULL,NULL,NULL,
115810,9166073,Al-Ashraf Secondary School for Girls,Other Independent School,Independent faith school,30/09/1994,Does not have a sixth form,None,Muslim,Muslim,Ofsted,South West,South West,Gloucestershire,Gloucester,GL1 4AW,85,NULL,NULL,NULL,NULL,NULL,NULL,NULL,NULL,NULL,NULL,NULL,NULL,NULL,NULL,10299159,Independent School standard inspection,Independent Standard Inspection,23/04/2024,09/06/2024,3,2,2,2,3,Yes,NULL,NULL,Y,Did not meet all standards,Met,Met,Met,Met,Met,Met,Met,Not met,10363219,Independent school Progress Monitoring inspection,05/12/2024,2024/25,15/01/2025,Met all standards that were checked,
116564,8506030,Southlands School,Other Independent Special School,Independent special school,22/10/1971,Not applicable,None,None,Non-faith,Ofsted,South East,South East,Hampshire,New Forest East,SO41 5QB,49,NULL,NULL,NULL,NULL,NULL,NULL,NULL,NULL,NULL,NULL,NULL,NULL,NULL,NULL,10342003,Independent School standard inspection,Independent Standard Inspection,04/02/2025,13/03/2025,1,1,1,1,1,Yes,NULL,NULL,Y,All standards Met,Met,Met,Met,Met,Met,Met,Met,Met,NULL,NULL,NULL,NULL,NULL,NULL,
116565,8506031,Hill House School,Other Independent Special School,Independent special school,01/06/1973,Has a sixth form,None,None,Non-faith,Ofsted,South East,South East,Hampshire,New Forest East,SO41 8NE,28,NULL,NULL,NULL,NULL,NULL,NULL,NULL,NULL,NULL,NULL,NULL,NULL,NULL,NULL,10299160,Independent School standard inspection,Independent Standard Inspection,05/03/2024,07/05/2024,1,1,1,1,1,Yes,NULL,1,Y,All standards Met,Met,Met,Met,Met,Met,Met,Met,Met,NULL,NULL,NULL,NULL,NULL,NULL,
116584,8506032,St Edward's School,Other Independent Special School,Independent special school,22/10/1980,Not applicable,None,Roman Catholic,Christian,Ofsted,South East,South East,Hampshire,Romsey and Southampton North,SO51 6ZR,80,NULL,NULL,NULL,NULL,NULL,NULL,NULL,NULL,NULL,NULL,NULL,NULL,NULL,NULL,10391711,Independent School standard inspection,Independent Standard Inspection,23/09/2025,16/11/2025,1,1,1,1,1,Yes,NULL,NULL,Y,All standards Met,Met,Met,Met,Met,Met,Met,Met,Met,NULL,NULL,NULL,NULL,NULL,NULL,
116586,8506017,Coxlease School,Other Independent Special School,Independent special school,18/03/1982,Not applicable,None,None,Non-faith,Ofsted,South East,South East,Hampshire,New Forest East,SO43 7DE,103,NULL,NULL,NULL,NULL,NULL,NULL,NULL,NULL,NULL,NULL,NULL,NULL,NULL,NULL,10342004,Independent School standard inspection,Independent Standard Inspection,21/01/2025,03/03/2025,2,2,1,1,2,Yes,NULL,1,Y,All standards Met,Met,Met,Met,Met,Met,Met,Met,Met,NULL,NULL,NULL,NULL,NULL,NULL,
116588,8506058,Grateley House School,Other Independent Special School,Independent special school,19/09/1986,Not applicable,None,None,Non-faith,Ofsted,South East,South East,Hampshire,Romsey and Southampton North,SP11 8TA,39,NULL,NULL,NULL,NULL,NULL,NULL,NULL,NULL,NULL,NULL,NULL,NULL,NULL,NULL,10374992,Independent School standard inspection,Independent Standard Inspection,15/07/2025,24/09/2025,2,2,2,2,2,Yes,NULL,2,Y,All standards Met,Met,Met,Met,Met,Met,Met,Met,Met,NULL,NULL,NULL,NULL,NULL,NULL,
116589,8506005,The Loddon School,Other Independent Special School,Independent special school,19/01/1989,Not applicable,None,None,Non-faith,Ofsted,South East,South East,Hampshire,North East Hampshire,RG27 0JD,29,NULL,NULL,NULL,NULL,NULL,NULL,NULL,NULL,NULL,NULL,NULL,NULL,NULL,NULL,10374993,Independent School standard inspection,Independent Standard Inspection,29/04/2025,09/06/2025,1,1,1,1,1,Yes,NULL,1,N,All standards Met,Met,Met,Met,Met,Met,Met,Met,Met,NULL,NULL,NULL,NULL,NULL,NULL,
116593,8386033,The Forum School,Other Independent Special School,Independent special school,19/06/1992,Has a sixth form,None,None,Non-faith,Ofsted,South West,South West,Dorset,North Dorset,DT11 0QS,24,NULL,NULL,NULL,NULL,NULL,NULL,NULL,NULL,NULL,NULL,NULL,NULL,NULL,NULL,10342005,Independent School standard inspection,Independent Standard Inspection,22/10/2024,20/11/2024,3,3,2,3,3,Yes,NULL,3,Y,All standards Met,Met,Met,Met,Met,Met,Met,Met,Met,NULL,NULL,NULL,NULL,NULL,NULL,
116594,8506062,St Michael's School,Other Independent School,Independent faith school,26/11/1991,Has a sixth form,Roman Catholic,Roman Catholic,Christian,Ofsted,South East,South East,Hampshire,North West Hampshire,RG20 9JW,66,NULL,NULL,NULL,NULL,NULL,NULL,NULL,NULL,NULL,NULL,NULL,NULL,NULL,NULL,10286385,Independent School standard inspection,Education and boarding aligned inspection,26/09/2023,15/11/2023,2,2,1,2,2,Yes,NULL,NULL,Y,All standards Met,Met,Met,Met,Met,Met,Met,Met,Met,NULL,NULL,NULL,NULL,NULL,NULL,
117030,8856021,Cambian New Elizabethan School,Other Independent Special School,Independent special school,09/10/1957,Has a sixth form,None,None,Non-faith,Ofsted,West Midlands,West Midlands,Worcestershire,Droitwich and Evesham,DY11 7TE,46,NULL,NULL,NULL,NULL,NULL,NULL,NULL,NULL,NULL,NULL,NULL,NULL,NULL,NULL,10284422,Independent School standard inspection,Independent Standard Inspection,23/01/2024,28/02/2024,3,3,3,3,3,Yes,NULL,NULL,Y,Did not meet all standards,Not met,Met,Not met,Met,Met,Met,Met,Not met,10351949,Independent school Progress Monitoring inspection,12/11/2024,2024/25,18/12/2024,Met all standards that were checked,
117033,8856024,Sunfield Garden School and Children's Home,Other Independent Special School,Independent special school,29/07/1971,Not applicable,None,None,Non-faith,Ofsted,West Midlands,West Midlands,Worcestershire,Bromsgrove,DY9 9PB,54,NULL,NULL,NULL,NULL,NULL,NULL,NULL,NULL,NULL,NULL,NULL,NULL,NULL,NULL,10322572,Independent School standard inspection,Independent Standard Inspection,21/05/2024,17/06/2024,2,2,1,1,1,Yes,NULL,2,Y,All standards Met,Met,Met,Met,Met,Met,Met,Met,Met,NULL,NULL,NULL,NULL,NULL,NULL,
117042,8846006,Rowden House School,Other Independent Special School,Independent special school,03/03/1986,Has a sixth form,None,None,Non-faith,Ofsted,West Midlands,West Midlands,Herefordshire,North Herefordshire,HR7 4LS,23,NULL,NULL,NULL,NULL,NULL,NULL,NULL,NULL,NULL,NULL,NULL,NULL,NULL,NULL,10374901,Independent School standard inspection,Independent Standard Inspection,01/07/2025,03/09/2025,1,1,1,1,1,Yes,NULL,1,Y,All standards Met,Met,Met,Met,Met,Met,Met,Met,Met,NULL,NULL,NULL,NULL,NULL,NULL,
117044,8856031,Madinatul Uloom Al Islamiya School,Other Independent School,Independent faith school,10/08/1988,Has a sixth form,None,Muslim,Muslim,Ofsted,West Midlands,West Midlands,Worcestershire,Wyre Forest,DY10 4BS,205,10427338,Independent School standard inspection,Independent standard inspection,10/02/2026,28/04/2026,Met,Expected standard,Expected standard,Expected standard,Strong standard,Expected standard,Not applicable,Expected standard,Expected standard,10299161,Independent School standard inspection,Independent Standard Inspection,20/02/2024,24/04/2024,3,3,2,2,2,Yes,NULL,0,Y,All standards Met,Met,Met,Insufficient evidence,Met,Met,Met,Met,Met,NULL,NULL,NULL,NULL,NULL,NULL,
117048,8846010,Cambian Hereford School,Other Independent Special School,Independent special school,05/05/1995,Not applicable,None,None,Non-faith,Ofsted,West Midlands,West Midlands,Herefordshire,North Herefordshire,HR6 8LL,15,NULL,NULL,NULL,NULL,NULL,NULL,NULL,NULL,NULL,NULL,NULL,NULL,NULL,NULL,10342006,Independent School standard inspection,Independent Standard Inspection,18/03/2025,11/05/2025,2,2,2,1,2,Yes,NULL,NULL,Y,All standards Met,Met,Met,Met,Met,Met,Met,Met,Met,NULL,NULL,NULL,NULL,NULL,NULL,
117646,9196215,Radlett Lodge School,Other Independent Special School,Independent special school,30/09/1974,Not applicable,None,None,Non-faith,Ofsted,East of England,East of England,Hertfordshire,St Albans,WD7 9HW,55,NULL,NULL,NULL,NULL,NULL,NULL,NULL,NULL,NULL,NULL,NULL,NULL,NULL,NULL,10374841,Independent School standard inspection,Independent Standard Inspection,17/06/2025,13/07/2025,2,2,1,2,2,Yes,NULL,0,Y,All standards Met,Met,Met,Met,Met,Met,Met,Met,Met,NULL,NULL,NULL,NULL,NULL,NULL,
117662,9196236,Longwood School,Other Independent School,Other independent school,26/07/1994,Does not have a sixth form,None,Inter- / non- denominational,Non-faith,Ofsted,East of England,East of England,Hertfordshire,Watford,WD23 2QG,37,NULL,NULL,NULL,NULL,NULL,NULL,NULL,NULL,NULL,NULL,NULL,NULL,NULL,NULL,10391712,Independent School standard inspection,Independent Standard Inspection,17/06/2025,14/09/2025,2,2,2,2,2,Yes,2,NULL,Y,All standards Met,Met,Met,Met,Met,Met,Met,Met,Met,NULL,NULL,NULL,NULL,NULL,NULL,
118123,8106000,Froebel House School,Other Independent School,Other independent school,17/10/1957,Does not have a sixth form,None,None,Non-faith,Ofsted,"North East, Yorkshire and the Humber",Yorkshire and the Humber,Kingston upon Hull,Kingston upon Hull North and Cottingham,HU5 3JP,94,NULL,NULL,NULL,NULL,NULL,NULL,NULL,NULL,NULL,NULL,NULL,NULL,NULL,NULL,10391713,Independent School standard inspection,Independent Standard Inspection,23/09/2025,24/11/2025,3,3,2,3,3,Yes,NULL,NULL,Y,Did not meet all standards,Met,Met,Not met,Met,Met,Met,Met,Not met,NULL,NULL,NULL,NULL,NULL,NULL,
118993,8866046,Helen Allison School,Other Independent Special School,Independent special school,06/05/1970,Has a sixth form,None,None,Non-faith,Ofsted,South East,South East,Kent,Gravesham,DA13 0EW,71,NULL,NULL,NULL,NULL,NULL,NULL,NULL,NULL,NULL,NULL,NULL,NULL,NULL,NULL,10322062,Independent School standard inspection,Independent Standard Inspection,18/06/2024,08/07/2024,2,2,1,1,2,Yes,NULL,2,Y,All standards Met,Met,Met,Met,Met,Met,Met,Met,Met,NULL,NULL,NULL,NULL,NULL,NULL,
118995,8866047,Ripplevale School,Other Independent Special School,Independent special school,16/10/1970,Not applicable,None,None,Non-faith,Ofsted,South East,South East,Kent,Dover and Deal,CT14 8JG,188,NULL,NULL,NULL,NULL,NULL,NULL,NULL,NULL,NULL,NULL,NULL,NULL,NULL,NULL,10299163,Independent School standard inspection,Independent Standard Inspection,27/02/2024,29/04/2024,2,2,2,2,2,Yes,NULL,2,Y,All standards Met,Met,Met,Met,Met,Met,Met,Met,Met,NULL,NULL,NULL,NULL,NULL,NULL,
119005,8866057,The Elmley Dray School,Other Independent Special School,Independent special school,26/09/1985,Not applicable,None,None,Non-faith,Ofsted,South East,South East,Kent,Sittingbourne and Sheppey,ME12 2DP,4,NULL,NULL,NULL,NULL,NULL,NULL,NULL,NULL,NULL,NULL,NULL,NULL,NULL,NULL,10299164,Independent School standard inspection,Independent Standard Inspection,03/06/2025,15/09/2025,2,2,1,2,2,Yes,NULL,NULL,Y,All standards Met,Met,Met,Met,Met,Met,Met,Met,Met,NULL,NULL,NULL,NULL,NULL,NULL,
119013,8866063,Learning Opportunities Centre Secondary,Other Independent Special School,Independent special school,13/04/1993,Not applicable,None,None,Non-faith,Ofsted,South East,South East,Kent,Dover and Deal,CT14 8DW,29,NULL,NULL,NULL,NULL,NULL,NULL,NULL,NULL,NULL,NULL,NULL,NULL,NULL,NULL,10374994,Independent School standard inspection,Independent Standard Inspection,23/09/2025,12/11/2025,2,2,1,1,2,Yes,NULL,NULL,Y,All standards Met,Met,Met,Met,Met,Met,Met,Met,Met,NULL,NULL,NULL,NULL,NULL,NULL,
119015,8866065,ISP School,Other Independent Special School,Independent special school,11/04/1994,Not applicable,None,None,Non-faith,Ofsted,South East,South East,Kent,Faversham and Mid Kent,ME9 9EA,61,NULL,NULL,NULL,NULL,NULL,NULL,NULL,NULL,NULL,NULL,NULL,NULL,NULL,NULL,10267607,Independent School standard inspection,Independent Standard Inspection,19/09/2023,12/10/2023,2,2,1,1,2,Yes,NULL,NULL,Y,All standards Met,Met,Met,Met,Met,Met,Met,Met,Met,NULL,NULL,NULL,NULL,NULL,NULL,
119021,8866070,Brewood Secondary School,Other Independent Special School,Independent special school,18/07/1995,Has a sixth form,None,None,Non-faith,Ofsted,South East,South East,Kent,Dover and Deal,CT14 9TR,39,NULL,NULL,NULL,NULL,NULL,NULL,NULL,NULL,NULL,NULL,NULL,NULL,NULL,NULL,10299166,Independent School standard inspection,Independent Standard Inspection,26/11/2024,13/01/2025,2,2,2,1,2,Yes,NULL,NULL,Y,All standards Met,Met,Met,Met,Met,Met,Met,Met,Met,NULL,NULL,NULL,NULL,NULL,NULL,
119845,8886020,Rossendale School,Other Independent Special School,Independent special school,05/07/1989,Not applicable,None,None,Non-faith,Ofsted,North West,North West,Lancashire,Rossendale and Darwen,BL0 0RT,92,NULL,NULL,NULL,NULL,NULL,NULL,NULL,NULL,NULL,NULL,NULL,NULL,NULL,NULL,10342008,Independent School standard inspection,Independent Standard Inspection,10/12/2024,19/01/2025,2,2,2,1,2,Yes,NULL,2,Y,All standards Met,Met,Met,Met,Met,Met,Met,Met,Met,NULL,NULL,NULL,NULL,NULL,NULL,
119848,8896003,Rawdhatul Uloom Islamic Primary School,Other Independent School,Independent faith school,22/03/1993,Does not have a sixth form,None,Muslim,Muslim,Ofsted,North West,North West,Blackburn with Darwen,Blackburn,BB1 5NZ,142,NULL,NULL,NULL,NULL,NULL,NULL,NULL,NULL,NULL,NULL,NULL,NULL,NULL,NULL,10286388,Independent School standard inspection,Independent Standard Inspection,19/09/2023,08/11/2023,2,2,2,2,2,Yes,2,NULL,Y,All standards Met,Met,Met,Met,Met,Met,Met,Met,Met,NULL,NULL,NULL,NULL,NULL,NULL,
119856,8896004,Al Islah Girls' High School,Other Independent School,Independent faith school,24/10/1995,Does not have a sixth form,Islam,Muslim,Muslim,Ofsted,North West,North West,Blackburn with Darwen,Blackburn,BB1 1TF,154,NULL,NULL,NULL,NULL,NULL,NULL,NULL,NULL,NULL,NULL,NULL,NULL,NULL,NULL,10342011,Independent School standard inspection,Independent Standard Inspection,04/03/2025,02/04/2025,2,2,1,2,2,Yes,NULL,NULL,N,All standards Met,Met,Met,Met,Met,Met,Met,Met,Met,NULL,NULL,NULL,NULL,NULL,NULL,
120331,8556006,Twycross House School,Other Independent School,Other independent school,02/03/1978,Has a sixth form,None,None,Non-faith,Ofsted,East Midlands,East Midlands,Leicestershire,Hinckley and Bosworth,CV9 3PL,395,NULL,NULL,NULL,NULL,NULL,NULL,NULL,NULL,NULL,NULL,NULL,NULL,NULL,NULL,10319202,Independent School standard inspection,Independent Standard Inspection,12/03/2024,06/05/2024,1,1,1,1,1,Yes,NULL,1,Y,All standards Met,Met,Met,Met,Met,Met,Met,Met,Met,NULL,NULL,NULL,NULL,NULL,NULL,
120335,8566007,Leicester Islamic Academy,Other Independent School,Independent faith school,29/09/1982,Does not have a sixth form,Islam,Muslim,Muslim,Ofsted,East Midlands,East Midlands,Leicester,Leicester South,LE2 2PJ,363,NULL,NULL,NULL,NULL,NULL,NULL,NULL,NULL,NULL,NULL,NULL,NULL,NULL,NULL,10342012,Independent School standard inspection,Independent Standard Inspection,25/02/2025,03/04/2025,2,2,2,2,2,Yes,2,NULL,Y,All standards Met,Met,Met,Met,Met,Met,Met,Met,Met,NULL,NULL,NULL,NULL,NULL,NULL,
120336,8556014,Twycross House Pre-Preparatory School,Other Independent School,Other independent school,11/11/1982,Does not have a sixth form,None,None,Non-faith,Ofsted,East Midlands,East Midlands,Leicestershire,Hinckley and Bosworth,CV9 3PQ,125,NULL,NULL,NULL,NULL,NULL,NULL,NULL,NULL,NULL,NULL,NULL,NULL,NULL,NULL,10391715,Independent School standard inspection,Independent Standard Inspection,23/09/2025,09/11/2025,2,2,2,2,2,Yes,2,NULL,Y,All standards Met,Met,Met,Met,Met,Met,Met,Met,Met,NULL,NULL,NULL,NULL,NULL,NULL,
120740,9256034,Kisimul School,Other Independent Special School,Independent special school,10/10/1977,Has a sixth form,None,None,Non-faith,Ofsted,East Midlands,East Midlands,Lincolnshire,Sleaford and North Hykeham,LN6 9LU,74,NULL,NULL,NULL,NULL,NULL,NULL,NULL,NULL,NULL,NULL,NULL,NULL,NULL,NULL,10266722,Independent School standard inspection,Independent Standard Inspection,17/01/2023,06/03/2023,2,2,2,2,2,Yes,NULL,2,Y,All standards Met,Met,Met,Met,Met,Met,Met,Met,Met,NULL,NULL,NULL,NULL,NULL,NULL,
120743,9256038,Greenwich House School,Other Independent School,Independent faith school,31/10/1990,Does not have a sixth form,None,Christian,Christian,Ofsted,East Midlands,East Midlands,Lincolnshire,Louth and Horncastle,LN11 0HE,94,NULL,NULL,NULL,NULL,NULL,NULL,NULL,NULL,NULL,NULL,NULL,NULL,NULL,NULL,10286390,Independent School standard inspection,Independent Standard Inspection,16/04/2024,16/05/2024,2,2,2,2,2,Yes,NULL,NULL,Y,All standards Met,Met,Met,Met,Met,Met,Met,Met,Met,NULL,NULL,NULL,NULL,NULL,NULL,
121246,9266133,Sheridan House School,Other Independent Special School,Independent special school,10/11/1983,Not applicable,None,None,Non-faith,Ofsted,East of England,East of England,Norfolk,South West Norfolk,IP26 5LQ,66,NULL,NULL,NULL,NULL,NULL,NULL,NULL,NULL,NULL,NULL,NULL,NULL,NULL,NULL,10299169,Independent School standard inspection,Independent Standard Inspection,21/05/2024,24/06/2024,2,2,2,2,2,Yes,NULL,NULL,Y,All standards Met,Met,Met,Met,Met,Met,Met,Met,Met,NULL,NULL,NULL,NULL,NULL,NULL,
121250,9266140,All Saints School,Other Independent Special School,Independent special school,23/06/1987,Not applicable,None,Christian,Christian,Ofsted,East of England,East of England,Norfolk,North Norfolk,NR12 0DJ,74,NULL,NULL,NULL,NULL,NULL,NULL,NULL,NULL,NULL,NULL,NULL,NULL,NULL,NULL,10254639,Independent School standard inspection,Independent Standard Inspection,13/06/2023,11/07/2023,2,2,1,1,2,Yes,NULL,NULL,Y,All standards Met,Met,Met,Met,Met,Met,Met,Met,Met,NULL,NULL,NULL,NULL,NULL,NULL,
121252,9266145,St Andrew's School,Other Independent Special School,Independent special school,26/01/1990,Not applicable,Quaker,Quaker,Christian,Ofsted,East of England,East of England,Norfolk,North Norfolk,NR11 8QA,53,10427340,Independent School standard inspection,Independent standard inspection,03/02/2026,26/03/2026,Met,Expected standard,Expected standard,Expected standard,Expected standard,Expected standard,Not applicable,Not applicable,Expected standard,10254641,Independent School standard inspection,Independent Standard Inspection,14/03/2023,11/05/2023,2,2,2,2,2,Yes,NULL,NULL,Y,All standards Met,Met,Met,Met,Met,Met,Met,Met,Met,NULL,NULL,NULL,NULL,NULL,NULL,
121759,8166008,York Steiner School,Other Independent School,Other independent school,13/11/1980,Does not have a sixth form,None,None,Non-faith,Ofsted,"North East, Yorkshire and the Humber",Yorkshire and the Humber,York,York Central,YO10 4PB,194,NULL,NULL,NULL,NULL,NULL,NULL,NULL,NULL,NULL,NULL,NULL,NULL,NULL,NULL,10374852,Independent School standard inspection,Independent Standard Inspection,16/09/2025,16/11/2025,3,3,2,2,3,Yes,2,NULL,Y,Did not meet all standards,Not met,Met,Met,Met,Met,Met,Met,Not met,NULL,NULL,NULL,NULL,NULL,NULL,
121763,8156032,Wharfedale Montessori School,Other Independent School,Independent faith school,17/06/1992,Does not have a sixth form,None,Christian,Christian,Ofsted,"North East, Yorkshire and the Humber",Yorkshire and the Humber,North Yorkshire,Skipton and Ripon,BD23 6AN,30,NULL,NULL,NULL,NULL,NULL,NULL,NULL,NULL,NULL,NULL,NULL,NULL,NULL,NULL,10342013,Independent School standard inspection,Independent Standard Inspection,04/03/2025,28/04/2025,3,2,2,2,3,Yes,2,NULL,Y,Did not meet all standards,Met,Met,Not met,Met,Met,Not met,Met,Not met,10412576,Independent school Progress Monitoring inspection,06/11/2025,2025/26,21/01/2026,Did not meet all standards that were checked,
122136,9416039,Cambian Potterspury Lodge School,Other Independent Special School,Independent special school,20/11/1957,Not applicable,None,None,Non-faith,Ofsted,East Midlands,East Midlands,West Northamptonshire,South Northamptonshire,NN12 7LL,48,10427341,Independent School standard inspection,Independent standard inspection,03/02/2026,24/03/2026,Met,Expected standard,Expected standard,Expected standard,Expected standard,Expected standard,Not applicable,Not applicable,Expected standard,10266723,Independent School standard inspection,Independent Standard Inspection,28/03/2023,25/05/2023,2,2,2,2,2,Yes,NULL,NULL,Y,All standards Met,Met,Met,Met,Met,Met,Met,Met,Met,NULL,NULL,NULL,NULL,NULL,NULL,
123621,8946003,Overley Hall School,Other Independent Special School,Independent special school,12/01/1981,Has a sixth form,None,None,Non-faith,Ofsted,West Midlands,West Midlands,Telford and Wrekin,The Wrekin,TF6 5HE,21,NULL,NULL,NULL,NULL,NULL,NULL,NULL,NULL,NULL,NULL,NULL,NULL,NULL,NULL,10260392,Independent School standard inspection,Independent Standard Inspection,28/02/2023,16/05/2023,2,2,1,1,1,Yes,NULL,2,Y,All standards Met,Met,Met,Met,Met,Met,Met,Met,Met,NULL,NULL,NULL,NULL,NULL,NULL,
123920,9336089,Marchant Holliday School,Other Independent Special School,Independent special school,09/10/1957,Not applicable,None,None,Non-faith,Ofsted,South West,South West,Somerset,Glastonbury and Somerton,BA8 0AH,51,NULL,NULL,NULL,NULL,NULL,NULL,NULL,NULL,NULL,NULL,NULL,NULL,NULL,NULL,10299171,Independent School standard inspection,Independent Standard Inspection,12/03/2024,29/04/2024,1,1,1,1,1,Yes,NULL,NULL,Y,All standards Met,Met,Met,Met,Met,Met,Met,Met,Met,NULL,NULL,NULL,NULL,NULL,NULL,
123933,9336185,Sedgemoor Manor School,Other Independent Special School,Independent special school,29/08/1986,Not applicable,None,None,Non-faith,Ofsted,South West,South West,Somerset,Wells and Mendip Hills,TA9 4NP,82,NULL,NULL,NULL,NULL,NULL,NULL,NULL,NULL,NULL,NULL,NULL,NULL,NULL,NULL,10267609,Independent School standard inspection,Independent Standard Inspection,23/05/2023,09/07/2023,2,2,2,1,2,Yes,NULL,2,Y,All standards Met,Met,Met,Met,Met,Met,Met,Met,Met,NULL,NULL,NULL,NULL,NULL,NULL,
124488,8606022,Maple Hayes Hall School,Other Independent Special School,Independent special school,26/02/1982,Not applicable,None,None,Non-faith,Ofsted,West Midlands,West Midlands,Staffordshire,Lichfield,WS13 8BL,123,NULL,NULL,NULL,NULL,NULL,NULL,NULL,NULL,NULL,NULL,NULL,NULL,NULL,NULL,10342015,Independent School standard inspection,Independent Standard Inspection,08/10/2024,20/11/2024,2,2,2,2,2,Yes,NULL,NULL,Y,All standards Met,Met,Met,Met,Met,Met,Met,Met,Met,NULL,NULL,NULL,NULL,NULL,NULL,
124495,8606017,Roaches School,Other Independent Special School,Independent special school,02/11/1995,Not applicable,None,None,Non-faith,Ofsted,West Midlands,West Midlands,Staffordshire,Staffordshire Moorlands,ST8 7AB,44,NULL,NULL,NULL,NULL,NULL,NULL,NULL,NULL,NULL,NULL,NULL,NULL,NULL,NULL,10391716,Independent School standard inspection,Independent Standard Inspection,23/09/2025,20/11/2025,4,4,4,4,4,No,NULL,NULL,Y,Did not meet all standards,Not met,Not met,Not met,Met,Not met,Not met,Not met,Not met,NULL,NULL,NULL,NULL,NULL,NULL,
125403,9366420,More House School,Other Independent Special School,Independent special school,21/10/1957,Has a sixth form,None,Roman Catholic,Christian,Ofsted,South East,South East,Surrey,Farnham and Bordon,GU10 3AP,504,NULL,NULL,NULL,NULL,NULL,NULL,NULL,NULL,NULL,NULL,NULL,NULL,NULL,NULL,10267610,Independent School standard inspection,Education and residential aligned inspection,07/03/2023,10/05/2023,1,1,1,1,1,Yes,NULL,1,Y,All standards Met,Met,Met,Met,Met,Met,Met,Met,Met,NULL,NULL,NULL,NULL,NULL,NULL,
125790,9376092,Arc School Old Arley,Other Independent Special School,Independent special school,03/10/1989,Not applicable,None,None,Non-faith,Ofsted,West Midlands,West Midlands,Warwickshire,Nuneaton,CV7 8NU,43,NULL,NULL,NULL,NULL,NULL,NULL,NULL,NULL,NULL,NULL,NULL,NULL,NULL,NULL,10284423,Independent School standard inspection,Independent Standard Inspection,20/02/2024,22/04/2024,4,4,4,4,4,No,NULL,NULL,Y,Did not meet all standards,Not met,Not met,Not met,Met,Met,Met,Met,Not met,10416192,Independent school Progress Monitoring inspection,15/10/2025,2025/26,20/11/2025,Met all standards that were checked,
125814,8956000,Aidenswood School,Other Independent Special School,Independent special school,08/07/2005,Not applicable,None,None,Non-faith,Ofsted,North West,North West,Cheshire East,Congleton,CW12 4ED,3,NULL,NULL,NULL,NULL,NULL,NULL,NULL,NULL,NULL,NULL,NULL,NULL,NULL,NULL,10299173,Independent School standard inspection,Independent Standard Inspection,05/03/2024,24/04/2024,2,2,2,2,2,Yes,NULL,NULL,Y,All standards Met,Met,Met,Met,Met,Met,Met,Met,Met,NULL,NULL,NULL,NULL,NULL,NULL,
126139,9386217,Farney Close School,Other Independent Special School,Independent special school,17/03/1958,Not applicable,None,None,Non-faith,Ofsted,South East,South East,West Sussex,Mid Sussex,RH17 5RD,81,NULL,NULL,NULL,NULL,NULL,NULL,NULL,NULL,NULL,NULL,NULL,NULL,NULL,NULL,10374995,Independent School standard inspection,Independent Standard Inspection,17/06/2025,21/07/2025,2,2,1,1,1,Yes,NULL,NULL,Y,All standards Met,Met,Met,Met,Met,Met,Met,Met,Met,NULL,NULL,NULL,NULL,NULL,NULL,
126141,9386219,Philpots Manor School,Other Independent Special School,Independent special school,22/05/1959,Has a sixth form,None,Christian,Christian,Ofsted,South East,South East,West Sussex,East Grinstead and Uckfield,RH19 4PR,54,NULL,NULL,NULL,NULL,NULL,NULL,NULL,NULL,NULL,NULL,NULL,NULL,NULL,NULL,10282340,Independent School standard inspection,Independent Standard Inspection,20/06/2023,14/09/2023,2,2,2,1,2,Yes,NULL,NULL,Y,All standards Met,Met,Met,Met,Met,Met,Met,Met,Met,NULL,NULL,NULL,NULL,NULL,NULL,
126149,9386249,Central Education Ltd,Other Independent Special School,Independent special school,23/09/1991,Not applicable,None,None,Non-faith,Ofsted,South East,South East,West Sussex,East Grinstead and Uckfield,RH17 7NJ,24,NULL,NULL,NULL,NULL,NULL,NULL,NULL,NULL,NULL,NULL,NULL,NULL,NULL,NULL,10322063,Independent School standard inspection,Independent Standard Inspection,09/07/2024,22/09/2024,3,3,3,2,3,Yes,NULL,NULL,Y,All standards Met,Met,Met,Met,Met,Met,Met,Met,Met,NULL,NULL,NULL,NULL,NULL,NULL,
127003,9356083,On Track Education Mildenhall,Other Independent Special School,Independent special school,13/07/2005,Has a sixth form,None,None,Non-faith,Ofsted,East of England,East of England,Suffolk,West Suffolk,IP28 7RD,43,NULL,NULL,NULL,NULL,NULL,NULL,NULL,NULL,NULL,NULL,NULL,NULL,NULL,NULL,10254643,Independent School standard inspection,Independent Standard Inspection,07/03/2023,02/05/2023,2,2,2,2,2,Yes,NULL,0,Y,All standards Met,Met,Met,Met,Met,Met,Met,Met,Met,NULL,NULL,NULL,NULL,NULL,NULL,
128078,8556021,Oakwood Community School,Other Independent Special School,Independent special school,22/07/2005,Not applicable,None,None,Non-faith,Ofsted,East Midlands,East Midlands,Leicestershire,Hinckley and Bosworth,CV13 0JD,74,10427346,Independent School standard inspection,Independent standard inspection,27/01/2026,22/04/2026,Met,Expected standard,Expected standard,Expected standard,Expected standard,Expected standard,Not applicable,Expected standard,Expected standard,10258196,Independent School standard inspection,Independent Standard Inspection,07/02/2023,23/03/2023,2,2,2,2,2,Yes,NULL,NULL,Y,All standards Met,Met,Met,Met,Met,Met,Met,Met,Met,NULL,NULL,NULL,NULL,NULL,NULL,
129511,9266154,Norwich Steiner School,Other Independent School,Other independent school,25/08/2005,Has a sixth form,None,None,Non-faith,Ofsted,East of England,East of England,Norfolk,Norwich South,NR1 2HW,95,NULL,NULL,NULL,NULL,NULL,NULL,NULL,NULL,NULL,NULL,NULL,NULL,NULL,NULL,10286391,Independent School standard inspection,Independent Standard Inspection,28/11/2023,18/01/2024,2,2,2,2,2,Yes,2,2,Y,All standards Met,Met,Met,Met,Met,Met,Met,Met,Met,NULL,NULL,NULL,NULL,NULL,NULL,
129571,3426089,Learn 4 Life School,Other Independent Special School,Independent special school,17/08/2005,Not applicable,None,None,Non-faith,Ofsted,North West,North West,St Helens,St Helens North,WN4 0QD,13,NULL,NULL,NULL,NULL,NULL,NULL,NULL,NULL,NULL,NULL,NULL,NULL,NULL,NULL,10391717,Independent School standard inspection,Independent Standard Inspection,29/04/2025,27/05/2025,2,2,2,2,2,Yes,NULL,NULL,Y,All standards Met,Met,Met,Met,Met,Met,Met,Met,Met,NULL,NULL,NULL,NULL,NULL,NULL,
130285,3506017,Al Jamiah Al Islamiyyah,Other Independent School,Independent faith school,13/11/1995,Has a sixth form,None,Muslim,Muslim,Ofsted,North West,North West,Bolton,Bolton South and Walkden,BL3 4HE,34,NULL,NULL,NULL,NULL,NULL,NULL,NULL,NULL,NULL,NULL,NULL,NULL,NULL,NULL,10299174,Independent School standard inspection,Independent Standard Inspection,24/09/2024,10/11/2024,3,3,2,3,3,Yes,NULL,NULL,Y,Did not meet all standards,Not met,Met,Met,Met,Met,Met,Met,Not met,10404769,Independent school Progress Monitoring inspection,17/06/2025,2024/25,13/07/2025,Met all standards that were checked,
130286,3556040,Beis Ruchel Girls School,Other Independent School,Other independent school,07/11/1995,Does not have a sixth form,None,None,Non-faith,Ofsted,North West,North West,Salford,Salford,M7 4AE,210,NULL,NULL,NULL,NULL,NULL,NULL,NULL,NULL,NULL,NULL,NULL,NULL,NULL,NULL,10303420,Independent School standard inspection,Independent Standard Inspection,12/03/2024,30/05/2024,4,2,2,4,4,No,2,NULL,Y,Did not meet all standards,Not met,Not met,Not met,Met,Met,Met,Met,Not met,10393270,Independent school Progress Monitoring inspection,02/07/2025,2024/25,27/07/2025,Did not meet all standards that were checked,
130367,9436048,Appletree School,Other Independent Special School,Independent special school,16/05/1996,Not applicable,None,None,Non-faith,Ofsted,North West,North West,Westmorland and Furness,Westmorland and Lonsdale,LA9 7QS,9,NULL,NULL,NULL,NULL,NULL,NULL,NULL,NULL,NULL,NULL,NULL,NULL,NULL,NULL,10322491,Independent School standard inspection,Independent Standard Inspection,10/07/2024,24/09/2024,2,2,1,1,2,Yes,NULL,NULL,Y,All standards Met,Met,Met,Met,Met,Met,Met,Met,Met,NULL,NULL,NULL,NULL,NULL,NULL,
130826,3026081,Tashbar of Edgware,Other Independent School,Independent faith school,23/09/2005,Does not have a sixth form,None,Jewish,Jewish,Ofsted,London,London,Barnet,Chipping Barnet,HA8 8JL,207,NULL,NULL,NULL,NULL,NULL,NULL,NULL,NULL,NULL,NULL,NULL,NULL,NULL,NULL,10322573,Independent School standard inspection,Independent Standard Inspection,25/02/2025,28/04/2025,2,2,2,2,2,Yes,2,NULL,Y,All standards Met,Met,Met,Met,Met,Met,Met,Met,Met,NULL,NULL,NULL,NULL,NULL,NULL,
130854,9356084,Acorn Cottage The Lodge,Other Independent Special School,Independent special school,22/09/2005,Not applicable,None,None,Non-faith,Ofsted,East of England,East of England,Suffolk,South Suffolk,IP7 6NY,3,NULL,NULL,NULL,NULL,NULL,NULL,NULL,NULL,NULL,NULL,NULL,NULL,NULL,NULL,10391718,Independent School standard inspection,Independent Standard Inspection,17/06/2025,06/07/2025,2,2,2,2,2,Yes,NULL,NULL,Y,All standards Met,Met,Met,Met,Met,Met,Met,Met,Met,NULL,NULL,NULL,NULL,NULL,NULL,
130855,9356085,Gable End,Other Independent Special School,Independent special school,22/09/2005,Not applicable,None,None,Non-faith,Ofsted,East of England,East of England,Suffolk,South Suffolk,IP7 7NL,2,NULL,NULL,NULL,NULL,NULL,NULL,NULL,NULL,NULL,NULL,NULL,NULL,NULL,NULL,10267611,Independent School standard inspection,Independent Standard Inspection,19/09/2023,30/10/2023,2,2,2,1,2,Yes,NULL,NULL,Y,All standards Met,Met,Met,Met,Met,Met,Met,Met,Met,NULL,NULL,NULL,NULL,NULL,NULL,
130857,3806066,Crystal Gardens Primary School,Other Independent School,Independent faith school,23/09/2005,Does not have a sixth form,Muslim,Muslim,Muslim,Ofsted,"North East, Yorkshire and the Humber",Yorkshire and the Humber,Bradford,Bradford East,BD5 7PE,156,NULL,NULL,NULL,NULL,NULL,NULL,NULL,NULL,NULL,NULL,NULL,NULL,NULL,NULL,10299175,Independent School standard inspection,Independent Standard Inspection,05/03/2024,14/05/2024,2,2,1,2,1,Yes,2,NULL,Y,All standards Met,Met,Met,Met,Met,Met,Met,Met,Met,NULL,NULL,NULL,NULL,NULL,NULL,
130902,8906096,Spen Brook School,Other Independent Special School,Independent special school,20/10/2005,Not applicable,None,None,Non-faith,Ofsted,North West,North West,Blackpool,Blackpool South,FY4 5AJ,16,NULL,NULL,NULL,NULL,NULL,NULL,NULL,NULL,NULL,NULL,NULL,NULL,NULL,NULL,10286392,Independent School standard inspection,Independent Standard Inspection,13/09/2023,08/11/2023,2,2,1,1,2,Yes,NULL,NULL,Y,All standards Met,Met,Met,Met,Met,Met,Met,Met,Met,NULL,NULL,NULL,NULL,NULL,NULL,
130913,3576056,The Limes School,Other Independent Special School,Independent special school,26/10/2005,Not applicable,None,None,Non-faith,Ofsted,North West,North West,Tameside,Ashton-under-Lyne,OL7 9DU,6,NULL,NULL,NULL,NULL,NULL,NULL,NULL,NULL,NULL,NULL,NULL,NULL,NULL,NULL,10267612,Independent School standard inspection,Independent Standard Inspection,05/07/2023,26/09/2023,2,2,2,2,2,Yes,NULL,NULL,Y,All standards Met,Met,Met,Met,Met,Met,Met,Met,Met,NULL,NULL,NULL,NULL,NULL,NULL,
131015,3556053,Etz Chaim Boys School,Other Independent School,Independent faith school,24/07/1996,Has a sixth form,Orthodox Jewish,Jewish,Jewish,Ofsted,North West,North West,Salford,Bury South,M7 4LJ,246,NULL,NULL,NULL,NULL,NULL,NULL,NULL,NULL,NULL,NULL,NULL,NULL,NULL,NULL,10342017,Independent School standard inspection,Independent Standard Inspection,24/09/2024,24/10/2024,3,3,2,3,3,Yes,NULL,NULL,Y,Did not meet all standards,Not met,Not met,Not met,Met,Not met,Met,Met,Not met,10422697,Independent school Progress Monitoring inspection,14/01/2026,2025/26,06/03/2026,Did not meet all standards that were checked,
131016,9336195,Newbury Manor School,Other Independent Special School,Independent special school,03/09/1996,Has a sixth form,None,None,Non-faith,Ofsted,South West,South West,Somerset,Frome and East Somerset,BA11 3RG,65,NULL,NULL,NULL,NULL,NULL,NULL,NULL,NULL,NULL,NULL,NULL,NULL,NULL,NULL,10254645,Independent School standard inspection,Independent Standard Inspection,21/02/2023,26/04/2023,2,2,2,2,2,Yes,NULL,NULL,N,All standards Met,Met,Met,Met,Met,Met,Met,Met,Met,NULL,NULL,NULL,NULL,NULL,NULL,
131026,3026104,Beis Soroh Schneirer,Other Independent School,Independent faith school,03/09/1996,Does not have a sixth form,None,Jewish,Jewish,Ofsted,London,London,Barnet,Hendon,NW9 6AX,352,NULL,NULL,NULL,NULL,NULL,NULL,NULL,NULL,NULL,NULL,NULL,NULL,NULL,NULL,10391720,Independent School standard inspection,Independent Standard Inspection,08/07/2025,10/09/2025,2,2,2,2,2,Yes,2,NULL,Y,All standards Met,Met,Met,Met,Met,Met,Met,Met,Met,NULL,NULL,NULL,NULL,NULL,NULL,
131033,8936097,Oakwood School,Other Independent Special School,Independent special school,29/11/2005,Not applicable,None,None,Non-faith,Ofsted,West Midlands,West Midlands,Shropshire,Shrewsbury,SY3 8BT,8,NULL,NULL,NULL,NULL,NULL,NULL,NULL,NULL,NULL,NULL,NULL,NULL,NULL,NULL,10284424,Independent School standard inspection,Independent Standard Inspection,14/11/2023,21/12/2023,2,2,2,2,2,Yes,NULL,NULL,Y,All standards Met,Met,Met,Met,Met,Met,Met,Met,Met,NULL,NULL,NULL,NULL,NULL,NULL,
131064,9316125,Chilworth House School,Other Independent Special School,Independent special school,05/11/2005,Not applicable,None,None,Non-faith,Ofsted,South East,South East,Oxfordshire,Henley and Thame,OX33 1JP,36,NULL,NULL,NULL,NULL,NULL,NULL,NULL,NULL,NULL,NULL,NULL,NULL,NULL,NULL,10286393,Independent School standard inspection,Independent Standard Inspection,14/11/2023,18/01/2024,1,1,1,1,1,Yes,NULL,NULL,Y,All standards Met,Met,Met,Met,Met,Met,Met,Met,Met,NULL,NULL,NULL,NULL,NULL,NULL,
131119,8926012,Jamia Al-Hudaa Residential College,Other Independent School,Independent faith school,14/11/1996,Has a sixth form,None,Muslim,Muslim,Ofsted,East Midlands,East Midlands,Nottingham,Nottingham East,NG3 5TT,171,NULL,NULL,NULL,NULL,NULL,NULL,NULL,NULL,NULL,NULL,NULL,NULL,NULL,NULL,10391721,Independent School standard inspection,Independent Standard Inspection,16/09/2025,22/10/2025,2,2,2,2,2,Yes,NULL,2,Y,All standards Met,Met,Met,Met,Met,Met,Met,Met,Met,NULL,NULL,NULL,NULL,NULL,NULL,
131121,3026106,Talmud Torah Tiferes Shlomo,Other Independent School,Independent faith school,27/11/1996,Does not have a sixth form,Orthodox Jewish,Jewish,Jewish,Ofsted,London,London,Barnet,Hendon,NW4 2NB,307,NULL,NULL,NULL,NULL,NULL,NULL,NULL,NULL,NULL,NULL,NULL,NULL,NULL,NULL,10322574,Independent School standard inspection,Independent Standard Inspection,04/06/2024,23/07/2024,3,3,2,3,3,Yes,2,NULL,Y,Did not meet all standards,Not met,Not met,Met,Met,Met,Met,Met,Not met,10410738,Independent school Progress Monitoring inspection,09/09/2025,2025/26,26/10/2025,Did not meet all standards that were checked,
131122,3736028,Al-Mahad Al-Islami,Other Independent School,Independent faith school,27/11/1996,Has a sixth form,Muslim,Islam,Muslim,Ofsted,"North East, Yorkshire and the Humber",Yorkshire and the Humber,Sheffield,Sheffield South East,S9 5FP,76,NULL,NULL,NULL,NULL,NULL,NULL,NULL,NULL,NULL,NULL,NULL,NULL,NULL,NULL,10321495,Independent School standard inspection,Independent Standard Inspection,15/10/2024,24/11/2024,2,2,1,2,2,Yes,NULL,NULL,Y,All standards Met,Met,Met,Met,Met,Met,Met,Met,Met,NULL,NULL,NULL,NULL,NULL,NULL,
131127,8466020,Drive Preparatory School,Other Independent School,Other independent school,04/12/1996,Not applicable,None,None,Non-faith,Ofsted,South East,South East,Brighton and Hove,Hove and Portslade,BN3 6GE,35,NULL,NULL,NULL,NULL,NULL,NULL,NULL,NULL,NULL,NULL,NULL,NULL,NULL,NULL,10374996,Independent School standard inspection,Independent Standard Inspection,20/05/2025,30/06/2025,4,4,3,4,4,No,NULL,NULL,Y,Did not meet all standards,Not met,Not met,Not met,Not met,Not met,Not met,Met,Not met,NULL,NULL,NULL,NULL,NULL,NULL,
131128,3026107,Finchley and Acton Yochien School,Other Independent School,Other independent school,04/12/1996,Does not have a sixth form,None,None,Non-faith,Ofsted,London,London,Barnet,Finchley and Golders Green,N3 1UE,84,NULL,NULL,NULL,NULL,NULL,NULL,NULL,NULL,NULL,NULL,NULL,NULL,NULL,NULL,10391722,Independent School standard inspection,Independent Standard Inspection,15/07/2025,21/09/2025,2,2,1,2,2,Yes,NULL,NULL,Y,All standards Met,Met,Met,Met,Met,Met,Met,Met,Met,NULL,NULL,NULL,NULL,NULL,NULL,
131138,8886030,Progress School,Other Independent Special School,Independent special school,16/12/1996,Has a sixth form,None,None,Non-faith,Ofsted,North West,North West,Lancashire,Chorley,PR5 6AQ,12,NULL,NULL,NULL,NULL,NULL,NULL,NULL,NULL,NULL,NULL,NULL,NULL,NULL,NULL,10322492,Independent School standard inspection,Independent Standard Inspection,25/06/2024,25/09/2024,1,1,1,1,1,Yes,NULL,NULL,Y,All standards Met,Met,Met,Met,Met,Met,Met,Met,Met,NULL,NULL,NULL,NULL,NULL,NULL,
131164,3306094,Green Oak Academy,Other Independent School,Independent faith school,16/01/1997,Does not have a sixth form,None,Islam,Muslim,Ofsted,West Midlands,West Midlands,Birmingham,Birmingham Hall Green and Moseley,B13 9BB,79,NULL,NULL,NULL,NULL,NULL,NULL,NULL,NULL,NULL,NULL,NULL,NULL,NULL,NULL,10299178,Independent School standard inspection,Independent Standard Inspection,14/11/2023,20/12/2023,2,2,2,2,2,Yes,NULL,NULL,Y,All standards Met,Met,Met,Met,Met,Met,Met,Met,Met,NULL,NULL,NULL,NULL,NULL,NULL,
131170,2046398,Beis Aharon School,Other Independent School,Independent faith school,03/02/1997,Does not have a sixth form,None,Orthodox Jewish,Jewish,Ofsted,London,London,Hackney,Tottenham,N16 5ED,271,NULL,NULL,NULL,NULL,NULL,NULL,NULL,NULL,NULL,NULL,NULL,NULL,NULL,NULL,10391723,Independent School standard inspection,Independent Standard Inspection,24/06/2025,03/09/2025,2,2,2,2,2,Yes,2,NULL,Y,All standards Met,Met,Met,Met,Met,Met,Met,Met,Met,NULL,NULL,NULL,NULL,NULL,NULL,
131171,8936099,Darwin School,Other Independent Special School,Independent special school,16/01/2006,Not applicable,None,None,Non-faith,Ofsted,West Midlands,West Midlands,Shropshire,Hertsmere,EN6 1BB,5,NULL,NULL,NULL,NULL,NULL,NULL,NULL,NULL,NULL,NULL,NULL,NULL,NULL,NULL,10391724,Independent School standard inspection,Independent Standard Inspection,08/07/2025,30/09/2025,3,2,2,2,3,Yes,NULL,0,Y,Did not meet all standards,Met,Met,Not met,Met,Not met,Met,Met,Not met,10435150,Independent school Progress Monitoring inspection,03/03/2026,2025/26,28/04/2026,Met all standards that were checked,
131181,8866073,Beech Grove School,Other Independent School,Independent faith school,21/02/1997,Has a sixth form,Christian,Christian,Christian,Ofsted,South East,South East,Kent,Dover and Deal,CT15 4FB,81,NULL,NULL,NULL,NULL,NULL,NULL,NULL,NULL,NULL,NULL,NULL,NULL,NULL,NULL,10322064,Independent School standard inspection,Education and boarding aligned inspection,30/04/2024,20/06/2024,2,2,1,1,2,Yes,2,1,Y,All standards Met,Met,Met,Met,Met,Met,Met,Met,Met,NULL,NULL,NULL,NULL,NULL,NULL,
131237,2106391,Cavendish School,Other Independent Special School,Independent special school,12/03/1997,Does not have a sixth form,None,None,Non-faith,Ofsted,London,London,Southwark,Bermondsey and Old Southwark,SE16 2PA,38,NULL,NULL,NULL,NULL,NULL,NULL,NULL,NULL,NULL,NULL,NULL,NULL,NULL,NULL,10299179,Independent School standard inspection,Independent Standard Inspection,19/03/2024,12/05/2024,2,2,2,2,2,Yes,NULL,NULL,Y,All standards Met,Met,Met,Met,Met,Met,Met,Met,Met,NULL,NULL,NULL,NULL,NULL,NULL,
131261,3026119,Barnet Hill Academy,Other Independent School,Independent faith school,09/02/2006,Does not have a sixth form,Islam,Muslim,Muslim,Ofsted,London,London,Barnet,Hendon,NW4 3ES,175,NULL,NULL,NULL,NULL,NULL,NULL,NULL,NULL,NULL,NULL,NULL,NULL,NULL,NULL,10322575,Independent School standard inspection,Independent Standard Inspection,11/06/2024,08/09/2024,2,2,2,1,2,Yes,2,NULL,Y,All standards Met,Met,Met,Met,Met,Met,Met,Met,Met,NULL,NULL,NULL,NULL,NULL,NULL,
131288,3026109,WENTWORTH COLLEGE,Other Independent School,Other independent school,13/06/1997,Has a sixth form,None,None,Non-faith,Ofsted,London,London,Barnet,Hendon,NW11 9LH,47,NULL,NULL,NULL,NULL,NULL,NULL,NULL,NULL,NULL,NULL,NULL,NULL,NULL,NULL,10391725,Independent School standard inspection,Independent Standard Inspection,09/09/2025,19/10/2025,1,1,1,1,1,Yes,NULL,1,Y,All standards Met,Met,Met,Met,Met,Met,Met,Met,Met,NULL,NULL,NULL,NULL,NULL,NULL,
131291,2026396,The Academy School,Other Independent School,Other independent school,04/06/1997,Does not have a sixth form,None,None,Non-faith,Ofsted,London,London,Camden,Hampstead and Highgate,NW3 1NG,84,NULL,NULL,NULL,NULL,NULL,NULL,NULL,NULL,NULL,NULL,NULL,NULL,NULL,NULL,10299180,Independent School standard inspection,Independent Standard Inspection,14/11/2023,18/01/2024,1,1,1,1,1,Yes,NULL,NULL,Y,All standards Met,Met,Met,Met,Met,Met,Met,Met,Met,NULL,NULL,NULL,NULL,NULL,NULL,
131342,2046400,Beis Trana Girls' School,Other Independent School,Independent faith school,16/09/1997,Does not have a sixth form,None,Jewish,Jewish,Ofsted,London,London,Hackney,Hackney North and Stoke Newington,E5 9DH,266,NULL,NULL,NULL,NULL,NULL,NULL,NULL,NULL,NULL,NULL,NULL,NULL,NULL,NULL,10322576,Independent School standard inspection,Independent Standard Inspection,12/11/2024,13/01/2025,3,2,1,3,3,Yes,2,NULL,Y,Did not meet all standards,Not met,Not met,Met,Met,Met,Met,Met,Not met,NULL,NULL,NULL,NULL,NULL,NULL,
131351,3146070,Educare Small School,Other Independent School,Other independent school,22/09/1997,Does not have a sixth form,None,None,Non-faith,Ofsted,London,London,Kingston upon Thames,Richmond Park,KT2 6DZ,36,NULL,NULL,NULL,NULL,NULL,NULL,NULL,NULL,NULL,NULL,NULL,NULL,NULL,NULL,10322577,Independent School standard inspection,Independent Standard Inspection,18/06/2024,18/09/2024,2,2,2,2,2,Yes,2,NULL,Y,All standards Met,Met,Met,Met,Met,Met,Met,Met,Met,NULL,NULL,NULL,NULL,NULL,NULL,
131353,8846011,Queenswood School,Other Independent Special School,Independent special school,22/09/1997,Has a sixth form,None,None,Non-faith,Ofsted,West Midlands,West Midlands,Herefordshire,North Herefordshire,HR8 2PZ,42,NULL,NULL,NULL,NULL,NULL,NULL,NULL,NULL,NULL,NULL,NULL,NULL,NULL,NULL,10342018,Independent School standard inspection,Independent Standard Inspection,01/10/2024,11/11/2024,2,2,2,2,2,Yes,NULL,NULL,Y,All standards Met,Met,Met,Met,Met,Met,Met,Met,Met,NULL,NULL,NULL,NULL,NULL,NULL,
131355,8886034,Jamea Al Kauthar,Other Independent School,Independent faith school,26/09/1997,Has a sixth form,None,Muslim,Muslim,Ofsted,North West,North West,Lancashire,Lancaster and Wyre,LA1 5AJ,275,NULL,NULL,NULL,NULL,NULL,NULL,NULL,NULL,NULL,NULL,NULL,NULL,NULL,NULL,10375128,Independent School standard inspection,Independent Standard Inspection,07/05/2025,08/07/2025,2,2,1,1,2,Yes,NULL,2,Y,All standards Met,Met,Met,Met,Met,Met,Met,Met,Met,NULL,NULL,NULL,NULL,NULL,NULL,
131356,8466043,The Lioncare School,Other Independent Special School,Independent special school,29/09/1997,Not applicable,None,None,Non-faith,Ofsted,South East,South East,Brighton and Hove,Hove and Portslade,BN3 5HD,16,NULL,NULL,NULL,NULL,NULL,NULL,NULL,NULL,NULL,NULL,NULL,NULL,NULL,NULL,10342020,Independent School standard inspection,Independent Standard Inspection,05/11/2024,03/12/2024,2,2,2,2,2,Yes,NULL,NULL,Y,All standards Met,Met,Met,Met,Met,Met,Met,Met,Met,NULL,NULL,NULL,NULL,NULL,NULL,
131379,3546036,Cedar Lodge School,Other Independent Special School,Independent special school,08/03/2006,Not applicable,None,None,Non-faith,Ofsted,North West,North West,Rochdale,Preston,PR2 2DW,4,NULL,NULL,NULL,NULL,NULL,NULL,NULL,NULL,NULL,NULL,NULL,NULL,NULL,NULL,10299181,Independent School standard inspection,Independent Standard Inspection,07/02/2024,05/03/2024,1,1,1,1,1,Yes,NULL,NULL,Y,All standards Met,Met,Met,Met,Met,Met,Met,Met,Met,NULL,NULL,NULL,NULL,NULL,NULL,
131388,2116387,Jamiatul Ummah School,Other Independent School,Independent faith school,13/10/1997,Does not have a sixth form,None,Muslim,Muslim,Ofsted,London,London,Tower Hamlets,Bethnal Green and Stepney,E1 2ND,190,NULL,NULL,NULL,NULL,NULL,NULL,NULL,NULL,NULL,NULL,NULL,NULL,NULL,NULL,10342021,Independent School standard inspection,Independent Standard Inspection,04/02/2025,13/03/2025,1,1,1,1,1,Yes,NULL,NULL,Y,All standards Met,Met,Met,Met,Met,Met,Met,Met,Met,NULL,NULL,NULL,NULL,NULL,NULL,
131389,8896005,Jamiatul-Ilm Wal-Huda UK School,Other Independent School,Independent faith school,14/10/1997,Has a sixth form,None,Muslim,Muslim,Ofsted,North West,North West,Blackburn with Darwen,Blackburn,BB1 5JT,377,NULL,NULL,NULL,NULL,NULL,NULL,NULL,NULL,NULL,NULL,NULL,NULL,NULL,NULL,10278311,Independent School standard inspection,Independent Standard Inspection,04/07/2023,26/09/2023,2,2,1,1,2,Yes,NULL,2,Y,All standards Met,Met,Met,Met,Met,Met,Met,Met,Met,NULL,NULL,NULL,NULL,NULL,NULL,
131403,3026110,Tiferes High School,Other Independent School,Independent faith school,28/10/1997,Does not have a sixth form,None,Jewish,Jewish,Ofsted,London,London,Barnet,Hendon,NW4 2TA,149,NULL,NULL,NULL,NULL,NULL,NULL,NULL,NULL,NULL,NULL,NULL,NULL,NULL,NULL,10286397,Independent School standard inspection,Independent Standard Inspection,25/06/2024,25/09/2024,3,2,2,3,3,Yes,NULL,NULL,Y,Did not meet all standards,Not met,Not met,Met,Met,Met,Met,Met,Not met,NULL,NULL,NULL,NULL,NULL,NULL,
131422,8866076,The Old Priory School,Other Independent Special School,Independent special school,17/11/1997,Not applicable,None,None,Non-faith,Ofsted,South East,South East,Kent,East Thanet,CT11 9PG,15,NULL,NULL,NULL,NULL,NULL,NULL,NULL,NULL,NULL,NULL,NULL,NULL,NULL,NULL,10342022,Independent School standard inspection,Independent Standard Inspection,22/10/2024,20/11/2024,2,2,1,1,2,Yes,NULL,NULL,Y,All standards Met,Met,Met,Met,Met,Met,Met,Met,Met,NULL,NULL,NULL,NULL,NULL,NULL,
131435,3556035,Talmud Torah Yetev Lev,Other Independent School,Other independent school,08/12/1997,Does not have a sixth form,None,None,Non-faith,Ofsted,North West,North West,Salford,Salford,M7 2BT,431,NULL,NULL,NULL,NULL,NULL,NULL,NULL,NULL,NULL,NULL,NULL,NULL,NULL,NULL,10342023,Independent School standard inspection,Independent Standard Inspection,05/11/2024,02/12/2024,3,3,2,3,3,Yes,2,NULL,Y,All standards Met,Met,Met,Met,Met,Met,Met,Met,Met,NULL,NULL,NULL,NULL,NULL,NULL,
131455,9336211,Cambian Somerset School,Other Independent Special School,Independent special school,01/04/2006,Not applicable,None,None,Non-faith,Ofsted,South West,South West,Somerset,Taunton and Wellington,TA3 5PX,41,NULL,NULL,NULL,NULL,NULL,NULL,NULL,NULL,NULL,NULL,NULL,NULL,NULL,NULL,10342024,Independent School standard inspection,Independent Standard Inspection,25/02/2025,30/03/2025,2,2,2,2,2,Yes,NULL,NULL,Y,All standards Met,Met,Met,Met,Met,Met,Met,Met,Met,NULL,NULL,NULL,NULL,NULL,NULL,
131462,8256031,The Pace Centre,Other Independent Special School,Independent special school,27/01/1998,Not applicable,None,None,Non-faith,Ofsted,South East,South East,Buckinghamshire,Aylesbury,HP19 9JL,42,NULL,NULL,NULL,NULL,NULL,NULL,NULL,NULL,NULL,NULL,NULL,NULL,NULL,NULL,10286398,Independent School standard inspection,Independent Standard Inspection,31/10/2023,12/12/2023,1,1,1,1,1,Yes,NULL,NULL,Y,All standards Met,Met,Met,Met,Met,Met,Met,Met,Met,NULL,NULL,NULL,NULL,NULL,NULL,
131504,9386265,The Amicus School,Other Independent Special School,Independent special school,29/03/2006,Not applicable,None,None,Non-faith,Ofsted,South East,South East,West Sussex,Arundel and South Downs,BN18 0SX,28,NULL,NULL,NULL,NULL,NULL,NULL,NULL,NULL,NULL,NULL,NULL,NULL,NULL,NULL,10391726,Independent School standard inspection,Independent Standard Inspection,16/09/2025,08/02/2026,3,2,2,1,3,Yes,NULL,NULL,Y,Did not meet all standards,Met,Met,Met,Met,Met,Met,Met,Not met,NULL,NULL,NULL,NULL,NULL,NULL,
131531,8506085,Tadley Court School,Other Independent Special School,Independent special school,06/04/2006,Has a sixth form,None,None,Non-faith,Ofsted,South East,South East,Hampshire,North West Hampshire,RG26 3TB,65,NULL,NULL,NULL,NULL,NULL,NULL,NULL,NULL,NULL,NULL,NULL,NULL,NULL,NULL,10391727,Independent School standard inspection,Independent Standard Inspection,16/09/2025,20/10/2025,2,2,1,2,2,Yes,NULL,2,Y,All standards Met,Met,Met,Met,Met,Met,Met,Met,Met,NULL,NULL,NULL,NULL,NULL,NULL,
131536,8916026,Blue Mountain Education,Other Independent Special School,Independent special school,07/04/2006,Not applicable,None,None,Non-faith,Ofsted,East Midlands,East Midlands,Nottinghamshire,Broxtowe,NG16 2SD,15,NULL,NULL,NULL,NULL,NULL,NULL,NULL,NULL,NULL,NULL,NULL,NULL,NULL,NULL,10342025,Independent School standard inspection,Independent Standard Inspection,03/12/2024,14/01/2025,2,2,2,2,2,Yes,NULL,NULL,Y,All standards Met,Met,Met,Met,Met,Met,Met,Met,Met,NULL,NULL,NULL,NULL,NULL,NULL,
131551,3566027,Acorns School,Other Independent Special School,Independent special school,05/06/1998,Has a sixth form,None,None,Non-faith,Ofsted,North West,North West,Stockport,Hazel Grove,SK6 7NN,41,NULL,NULL,NULL,NULL,NULL,NULL,NULL,NULL,NULL,NULL,NULL,NULL,NULL,NULL,10375129,Independent School standard inspection,Independent Standard Inspection,29/04/2025,09/06/2025,3,3,2,2,3,Yes,NULL,NULL,Y,Did not meet all standards,Not met,Met,Met,Met,Met,Met,Met,Not met,10421002,Independent school Progress Monitoring inspection,04/11/2025,2025/26,01/12/2025,Met all standards that were checked,
131556,8526009,The Serendipity School,Other Independent Special School,Independent special school,10/04/2006,Not applicable,None,None,Non-faith,Ofsted,South East,South East,Southampton,Southampton Itchen,SO19 6DS,26,NULL,NULL,NULL,NULL,NULL,NULL,NULL,NULL,NULL,NULL,NULL,NULL,NULL,NULL,10322065,Independent School standard inspection,Independent Standard Inspection,04/06/2024,02/07/2024,1,1,1,1,1,Yes,NULL,NULL,Y,All standards Met,Met,Met,Met,Met,Met,Met,Met,Met,NULL,NULL,NULL,NULL,NULL,NULL,
131567,8866113,St Helens Montessori School,Other Independent School,Independent faith school,13/04/2006,Does not have a sixth form,None,Christian,Christian,Ofsted,South East,South East,Kent,Weald of Kent,ME15 0JT,50,NULL,NULL,NULL,NULL,NULL,NULL,NULL,NULL,NULL,NULL,NULL,NULL,NULL,NULL,10322066,Independent School standard inspection,Independent Standard Inspection,23/04/2024,10/06/2024,1,1,1,1,1,Yes,1,NULL,Y,All standards Met,Met,Met,Met,Met,Met,Met,Met,Met,NULL,NULL,NULL,NULL,NULL,NULL,
131575,8886094,Oliver House School,Other Independent Special School,Independent special school,26/04/2006,Not applicable,None,None,Non-faith,Ofsted,North West,North West,Lancashire,Chorley,PR7 1XA,52,NULL,NULL,NULL,NULL,NULL,NULL,NULL,NULL,NULL,NULL,NULL,NULL,NULL,NULL,10286399,Independent School standard inspection,Independent Standard Inspection,10/10/2023,14/11/2023,1,1,1,1,1,Yes,NULL,1,Y,All standards Met,Met,Met,Met,Met,Met,Met,Met,Met,NULL,NULL,NULL,NULL,NULL,NULL,
131611,8866079,West Heath School,Other Independent Special School,Independent special school,03/08/1998,Not applicable,None,None,Non-faith,Ofsted,South East,South East,Kent,Sevenoaks,TN13 1SR,139,NULL,NULL,NULL,NULL,NULL,NULL,NULL,NULL,NULL,NULL,NULL,NULL,NULL,NULL,10342026,Independent School standard inspection,Independent Standard Inspection,01/04/2025,11/05/2025,2,2,2,1,2,Yes,NULL,2,Y,All standards Met,Met,Met,Met,Met,Met,Met,Met,Met,NULL,NULL,NULL,NULL,NULL,NULL,
131687,3306097,Hamd House School,Other Independent School,Independent faith school,12/10/1998,Does not have a sixth form,Islam,Muslim,Muslim,Ofsted,West Midlands,West Midlands,Birmingham,Birmingham Ladywood,B9 4US,375,NULL,NULL,NULL,NULL,NULL,NULL,NULL,NULL,NULL,NULL,NULL,NULL,NULL,NULL,10290776,Independent School standard inspection,Independent Standard Inspection,04/07/2023,25/09/2023,1,1,1,1,1,Yes,NULL,NULL,Y,All standards Met,Met,Met,Met,Met,Met,Met,Met,Met,NULL,NULL,NULL,NULL,NULL,NULL,
131715,8786060,On Track Education Totnes,Other Independent Special School,Independent special school,06/06/2006,Not applicable,None,None,Non-faith,Ofsted,South West,South West,Devon,South Devon,TQ9 5LQ,43,NULL,NULL,NULL,NULL,NULL,NULL,NULL,NULL,NULL,NULL,NULL,NULL,NULL,NULL,10391728,Independent School standard inspection,Independent Standard Inspection,24/06/2025,17/09/2025,2,2,2,2,2,Yes,NULL,NULL,Y,All standards Met,Met,Met,Met,Met,Met,Met,Met,Met,NULL,NULL,NULL,NULL,NULL,NULL,
131751,3536019,Brookland School,Other Independent Special School,Independent special school,13/06/2006,Not applicable,None,None,Non-faith,Ofsted,North West,North West,Oldham,Rochdale,OL16 3NP,28,NULL,NULL,NULL,NULL,NULL,NULL,NULL,NULL,NULL,NULL,NULL,NULL,NULL,NULL,10286400,Independent School standard inspection,Independent Standard Inspection,19/09/2023,23/10/2023,2,2,2,2,2,Yes,NULL,NULL,Y,All standards Met,Met,Met,Met,Met,Met,Met,Met,Met,NULL,NULL,NULL,NULL,NULL,NULL,
131780,8866084,Greenfields School,Other Independent Special School,Independent special school,15/03/1999,Not applicable,None,None,Non-faith,Ofsted,South East,South East,Kent,Weald of Kent,TN27 8BE,17,NULL,NULL,NULL,NULL,NULL,NULL,NULL,NULL,NULL,NULL,NULL,NULL,NULL,NULL,10342027,Independent School standard inspection,Independent Standard Inspection,10/12/2024,28/01/2025,2,2,2,2,2,Yes,NULL,NULL,Y,All standards Met,Met,Met,Met,Met,Met,Met,Met,Met,NULL,NULL,NULL,NULL,NULL,NULL,
131788,3076080,Greek Primary School of London,Other Independent School,Independent faith school,08/03/1999,Does not have a sixth form,None,Greek Orthodox,Christian,Ofsted,London,London,Ealing,Ealing Central and Acton,W3 9JR,27,NULL,NULL,NULL,NULL,NULL,NULL,NULL,NULL,NULL,NULL,NULL,NULL,NULL,NULL,10322578,Independent School standard inspection,Independent Standard Inspection,12/11/2024,12/12/2024,4,3,2,3,4,No,4,NULL,Y,Did not meet all standards,Not met,Met,Not met,Met,Met,Not met,Met,Not met,10426162,Independent school Progress Monitoring inspection,03/12/2025,2025/26,02/02/2026,Did not meet all standards that were checked,
131792,8966028,iMap Centre,Other Independent Special School,Independent special school,24/03/1999,Has a sixth form,None,None,Non-faith,Ofsted,North West,North West,Cheshire West and Chester,Runcorn and Helsby,CH3 7JA,18,NULL,NULL,NULL,NULL,NULL,NULL,NULL,NULL,NULL,NULL,NULL,NULL,NULL,NULL,10299182,Independent School standard inspection,Independent Standard Inspection,30/01/2024,26/03/2024,2,2,2,2,2,Yes,NULL,2,Y,All standards Met,Met,Met,Met,Met,Met,Met,Met,Met,NULL,NULL,NULL,NULL,NULL,NULL,
131802,9416067,Cambian Northampton School,Other Independent Special School,Independent special school,21/04/1999,Not applicable,None,None,Non-faith,Ofsted,East Midlands,East Midlands,West Northamptonshire,Northampton North,NN2 6LR,24,NULL,NULL,NULL,NULL,NULL,NULL,NULL,NULL,NULL,NULL,NULL,NULL,NULL,NULL,10299183,Independent School standard inspection,Independent Standard Inspection,14/11/2023,18/01/2024,2,2,2,1,2,Yes,NULL,NULL,Y,All standards Met,Met,Met,Met,Met,Met,Met,Met,Met,NULL,NULL,NULL,NULL,NULL,NULL,
131810,8866085,Little Acorns School,Other Independent Special School,Independent special school,04/05/1999,Not applicable,None,None,Non-faith,Ofsted,South East,South East,Kent,Weald of Kent,TN30 6SR,26,NULL,NULL,NULL,NULL,NULL,NULL,NULL,NULL,NULL,NULL,NULL,NULL,NULL,NULL,10267619,Independent School standard inspection,Independent Standard Inspection,07/11/2023,10/12/2023,2,2,2,1,2,Yes,NULL,NULL,N,All standards Met,Met,Met,Met,Met,Met,Met,Met,Met,NULL,NULL,NULL,NULL,NULL,NULL,
131937,8736029,Waldorf Cambridge School,Other Independent School,Other independent school,06/09/1999,Does not have a sixth form,None,None,Non-faith,Ofsted,East of England,East of England,Cambridgeshire,South Cambridgeshire,CB21 5DZ,100,NULL,NULL,NULL,NULL,NULL,NULL,NULL,NULL,NULL,NULL,NULL,NULL,NULL,NULL,10374842,Independent School standard inspection,Independent Standard Inspection,08/07/2025,18/09/2025,3,3,3,2,3,Yes,2,NULL,Y,Did not meet all standards,Not met,Met,Not met,Met,Met,Met,Met,Not met,10438501,Independent school Progress Monitoring inspection,25/02/2026,2025/26,19/04/2026,Met all standards that were checked,
131975,9336200,North Hill House,Other Independent Special School,Independent special school,13/10/1999,Not applicable,None,None,Non-faith,Ofsted,South West,South West,Somerset,Frome and East Somerset,BA11 2HB,53,NULL,NULL,NULL,NULL,NULL,NULL,NULL,NULL,NULL,NULL,NULL,NULL,NULL,NULL,10299185,Independent School standard inspection,Independent Standard Inspection,06/02/2024,20/09/2024,4,4,3,3,4,Yes,NULL,NULL,Y,Did not meet all standards,Not met,Met,Met,Met,Met,Met,Met,Not met,10357869,Independent school Progress Monitoring inspection,26/11/2024,2024/25,16/01/2025,Met all standards that were checked,
131976,9366579,Jigsaw CABAS School,Other Independent Special School,Independent special school,12/10/1999,Has a sixth form,None,Inter- / non- denominational,Non-faith,Ofsted,South East,South East,Surrey,Godalming and Ash,GU6 8TB,80,NULL,NULL,NULL,NULL,NULL,NULL,NULL,NULL,NULL,NULL,NULL,NULL,NULL,NULL,10286402,Independent School standard inspection,Independent Standard Inspection,12/09/2023,10/10/2023,1,1,1,1,1,Yes,NULL,1,Y,All standards Met,Met,Met,Met,Met,Met,Met,Met,Met,NULL,NULL,NULL,NULL,NULL,NULL,
131978,2026399,Maria Montessori School,Other Independent School,Other independent school,15/10/1999,Does not have a sixth form,None,None,Non-faith,Ofsted,London,London,Camden,Hampstead and Highgate,NW3 5NW,189,NULL,NULL,NULL,NULL,NULL,NULL,NULL,NULL,NULL,NULL,NULL,NULL,NULL,NULL,10375101,Independent School standard inspection,Independent Standard Inspection,03/06/2025,10/07/2025,2,2,1,1,2,Yes,1,NULL,Y,All standards Met,Met,Met,Met,Met,Met,Met,Met,Met,NULL,NULL,NULL,NULL,NULL,NULL,
132003,8696014,Priors Court School,Other Independent Special School,Independent special school,18/11/1999,Not applicable,None,None,Non-faith,Ofsted,South East,South East,West Berkshire,Newbury,RG18 9NU,64,NULL,NULL,NULL,NULL,NULL,NULL,NULL,NULL,NULL,NULL,NULL,NULL,NULL,NULL,10342029,Independent School standard inspection,Independent Standard Inspection,11/02/2025,20/03/2025,1,1,1,1,1,Yes,NULL,1,Y,All standards Met,Met,Met,Met,Met,Met,Met,Met,Met,NULL,NULL,NULL,NULL,NULL,NULL,
132069,9386258,Apple Orchard School,Other Independent Special School,Independent special school,15/03/2000,Not applicable,None,None,Non-faith,Ofsted,South East,South East,West Sussex,Horsham,RH13 0RQ,15,NULL,NULL,NULL,NULL,NULL,NULL,NULL,NULL,NULL,NULL,NULL,NULL,NULL,NULL,10391729,Independent School standard inspection,Independent Standard Inspection,16/09/2025,06/10/2025,2,2,2,1,2,Yes,NULL,2,Y,All standards Met,Met,Met,Met,Met,Met,Met,Met,Met,NULL,NULL,NULL,NULL,NULL,NULL,
132079,8886046,Moorlands View School,Other Independent Special School,Independent special school,14/03/2000,Not applicable,None,None,Non-faith,Ofsted,North West,North West,Lancashire,Burnley,BB11 5PQ,18,NULL,NULL,NULL,NULL,NULL,NULL,NULL,NULL,NULL,NULL,NULL,NULL,NULL,NULL,10267621,Independent School standard inspection,Independent Standard Inspection,13/07/2023,28/09/2023,2,2,2,2,2,Yes,NULL,NULL,Y,All standards Met,Met,Met,Met,Met,Met,Met,Met,Met,NULL,NULL,NULL,NULL,NULL,NULL,
132095,8886040,Lancaster Independent School for Alternative Learning (Lisal),Other Independent School,Other independent school,19/11/1999,Does not have a sixth form,None,None,Non-faith,Ofsted,North West,North West,Lancashire,Lancaster and Wyre,LA1 5QU,12,NULL,NULL,NULL,NULL,NULL,NULL,NULL,NULL,NULL,NULL,NULL,NULL,NULL,NULL,10267622,Independent School standard inspection,Independent Standard Inspection,23/05/2023,17/07/2023,2,2,2,2,2,Yes,NULL,NULL,Y,All standards Met,Met,Met,Met,Met,Met,Met,Met,Met,NULL,NULL,NULL,NULL,NULL,NULL,
132099,3826021,Paradise Primary School,Other Independent School,Independent faith school,19/11/1999,Does not have a sixth form,None,Muslim,Muslim,Ofsted,"North East, Yorkshire and the Humber",Yorkshire and the Humber,Kirklees,Dewsbury and Batley,WF12 9BB,250,NULL,NULL,NULL,NULL,NULL,NULL,NULL,NULL,NULL,NULL,NULL,NULL,NULL,NULL,10374853,Independent School standard inspection,Independent Standard Inspection,23/09/2025,09/11/2025,2,2,2,2,2,Yes,2,NULL,Y,All standards Met,Met,Met,Met,Met,Met,Met,Met,Met,NULL,NULL,NULL,NULL,NULL,NULL,
132120,8306024,Pegasus School,Other Independent Special School,Independent special school,06/04/2000,Has a sixth form,None,None,Non-faith,Ofsted,East Midlands,East Midlands,Derbyshire,South Derbyshire,DE12 6RS,29,NULL,NULL,NULL,NULL,NULL,NULL,NULL,NULL,NULL,NULL,NULL,NULL,NULL,NULL,10374814,Independent School standard inspection,Independent Standard Inspection,17/06/2025,17/07/2025,1,1,1,1,1,Yes,NULL,NULL,Y,All standards Met,Met,Met,Met,Met,Met,Met,Met,Met,NULL,NULL,NULL,NULL,NULL,NULL,
132190,8926013,Fig Tree Primary School,Other Independent School,Independent faith school,13/07/2000,Does not have a sixth form,None,Muslim,Muslim,Ofsted,East Midlands,East Midlands,Nottingham,Nottingham East,NG7 4AF,97,NULL,NULL,NULL,NULL,NULL,NULL,NULL,NULL,NULL,NULL,NULL,NULL,NULL,NULL,10342031,Independent School standard inspection,Independent Standard Inspection,19/11/2024,19/12/2024,2,2,2,2,2,Yes,NULL,NULL,Y,All standards Met,Met,Met,Met,Met,Met,Met,Met,Met,NULL,NULL,NULL,NULL,NULL,NULL,
132732,3826026,Brian Jackson College,Other Independent School,Other independent school,11/07/2006,Has a sixth form,None,None,Non-faith,Ofsted,"North East, Yorkshire and the Humber",Yorkshire and the Humber,Kirklees,Spen Valley,WF16 0AD,72,NULL,NULL,NULL,NULL,NULL,NULL,NULL,NULL,NULL,NULL,NULL,NULL,NULL,NULL,10267623,Independent School standard inspection,Independent Standard Inspection,14/06/2023,17/07/2023,2,2,2,2,2,Yes,NULL,NULL,Y,All standards Met,Met,Met,Met,Met,Met,Met,Met,Met,NULL,NULL,NULL,NULL,NULL,NULL,
132735,8606024,Rugeley School,Other Independent Special School,Independent special school,10/10/2000,Has a sixth form,None,None,Non-faith,Ofsted,West Midlands,West Midlands,Staffordshire,Lichfield,WS15 3JQ,67,10427350,Independent School standard inspection,Independent standard inspection,24/02/2026,29/04/2026,Met,Expected standard,Expected standard,Expected standard,Expected standard,Strong standard,Not applicable,Expected standard,Expected standard,10267624,Independent School standard inspection,Independent Standard Inspection,07/03/2023,02/05/2023,2,2,2,2,2,Yes,NULL,2,Y,All standards Met,Met,Met,Met,Met,Met,Met,Met,Met,NULL,NULL,NULL,NULL,NULL,NULL,
132736,2046407,"Tawhid Boys School, Tawhid Educational Trust",Other Independent School,Independent faith school,12/10/2000,Does not have a sixth form,Islam,Muslim,Muslim,Ofsted,London,London,Hackney,Hackney North and Stoke Newington,N16 6PA,110,NULL,NULL,NULL,NULL,NULL,NULL,NULL,NULL,NULL,NULL,NULL,NULL,NULL,NULL,10375102,Independent School standard inspection,Independent Standard Inspection,07/05/2025,18/06/2025,2,2,2,2,2,Yes,NULL,NULL,Y,All standards Met,Met,Met,Met,Met,Met,Met,Met,Met,NULL,NULL,NULL,NULL,NULL,NULL,
132749,8896007,Islamiyah School,Other Independent School,Independent faith school,19/10/2000,Does not have a sixth form,Islam,Muslim,Muslim,Ofsted,North West,North West,Blackburn with Darwen,Blackburn,BB1 5NQ,175,NULL,NULL,NULL,NULL,NULL,NULL,NULL,NULL,NULL,NULL,NULL,NULL,NULL,NULL,10038840,Independent School standard inspection,Independent Standard Inspection,17/07/2018,18/09/2018,1,NULL,NULL,NULL,1,Yes,NULL,NULL,Y,All standards Met,Met,Met,Met,Met,Met,Met,Met,Met,NULL,NULL,NULL,NULL,NULL,NULL,
132750,3356010,Abu Bakr Al-Ihsaan Academy,Other Independent School,Independent faith school,18/10/2000,Does not have a sixth form,None,Muslim,Muslim,Ofsted,West Midlands,West Midlands,Walsall,Walsall and Bloxwich,WS1 4JJ,170,NULL,NULL,NULL,NULL,NULL,NULL,NULL,NULL,NULL,NULL,NULL,NULL,NULL,NULL,10342032,Independent School standard inspection,Independent Standard Inspection,28/01/2025,17/06/2025,4,3,2,2,4,No,2,NULL,N,Did not meet all standards,Not met,Met,Not met,Met,Not met,Not met,Not met,Not met,10423320,Independent school Progress Monitoring inspection,07/01/2026,2025/26,03/02/2026,Did not meet all standards that were checked,
132772,8936096,Access School ,Other Independent Special School,Independent special school,03/11/2000,Not applicable,None,None,Non-faith,Ofsted,West Midlands,West Midlands,Shropshire,North Shropshire,SY4 3EW,30,NULL,NULL,NULL,NULL,NULL,NULL,NULL,NULL,NULL,NULL,NULL,NULL,NULL,NULL,10299188,Independent School standard inspection,Independent Standard Inspection,30/04/2024,09/06/2024,2,2,2,2,2,Yes,NULL,NULL,Y,All standards Met,Met,Met,Met,Met,Met,Met,Met,Met,NULL,NULL,NULL,NULL,NULL,NULL,
132797,2116390,London Islamic School,Other Independent School,Independent faith school,07/12/2000,Does not have a sixth form,None,Islam,Muslim,Ofsted,London,London,Tower Hamlets,Bethnal Green and Stepney,E1 2HX,135,NULL,NULL,NULL,NULL,NULL,NULL,NULL,NULL,NULL,NULL,NULL,NULL,NULL,NULL,10299189,Independent School standard inspection,Independent Standard Inspection,11/06/2024,14/07/2024,2,2,1,2,2,Yes,NULL,NULL,Y,All standards Met,Met,Met,Met,Met,Met,Met,Met,Met,NULL,NULL,NULL,NULL,NULL,NULL,
132828,8886048,Westmorland School,Other Independent Special School,Independent special school,05/01/2001,Not applicable,None,None,Non-faith,Ofsted,North West,North West,Lancashire,Chorley,PR7 3NQ,67,NULL,NULL,NULL,NULL,NULL,NULL,NULL,NULL,NULL,NULL,NULL,NULL,NULL,NULL,10375131,Independent School standard inspection,Independent Standard Inspection,11/02/2025,24/03/2025,2,2,2,2,2,Yes,NULL,NULL,Y,All standards Met,Met,Met,Met,Met,Met,Met,Met,Met,NULL,NULL,NULL,NULL,NULL,NULL,
132848,3206501,Lantern of Knowledge Secondary School,Other Independent School,Independent faith school,12/07/2006,Does not have a sixth form,Muslim,Islam,Muslim,Ofsted,London,London,Waltham Forest,Leyton and Wanstead,E10 6QT,100,NULL,NULL,NULL,NULL,NULL,NULL,NULL,NULL,NULL,NULL,NULL,NULL,NULL,NULL,10267626,Independent School standard inspection,Independent Standard Inspection,19/09/2023,09/11/2023,2,2,2,2,2,Yes,NULL,NULL,Y,All standards Met,Met,Met,Met,Met,Met,Met,Met,Met,NULL,NULL,NULL,NULL,NULL,NULL,
132855,9296046,Howard House School,Other Independent Special School,Independent special school,19/07/2006,Not applicable,None,None,Non-faith,Ofsted,"North East, Yorkshire and the Humber",North East,Northumberland,Blyth and Ashington,NE22 6BB,32,NULL,NULL,NULL,NULL,NULL,NULL,NULL,NULL,NULL,NULL,NULL,NULL,NULL,NULL,10374854,Independent School standard inspection,Independent Standard Inspection,03/06/2025,25/06/2025,2,2,2,2,2,Yes,NULL,NULL,Y,All standards Met,Met,Met,Met,Met,Met,Met,Met,Met,NULL,NULL,NULL,NULL,NULL,NULL,
133262,3416082,Lakeside School,Other Independent Special School,Independent special school,16/02/2001,Not applicable,None,None,Non-faith,Ofsted,North West,North West,Liverpool,Knowsley,L27 2YA,91,NULL,NULL,NULL,NULL,NULL,NULL,NULL,NULL,NULL,NULL,NULL,NULL,NULL,NULL,10322493,Independent School standard inspection,Independent Standard Inspection,25/06/2024,09/09/2024,1,1,1,1,1,Yes,NULL,NULL,Y,All standards Met,Met,Met,Met,Met,Met,Met,Met,Met,NULL,NULL,NULL,NULL,NULL,NULL,
133285,3506018,Madrasatul Imam Muhammad Zakariya,Other Independent School,Independent faith school,05/03/2001,Has a sixth form,Islam,Muslim,Muslim,Ofsted,North West,North West,Bolton,Bolton North East,BL1 8LX,123,NULL,NULL,NULL,NULL,NULL,NULL,NULL,NULL,NULL,NULL,NULL,NULL,NULL,NULL,10299190,Independent School standard inspection,Independent Standard Inspection,27/02/2024,24/04/2024,2,2,1,2,2,Yes,NULL,2,Y,All standards Met,Met,Met,Met,Met,Met,Met,Met,Met,NULL,NULL,NULL,NULL,NULL,NULL,
133298,8866089,The Davenport School,Other Independent Special School,Independent special school,03/04/2001,Not applicable,None,None,Non-faith,Ofsted,South East,South East,Kent,Dover and Deal,CT13 0NY,18,NULL,NULL,NULL,NULL,NULL,NULL,NULL,NULL,NULL,NULL,NULL,NULL,NULL,NULL,10374997,Independent School standard inspection,Independent Standard Inspection,08/07/2025,17/09/2025,2,2,1,1,2,Yes,NULL,NULL,Y,All standards Met,Met,Met,Met,Met,Met,Met,Met,Met,NULL,NULL,NULL,NULL,NULL,NULL,
133307,2116391,Mazahirul Uloom London School,Other Independent School,Independent faith school,15/01/2001,Does not have a sixth form,None,Islam,Muslim,Ofsted,London,London,Tower Hamlets,Bethnal Green and Stepney,E1 4AA,117,NULL,NULL,NULL,NULL,NULL,NULL,NULL,NULL,NULL,NULL,NULL,NULL,NULL,NULL,10286403,Independent School standard inspection,Independent Standard Inspection,10/10/2023,27/11/2023,2,2,2,2,2,Yes,NULL,NULL,Y,All standards Met,Met,Met,Met,Met,Met,Met,Met,Met,NULL,NULL,NULL,NULL,NULL,NULL,
133346,9436051,Fell House School,Other Independent Special School,Independent special school,31/05/2001,Not applicable,None,None,Non-faith,Ofsted,North West,North West,Westmorland and Furness,Westmorland and Lonsdale,LA11 6AS,8,NULL,NULL,NULL,NULL,NULL,NULL,NULL,NULL,NULL,NULL,NULL,NULL,NULL,NULL,10322494,Independent School standard inspection,Independent Standard Inspection,16/04/2024,20/05/2024,2,2,1,1,2,Yes,NULL,NULL,Y,All standards Met,Met,Met,Met,Met,Met,Met,Met,Met,NULL,NULL,NULL,NULL,NULL,NULL,
133385,3046079,The School of the Islamic Republic of Iran,Other Independent School,Independent faith school,10/07/2001,Does not have a sixth form,None,Muslim,Muslim,Ofsted,London,London,Brent,Queen's Park and Maida Vale,NW6 5HE,65,NULL,NULL,NULL,NULL,NULL,NULL,NULL,NULL,NULL,NULL,NULL,NULL,NULL,NULL,10342034,Independent School standard inspection,Independent Standard Inspection,26/11/2024,21/01/2025,3,3,1,2,3,Yes,NULL,NULL,Y,Did not meet all standards,Not met,Met,Met,Met,Met,Met,Met,Not met,10424899,Independent school Progress Monitoring inspection,12/11/2025,2025/26,11/01/2026,Did not meet all standards that were checked,
133392,8786202,Blackford Education (Schools) Ltd t/a the Libra School,Other Independent Special School,Independent special school,20/07/2001,Not applicable,None,None,Non-faith,Ofsted,South West,South West,Devon,North Devon,EX36 3LN,47,NULL,NULL,NULL,NULL,NULL,NULL,NULL,NULL,NULL,NULL,NULL,NULL,NULL,NULL,10342035,Independent School standard inspection,Independent Standard Inspection,28/01/2025,10/03/2025,1,1,1,1,1,Yes,NULL,NULL,Y,All standards Met,Met,Met,Met,Met,Met,Met,Met,Met,NULL,NULL,NULL,NULL,NULL,NULL,
133429,8116012,Cambian Beverley School,Other Independent Special School,Independent special school,12/09/2001,Not applicable,None,None,Non-faith,Ofsted,"North East, Yorkshire and the Humber",Yorkshire and the Humber,East Riding of Yorkshire,Beverley and Holderness,HU17 0EW,13,NULL,NULL,NULL,NULL,NULL,NULL,NULL,NULL,NULL,NULL,NULL,NULL,NULL,NULL,10321496,Independent School standard inspection,Independent Standard Inspection,30/04/2024,09/06/2024,2,2,2,2,2,Yes,NULL,NULL,Y,All standards Met,Met,Met,Met,Met,Met,Met,Met,Met,NULL,NULL,NULL,NULL,NULL,NULL,
133439,2046409,Side By Side School,Other Independent Special School,Independent special school,25/09/2001,Not applicable,None,Jewish,Jewish,Ofsted,London,London,Hackney,Hackney North and Stoke Newington,N16 0QJ,110,NULL,NULL,NULL,NULL,NULL,NULL,NULL,NULL,NULL,NULL,NULL,NULL,NULL,NULL,10375103,Independent School standard inspection,Independent Standard Inspection,01/07/2025,09/09/2025,1,1,1,1,1,Yes,1,1,Y,All standards Met,Met,Met,Met,Met,Met,Met,Met,Met,NULL,NULL,NULL,NULL,NULL,NULL,
133449,2046410,Al-Falah Primary School,Other Independent School,Independent faith school,17/10/2001,Does not have a sixth form,None,Muslim,Muslim,Ofsted,London,London,Hackney,Hackney North and Stoke Newington,E5 8BY,105,NULL,NULL,NULL,NULL,NULL,NULL,NULL,NULL,NULL,NULL,NULL,NULL,NULL,NULL,10322579,Independent School standard inspection,Independent Standard Inspection,02/07/2024,12/09/2024,2,2,1,1,2,Yes,NULL,NULL,Y,All standards Met,Met,Met,Met,Met,Met,Met,Met,Met,NULL,NULL,NULL,NULL,NULL,NULL,
133453,3806113,Islamic Tarbiyyah Preparatory School,Other Independent School,Independent faith school,16/10/2001,Does not have a sixth form,None,Muslim,Muslim,Ofsted,"North East, Yorkshire and the Humber",Yorkshire and the Humber,Bradford,Bradford West,BD8 8AW,162,NULL,NULL,NULL,NULL,NULL,NULL,NULL,NULL,NULL,NULL,NULL,NULL,NULL,NULL,10391730,Independent School standard inspection,Independent Standard Inspection,01/10/2025,12/12/2025,2,2,2,2,2,Yes,NULL,NULL,Y,All standards Met,Met,Met,Met,Met,Met,Met,Met,Met,NULL,NULL,NULL,NULL,NULL,NULL,
133517,3206061,Noor Ul Islam Primary School,Other Independent School,Independent faith school,14/11/2001,Does not have a sixth form,Islam,Muslim,Muslim,Ofsted,London,London,Waltham Forest,Leyton and Wanstead,E10 6QW,168,NULL,NULL,NULL,NULL,NULL,NULL,NULL,NULL,NULL,NULL,NULL,NULL,NULL,NULL,10342036,Independent School standard inspection,Independent Standard Inspection,10/12/2024,03/02/2025,2,2,2,2,2,Yes,2,NULL,Y,All standards Met,Met,Met,Met,Met,Met,Met,Met,Met,NULL,NULL,NULL,NULL,NULL,NULL,
133539,8866093,Great Oaks Small School,Other Independent Special School,Independent special school,10/12/2001,Not applicable,None,None,Non-faith,Ofsted,South East,South East,Kent,Herne Bay and Sandwich,CT12 5FH,43,NULL,NULL,NULL,NULL,NULL,NULL,NULL,NULL,NULL,NULL,NULL,NULL,NULL,NULL,10342038,Independent School standard inspection,Independent Standard Inspection,28/01/2025,04/03/2025,2,2,1,1,2,Yes,NULL,2,Y,All standards Met,Met,Met,Met,Met,Met,Met,Met,Met,NULL,NULL,NULL,NULL,NULL,NULL,
133540,8886050,Pontville School,Other Independent Special School,Independent special school,19/11/2001,Has a sixth form,None,None,Non-faith,Ofsted,North West,North West,Lancashire,West Lancashire,L39 4TW,154,NULL,NULL,NULL,NULL,NULL,NULL,NULL,NULL,NULL,NULL,NULL,NULL,NULL,NULL,10401988,Independent School standard inspection,Independent Standard Inspection,20/05/2025,18/06/2025,2,2,2,1,2,Yes,NULL,1,Y,All standards Met,Met,Met,Met,Met,Met,Met,Met,Met,NULL,NULL,NULL,NULL,NULL,NULL,
133541,8896009,Markazul Uloom,Other Independent School,Independent faith school,30/11/2001,Has a sixth form,Islam,Muslim,Muslim,Ofsted,North West,North West,Blackburn with Darwen,Blackburn,BB2 3NY,40,NULL,NULL,NULL,NULL,NULL,NULL,NULL,NULL,NULL,NULL,NULL,NULL,NULL,NULL,10334438,Independent School standard inspection,Independent Standard Inspection,16/04/2024,20/06/2024,4,3,3,4,4,No,NULL,NULL,Y,Did not meet all standards,Not met,Met,Not met,Met,Not met,Met,Met,Not met,10390421,Independent school Progress Monitoring inspection,05/06/2025,2024/25,16/07/2025,Did not meet all standards that were checked,
133553,3026115,Torah Vodaas,Other Independent School,Independent faith school,20/12/2001,Does not have a sixth form,None,Jewish,Jewish,Ofsted,London,London,Barnet,Hendon,NW9 7AJ,408,NULL,NULL,NULL,NULL,NULL,NULL,NULL,NULL,NULL,NULL,NULL,NULL,NULL,NULL,10342039,Independent School standard inspection,Independent Standard Inspection,25/03/2025,12/05/2025,3,3,2,2,3,Yes,2,NULL,Y,All standards Met,Met,Met,Met,Met,Met,Met,Met,Met,NULL,NULL,NULL,NULL,NULL,NULL,
133570,8736041,On Track Education Wisbech,Other Independent Special School,Independent special school,01/08/2006,Not applicable,None,None,Non-faith,Ofsted,East of England,East of England,Cambridgeshire,North East Cambridgeshire,PE13 2RJ,21,10427351,Independent School standard inspection,Independent standard inspection,03/02/2026,24/03/2026,Met,Strong standard,Expected standard,Expected standard,Strong standard,Strong standard,Not applicable,Not applicable,Expected standard,10254648,Independent School standard inspection,Independent Standard Inspection,14/03/2023,14/05/2023,2,2,2,2,2,Yes,NULL,NULL,Y,All standards Met,Met,Met,Met,Met,Met,Met,Met,Met,NULL,NULL,NULL,NULL,NULL,NULL,
133603,3306103,Greenfields Primary School,Other Independent School,Independent faith school,24/01/2002,Does not have a sixth form,Islam,Islam,Muslim,Ofsted,West Midlands,West Midlands,Birmingham,Birmingham Ladywood,B10 0UG,156,NULL,NULL,NULL,NULL,NULL,NULL,NULL,NULL,NULL,NULL,NULL,NULL,NULL,NULL,10299192,Independent School standard inspection,Independent Standard Inspection,14/11/2023,18/01/2024,2,2,1,2,2,Yes,NULL,NULL,Y,All standards Met,Met,Met,Met,Met,Met,Met,Met,Met,NULL,NULL,NULL,NULL,NULL,NULL,
133646,2116392,Al-Mizan School,Other Independent School,Independent faith school,02/04/2002,Does not have a sixth form,None,Muslim,Muslim,Ofsted,London,London,Tower Hamlets,Bethnal Green and Stepney,E1 1JX,111,NULL,NULL,NULL,NULL,NULL,NULL,NULL,NULL,NULL,NULL,NULL,NULL,NULL,NULL,10303416,Independent School standard inspection,Independent Standard Inspection,14/05/2024,03/07/2024,2,2,1,1,2,Yes,NULL,NULL,Y,All standards Met,Met,Met,Met,Met,Met,Met,Met,Met,NULL,NULL,NULL,NULL,NULL,NULL,
133651,8736032,The Old School House,Other Independent Special School,Independent special school,03/04/2002,Not applicable,None,None,Non-faith,Ofsted,East of England,East of England,Cambridgeshire,North East Cambridgeshire,PE14 0HA,9,NULL,NULL,NULL,NULL,NULL,NULL,NULL,NULL,NULL,NULL,NULL,NULL,NULL,NULL,10342040,Independent School standard inspection,Independent Standard Inspection,03/06/2025,02/07/2025,2,2,2,2,2,Yes,NULL,NULL,Y,All standards Met,Met,Met,Met,Met,Met,Met,Met,Met,NULL,NULL,NULL,NULL,NULL,NULL,
133964,8506079,Grantham Farm Montessori School,Other Independent School,Independent faith school,30/09/2002,Does not have a sixth form,None,Christian,Christian,Ofsted,South East,South East,Hampshire,North West Hampshire,RG26 5JS,34,NULL,NULL,NULL,NULL,NULL,NULL,NULL,NULL,NULL,NULL,NULL,NULL,NULL,NULL,10391732,Independent School standard inspection,Independent Standard Inspection,16/09/2025,18/11/2025,1,1,1,1,1,Yes,1,NULL,Y,All standards Met,Met,Met,Met,Met,Met,Met,Met,Met,NULL,NULL,NULL,NULL,NULL,NULL,
133989,8606026,Draycott Moor College,Other Independent Special School,Independent special school,25/10/2002,Not applicable,None,None,Non-faith,Ofsted,West Midlands,West Midlands,Staffordshire,Stoke-on-Trent South,ST11 9AH,41,NULL,NULL,NULL,NULL,NULL,NULL,NULL,NULL,NULL,NULL,NULL,NULL,NULL,NULL,10342041,Independent School standard inspection,Independent Standard Inspection,13/05/2025,11/06/2025,2,2,2,2,2,Yes,NULL,NULL,Y,All standards Met,Met,Met,Met,Met,Met,Met,Met,Met,NULL,NULL,NULL,NULL,NULL,NULL,
134034,3306104,Al-Burhan Grammar School,Other Independent School,Independent faith school,11/12/2002,Does not have a sixth form,None,Islam,Muslim,Ofsted,West Midlands,West Midlands,Birmingham,Birmingham Yardley,B11 3DW,132,NULL,NULL,NULL,NULL,NULL,NULL,NULL,NULL,NULL,NULL,NULL,NULL,NULL,NULL,10374902,Independent School standard inspection,Independent Standard Inspection,20/05/2025,12/06/2025,1,1,1,1,1,Yes,NULL,NULL,Y,All standards Met,Met,Met,Met,Met,Met,Met,Met,Met,NULL,NULL,NULL,NULL,NULL,NULL,
134087,9196243,St Albans Independent College,Other Independent School,Other independent school,20/01/2003,Has a sixth form,None,None,Non-faith,Ofsted,East of England,East of England,Hertfordshire,St Albans,AL1 1LN,75,NULL,NULL,NULL,NULL,NULL,NULL,NULL,NULL,NULL,NULL,NULL,NULL,NULL,NULL,10286406,Independent School standard inspection,Independent Standard Inspection,05/03/2024,30/04/2024,2,2,2,2,2,Yes,NULL,2,Y,All standards Met,Met,Met,Met,Met,Met,Met,Met,Met,NULL,NULL,NULL,NULL,NULL,NULL,
134137,9416008,On Track Education Silverstone,Other Independent Special School,Independent special school,12/02/2003,Not applicable,None,None,Non-faith,Ofsted,East Midlands,East Midlands,West Northamptonshire,South Northamptonshire,NN12 8UB,33,NULL,NULL,NULL,NULL,NULL,NULL,NULL,NULL,NULL,NULL,NULL,NULL,NULL,NULL,10299193,Independent School standard inspection,Independent Standard Inspection,04/06/2024,30/06/2024,2,2,2,2,2,Yes,NULL,NULL,Y,All standards Met,Met,Met,Met,Met,Met,Met,Met,Met,NULL,NULL,NULL,NULL,NULL,NULL,
134145,2126405,Park House School,Other Independent Special School,Independent special school,03/03/2003,Not applicable,None,None,Non-faith,Ofsted,London,London,Wandsworth,Battersea,SW18 2SL,56,NULL,NULL,NULL,NULL,NULL,NULL,NULL,NULL,NULL,NULL,NULL,NULL,NULL,NULL,10267630,Independent School standard inspection,Independent Standard Inspection,16/05/2023,10/07/2023,1,1,1,1,1,Yes,NULL,NULL,N,All standards Met,Met,Met,Met,Met,Met,Met,Met,Met,NULL,NULL,NULL,NULL,NULL,NULL,
134148,8456051,Headstart,Other Independent Special School,Independent special school,03/03/2003,Not applicable,None,None,Non-faith,Ofsted,South East,South East,East Sussex,Bexhill and Battle,TN33 9EG,47,NULL,NULL,NULL,NULL,NULL,NULL,NULL,NULL,NULL,NULL,NULL,NULL,NULL,NULL,10290439,Independent School standard inspection,Independent Standard Inspection,21/11/2023,15/01/2024,2,2,1,1,2,Yes,NULL,2,Y,All standards Met,Met,Met,Met,Met,Met,Met,Met,Met,NULL,NULL,NULL,NULL,NULL,NULL,
134179,8736033,Cambian Wisbech School,Other Independent Special School,Independent special school,09/04/2003,Has a sixth form,None,None,Non-faith,Ofsted,East of England,East of England,Cambridgeshire,North East Cambridgeshire,PE13 1JF,40,NULL,NULL,NULL,NULL,NULL,NULL,NULL,NULL,NULL,NULL,NULL,NULL,NULL,NULL,10267631,Independent School standard inspection,Independent Standard Inspection,05/03/2024,07/05/2024,2,2,2,2,2,Yes,NULL,0,Y,All standards Met,Met,Met,Met,Met,Met,Met,Met,Met,NULL,NULL,NULL,NULL,NULL,NULL,
134186,8776001,Willow Tree Park,Other Independent Special School,Independent special school,16/04/2003,Not applicable,None,None,Non-faith,Ofsted,North West,North West,Warrington,Tatton,WA13 0GH,72,NULL,NULL,NULL,NULL,NULL,NULL,NULL,NULL,NULL,NULL,NULL,NULL,NULL,NULL,10342042,Independent School standard inspection,Independent Standard Inspection,14/01/2025,13/02/2025,2,2,1,1,2,Yes,NULL,1,Y,All standards Met,Met,Met,Met,Met,Met,Met,Met,Met,NULL,NULL,NULL,NULL,NULL,NULL,
134243,3136072,Suffah Primary School,Other Independent School,Independent faith school,30/06/2003,Does not have a sixth form,None,Muslim,Muslim,Ofsted,London,London,Hounslow,Brentford and Isleworth,TW4 5HU,132,10391733,Independent School standard inspection,Independent standard inspection,27/01/2026,24/03/2026,Not met,Needs attention,Urgent improvement,Urgent improvement,Needs attention,Needs attention,Urgent improvement,Not applicable,Urgent improvement,10007697,Independent School standard inspection,Independent Standard Inspection,09/01/2018,27/02/2018,3,NULL,NULL,NULL,3,Yes,3,NULL,Y,Did not meet all standards,Not met,Met,Not met,Met,Not met,Met,Met,Not met,NULL,NULL,NULL,NULL,NULL,NULL,
134289,8216010,Mehria Primary School,Other Independent School,Independent faith school,18/06/2006,Does not have a sixth form,None,Muslim,Muslim,Ofsted,East of England,East of England,Luton,Luton South and South Bedfordshire,LU4 8JD,109,NULL,NULL,NULL,NULL,NULL,NULL,NULL,NULL,NULL,NULL,NULL,NULL,NULL,NULL,10391734,Independent School standard inspection,Independent Standard Inspection,03/06/2025,10/07/2025,2,2,1,2,2,Yes,NULL,NULL,Y,All standards Met,Met,Met,Met,Met,Met,Met,Met,Met,NULL,NULL,NULL,NULL,NULL,NULL,
134294,8316006,Normanton House School,Other Independent School,Independent faith school,05/08/2003,Does not have a sixth form,Islam,Muslim,Muslim,Ofsted,East Midlands,East Midlands,Derby,Derby South,DE23 8DF,145,NULL,NULL,NULL,NULL,NULL,NULL,NULL,NULL,NULL,NULL,NULL,NULL,NULL,NULL,10286407,Independent School standard inspection,Independent Standard Inspection,06/02/2024,17/03/2024,2,2,1,2,2,Yes,NULL,NULL,Y,All standards Met,Met,Met,Met,Met,Met,Met,Met,Met,NULL,NULL,NULL,NULL,NULL,NULL,
134388,3016002,Hopewell School,Other Independent Special School,Independent special school,08/09/2006,Not applicable,None,None,Non-faith,Ofsted,London,London,Barking and Dagenham,Barking,RM9 6XN,49,NULL,NULL,NULL,NULL,NULL,NULL,NULL,NULL,NULL,NULL,NULL,NULL,NULL,NULL,10375105,Independent School standard inspection,Independent Standard Inspection,03/06/2025,10/07/2025,2,2,2,2,2,Yes,NULL,NULL,Y,All standards Met,Met,Met,Met,Met,Met,Met,Met,Met,NULL,NULL,NULL,NULL,NULL,NULL,
134395,8306027,New Direction,Other Independent Special School,Independent special school,29/08/2003,Not applicable,None,None,Non-faith,Ofsted,East Midlands,East Midlands,Derbyshire,Bolsover,S43 4BX,30,NULL,NULL,NULL,NULL,NULL,NULL,NULL,NULL,NULL,NULL,NULL,NULL,NULL,NULL,10267634,Independent School standard inspection,Independent Standard Inspection,10/10/2023,23/11/2023,2,2,2,2,2,Yes,NULL,NULL,N,All standards Met,Met,Met,Met,Met,Met,Met,Met,Met,NULL,NULL,NULL,NULL,NULL,NULL,
134398,8816048,The Yellow House School,Other Independent Special School,Independent special school,20/08/2003,Has a sixth form,None,None,Non-faith,Ofsted,East of England,East of England,Essex,Braintree,CO9 3HX,16,NULL,NULL,NULL,NULL,NULL,NULL,NULL,NULL,NULL,NULL,NULL,NULL,NULL,NULL,10267635,Independent School standard inspection,Independent Standard Inspection,04/07/2023,20/09/2023,2,2,2,2,2,Yes,NULL,0,Y,All standards Met,Met,Met,Met,Met,Met,Met,Met,Met,NULL,NULL,NULL,NULL,NULL,NULL,
134417,3166064,Azhar Academy Girls School,Other Independent School,Independent faith school,27/08/2003,Does not have a sixth form,None,Islam,Muslim,Ofsted,London,London,Newham,West Ham and Beckton,E15 4DR,618,NULL,NULL,NULL,NULL,NULL,NULL,NULL,NULL,NULL,NULL,NULL,NULL,NULL,NULL,10319225,Independent School standard inspection,Independent Standard Inspection,19/03/2024,15/05/2024,1,1,1,1,1,Yes,1,NULL,Y,All standards Met,Met,Met,Met,Met,Met,Met,Met,Met,NULL,NULL,NULL,NULL,NULL,NULL,
134424,8726013,The Vine Christian School,Other Independent School,Independent faith school,29/08/2003,Has a sixth form,Christian,Christian,Christian,Ofsted,South East,South East,Wokingham,Earley and Woodley,RG7 1HF,31,NULL,NULL,NULL,NULL,NULL,NULL,NULL,NULL,NULL,NULL,NULL,NULL,NULL,NULL,10342044,Independent School standard inspection,Independent Standard Inspection,26/11/2024,18/12/2024,2,2,1,2,2,Yes,NULL,NULL,Y,All standards Met,Met,Met,Met,Met,Met,Met,Met,Met,NULL,NULL,NULL,NULL,NULL,NULL,
134440,9266150,Include School Norfolk,Other Independent School,Other independent school,29/08/2003,Does not have a sixth form,None,None,Non-faith,Ofsted,East of England,East of England,Norfolk,Norwich North,NR6 6HE,96,NULL,NULL,NULL,NULL,NULL,NULL,NULL,NULL,NULL,NULL,NULL,NULL,NULL,NULL,10286133,Independent School standard inspection,Independent Standard Inspection,16/05/2023,06/07/2023,2,2,2,2,2,Yes,NULL,NULL,Y,All standards Met,Met,Met,Met,Met,Met,Met,Met,Met,NULL,NULL,NULL,NULL,NULL,NULL,
134469,3586018,Afifah School,Other Independent School,Independent faith school,28/08/2003,Does not have a sixth form,Muslim,Muslim,Muslim,Ofsted,North West,North West,Trafford,Stretford and Urmston,M16 9GN,284,NULL,NULL,NULL,NULL,NULL,NULL,NULL,NULL,NULL,NULL,NULL,NULL,NULL,NULL,10299195,Independent School standard inspection,Independent Standard Inspection,05/03/2024,25/04/2024,2,2,2,2,2,Yes,2,NULL,Y,All standards Met,Met,Met,Met,Met,Met,Met,Met,Met,NULL,NULL,NULL,NULL,NULL,NULL,
134571,3306106,Jamia Islamia Birmingham,Other Independent School,Independent faith school,29/08/2003,Has a sixth form,None,Islam,Muslim,Ofsted,West Midlands,West Midlands,Birmingham,Birmingham Hall Green and Moseley,B11 1PL,133,NULL,NULL,NULL,NULL,NULL,NULL,NULL,NULL,NULL,NULL,NULL,NULL,NULL,NULL,10342045,Independent School standard inspection,Independent Standard Inspection,02/07/2024,08/09/2024,3,3,2,2,3,Yes,NULL,2,Y,All standards Met,Met,Met,Met,Met,Met,Met,Met,Met,NULL,NULL,NULL,NULL,NULL,NULL,
134575,3546006,Rochdale Islamic Academy,Other Independent School,Independent faith school,29/08/2003,Does not have a sixth form,None,Muslim,Muslim,Ofsted,North West,North West,Rochdale,Rochdale,OL12 0HX,85,NULL,NULL,NULL,NULL,NULL,NULL,NULL,NULL,NULL,NULL,NULL,NULL,NULL,NULL,10342046,Independent School standard inspection,Independent Standard Inspection,18/03/2025,05/05/2025,2,2,1,2,2,Yes,NULL,NULL,Y,All standards Met,Met,Met,Met,Met,Met,Met,Met,Met,NULL,NULL,NULL,NULL,NULL,NULL,
134577,3166063,Zakariya Primary School,Other Independent School,Independent faith school,19/08/2003,Does not have a sixth form,Muslim,Muslim,Muslim,Ofsted,London,London,Newham,Stratford and Bow,E7 8AB,101,NULL,NULL,NULL,NULL,NULL,NULL,NULL,NULL,NULL,NULL,NULL,NULL,NULL,NULL,10342047,Independent School standard inspection,Independent Standard Inspection,11/02/2025,08/04/2025,2,2,2,2,2,Yes,NULL,NULL,Y,All standards Met,Met,Met,Met,Met,Met,Met,Met,Met,NULL,NULL,NULL,NULL,NULL,NULL,
134579,3206064,Walthamstow Montessori School,Other Independent School,Other independent school,26/08/2003,Does not have a sixth form,None,None,Non-faith,Ofsted,London,London,Waltham Forest,Walthamstow,E17 5DA,109,NULL,NULL,NULL,NULL,NULL,NULL,NULL,NULL,NULL,NULL,NULL,NULL,NULL,NULL,10122978,Independent School standard inspection,Independent Standard Inspection,04/02/2020,05/07/2020,4,4,3,3,4,Yes,2,NULL,Y,Did not meet all standards,Not met,Met,Met,Met,Met,Met,Met,Not met,10213908,Independent school Progress Monitoring inspection,27/01/2022,2021/22,21/03/2022,Did not meet all standards that were checked,
134585,3066096,Al-Khair School,Other Independent School,Independent faith school,18/08/2003,Does not have a sixth form,None,Muslim,Muslim,Ofsted,London,London,Croydon,Croydon East,CR0 6BE,96,NULL,NULL,NULL,NULL,NULL,NULL,NULL,NULL,NULL,NULL,NULL,NULL,NULL,NULL,10299196,Independent School standard inspection,Independent Standard Inspection,26/11/2024,14/01/2025,2,2,2,2,2,Yes,NULL,NULL,Y,All standards Met,Met,Met,Met,Met,Met,Met,Met,Met,NULL,NULL,NULL,NULL,NULL,NULL,
134587,3806116,The Fountain School,Other Independent School,Independent faith school,29/08/2003,Does not have a sixth form,None,Muslim,Muslim,Ofsted,"North East, Yorkshire and the Humber",Yorkshire and the Humber,Bradford,Bradford East,BD5 8BP,35,NULL,NULL,NULL,NULL,NULL,NULL,NULL,NULL,NULL,NULL,NULL,NULL,NULL,NULL,10299197,Independent School standard inspection,Independent Standard Inspection,12/03/2024,12/05/2024,3,3,2,2,3,Yes,NULL,NULL,Y,All standards Met,Met,Met,Met,Met,Met,Met,Met,Met,NULL,NULL,NULL,NULL,NULL,NULL,
134591,3166065,Madaniyah Foundation,Other Independent School,Independent faith school,29/08/2003,Does not have a sixth form,None,Muslim,Muslim,Ofsted,London,London,Newham,East Ham,E7 8NN,33,NULL,NULL,NULL,NULL,NULL,NULL,NULL,NULL,NULL,NULL,NULL,NULL,NULL,NULL,10267636,Independent School standard inspection,Independent Standard Inspection,24/05/2023,16/07/2023,2,2,2,2,2,Yes,2,NULL,Y,All standards Met,Met,Met,Met,Met,Met,Met,Met,Met,NULL,NULL,NULL,NULL,NULL,NULL,
134594,3156081,Lavender Lodge School,Other Independent Special School,Independent special school,17/12/2003,Not applicable,None,None,Non-faith,Ofsted,London,London,Merton,Mitcham and Morden,CR4 3HD,65,NULL,NULL,NULL,NULL,NULL,NULL,NULL,NULL,NULL,NULL,NULL,NULL,NULL,NULL,10299198,Independent School standard inspection,Independent Standard Inspection,05/12/2023,24/01/2024,2,2,2,2,2,Yes,NULL,NULL,Y,All standards Met,Met,Met,Met,Met,Met,Met,Met,Met,NULL,NULL,NULL,NULL,NULL,NULL,
134605,8866108,The Quest School,Other Independent Special School,Independent special school,19/01/2004,Has a sixth form,None,None,Non-faith,Ofsted,South East,South East,Kent,Tonbridge,TN12 6PY,27,NULL,NULL,NULL,NULL,NULL,NULL,NULL,NULL,NULL,NULL,NULL,NULL,NULL,NULL,10391736,Independent School standard inspection,Independent Standard Inspection,23/09/2025,02/11/2025,1,1,1,1,1,Yes,NULL,NULL,Y,All standards Met,Met,Met,Met,Met,Met,Met,Met,Met,NULL,NULL,NULL,NULL,NULL,NULL,
134627,3166066,Quwwat Ul Islam Girls' School,Other Independent School,Independent faith school,30/08/2003,Does not have a sixth form,None,Muslim,Muslim,Ofsted,London,London,Newham,Stratford and Bow,E7 9NB,204,NULL,NULL,NULL,NULL,NULL,NULL,NULL,NULL,NULL,NULL,NULL,NULL,NULL,NULL,10322581,Independent School standard inspection,Independent Standard Inspection,11/06/2024,11/07/2024,2,2,1,2,2,Yes,2,NULL,Y,All standards Met,Met,Met,Met,Met,Met,Met,Met,Met,NULL,NULL,NULL,NULL,NULL,NULL,
134634,8456054,Step by Step School Limited,Other Independent Special School,Independent special school,12/02/2004,Not applicable,None,None,Non-faith,Ofsted,South East,South East,East Sussex,East Grinstead and Uckfield,RH19 4HP,36,NULL,NULL,NULL,NULL,NULL,NULL,NULL,NULL,NULL,NULL,NULL,NULL,NULL,NULL,10374998,Independent School standard inspection,Independent Standard Inspection,16/09/2025,19/10/2025,1,1,1,1,1,Yes,NULL,NULL,Y,All standards Met,Met,Met,Met,Met,Met,Met,Met,Met,NULL,NULL,NULL,NULL,NULL,NULL,
134660,8156036,Cambian Scarborough School,Other Independent Special School,Independent special school,09/03/2004,Has a sixth form,None,None,Non-faith,Ofsted,"North East, Yorkshire and the Humber",Yorkshire and the Humber,North Yorkshire,Scarborough and Whitby,YO11 3BQ,18,NULL,NULL,NULL,NULL,NULL,NULL,NULL,NULL,NULL,NULL,NULL,NULL,NULL,NULL,10391737,Independent School standard inspection,Independent Standard Inspection,01/07/2025,09/09/2025,2,2,2,2,2,Yes,NULL,NULL,Y,All standards Met,Met,Met,Met,Met,Met,Met,Met,Met,NULL,NULL,NULL,NULL,NULL,NULL,
134781,9436054,Cambian Whinfell School,Other Independent Special School,Independent special school,09/08/2004,Has a sixth form,None,None,Non-faith,Ofsted,North West,North West,Westmorland and Furness,Westmorland and Lonsdale,LA9 5EZ,12,NULL,NULL,NULL,NULL,NULL,NULL,NULL,NULL,NULL,NULL,NULL,NULL,NULL,NULL,10342048,Independent School standard inspection,Independent Standard Inspection,25/03/2025,13/05/2025,1,1,1,1,1,Yes,NULL,NULL,Y,All standards Met,Met,Met,Met,Met,Met,Met,Met,Met,NULL,NULL,NULL,NULL,NULL,NULL,
134805,8216006,Jamiatul Uloom Al - Islamia,Other Independent School,Independent faith school,23/08/2004,Does not have a sixth form,None,Muslim,Muslim,Ofsted,East of England,East of England,Luton,Luton North,LU3 1RF,106,NULL,NULL,NULL,NULL,NULL,NULL,NULL,NULL,NULL,NULL,NULL,NULL,NULL,NULL,10374843,Independent School standard inspection,Independent Standard Inspection,01/07/2025,08/09/2025,2,2,1,2,2,Yes,NULL,NULL,Y,All standards Met,Met,Met,Met,Met,Met,Met,Met,Met,NULL,NULL,NULL,NULL,NULL,NULL,
134809,8566017,Al-Aqsa Schools Trust,Other Independent School,Independent faith school,23/09/1998,Does not have a sixth form,Islam,Islam,Muslim,Ofsted,East Midlands,East Midlands,Leicester,Leicester East,LE5 4PP,313,NULL,NULL,NULL,NULL,NULL,NULL,NULL,NULL,NULL,NULL,NULL,NULL,NULL,NULL,10342049,Independent School standard inspection,Independent Standard Inspection,28/01/2025,06/03/2025,2,2,2,2,2,Yes,2,NULL,Y,All standards Met,Met,Met,Met,Met,Met,Met,Met,Met,NULL,NULL,NULL,NULL,NULL,NULL,
134810,2116394,London East Academy,Other Independent School,Independent faith school,25/08/2004,Does not have a sixth form,None,Muslim,Muslim,Ofsted,London,London,Tower Hamlets,Bethnal Green and Stepney,E1 1JX,153,NULL,NULL,NULL,NULL,NULL,NULL,NULL,NULL,NULL,NULL,NULL,NULL,NULL,NULL,10303417,Independent School standard inspection,Independent Standard Inspection,30/04/2024,23/06/2024,2,2,1,1,2,Yes,NULL,NULL,Y,All standards Met,Met,Met,Met,Met,Met,Met,Met,Met,NULL,NULL,NULL,NULL,NULL,NULL,
134833,9366584,Undershaw Education Trust,Other Independent Special School,Independent special school,09/09/2004,Not applicable,None,None,Non-faith,Ofsted,South East,South East,Surrey,Farnham and Bordon,GU26 6AQ,101,NULL,NULL,NULL,NULL,NULL,NULL,NULL,NULL,NULL,NULL,NULL,NULL,NULL,NULL,10342050,Independent School standard inspection,Independent Standard Inspection,11/02/2025,17/03/2025,1,1,1,1,1,Yes,NULL,1,Y,All standards Met,Met,Met,Met,Met,Met,Met,Met,Met,NULL,NULL,NULL,NULL,NULL,NULL,
134940,8826053,Estuary High School,Other Independent Special School,Independent special school,28/01/2005,Has a sixth form,None,None,Non-faith,Ofsted,East of England,East of England,Southend on Sea,Southend West and Leigh,SS9 3NH,6,NULL,NULL,NULL,NULL,NULL,NULL,NULL,NULL,NULL,NULL,NULL,NULL,NULL,NULL,10374844,Independent School standard inspection,Independent Standard Inspection,23/04/2025,10/07/2025,4,3,3,3,4,No,NULL,0,Y,Did not meet all standards,Not met,Met,Not met,Met,Not met,Not met,Met,Not met,10414400,Independent school Progress Monitoring inspection,16/09/2025,2025/26,09/11/2025,Did not meet all standards that were checked,
134978,9266419,Avocet House,Other Independent Special School,Independent special school,18/03/2005,Not applicable,None,None,Non-faith,Ofsted,East of England,East of England,Norfolk,South Norfolk,NR14 6QP,8,NULL,NULL,NULL,NULL,NULL,NULL,NULL,NULL,NULL,NULL,NULL,NULL,NULL,NULL,10342052,Independent School standard inspection,Independent Standard Inspection,05/11/2024,03/12/2024,2,2,1,1,2,Yes,NULL,NULL,Y,All standards Met,Met,Met,Met,Met,Met,Met,Met,Met,NULL,NULL,NULL,NULL,NULL,NULL,
134982,3306112,Spring Hill High School,Other Independent Special School,Independent special school,22/03/2005,Has a sixth form,None,None,Non-faith,Ofsted,West Midlands,West Midlands,Birmingham,Birmingham Erdington,B23 7PG,43,NULL,NULL,NULL,NULL,NULL,NULL,NULL,NULL,NULL,NULL,NULL,NULL,NULL,NULL,10391738,Independent School standard inspection,Independent Standard Inspection,08/07/2025,11/09/2025,2,2,2,2,2,Yes,NULL,2,Y,All standards Met,Met,Met,Met,Met,Met,Met,Met,Met,NULL,NULL,NULL,NULL,NULL,NULL,
135018,8866103,Small Haven School,Other Independent Special School,Independent special school,11/04/2005,Not applicable,None,Christian,Christian,Ofsted,South East,South East,Kent,East Thanet,CT12 6PT,34,NULL,NULL,NULL,NULL,NULL,NULL,NULL,NULL,NULL,NULL,NULL,NULL,NULL,NULL,10342053,Independent School standard inspection,Independent Standard Inspection,10/12/2024,16/01/2025,1,1,1,1,1,Yes,NULL,1,Y,All standards Met,Met,Met,Met,Met,Met,Met,Met,Met,NULL,NULL,NULL,NULL,NULL,NULL,
135027,3526062,Manchester Jewish School for Special Education,Other Independent Special School,Independent special school,18/04/2005,Not applicable,None,Jewish,Jewish,Ofsted,North West,North West,Manchester,Blackley and Middleton South,M7 4QY,16,NULL,NULL,NULL,NULL,NULL,NULL,NULL,NULL,NULL,NULL,NULL,NULL,NULL,NULL,10267638,Independent School standard inspection,Independent Standard Inspection,06/02/2024,19/03/2024,2,2,2,2,2,Yes,NULL,NULL,Y,All standards Met,Met,Met,Met,Met,Met,Met,Met,Met,NULL,NULL,NULL,NULL,NULL,NULL,
135092,8886095,Roselyn House School,Other Independent Special School,Independent special school,25/10/2006,Not applicable,None,None,Non-faith,Ofsted,North West,North West,Lancashire,Chorley,PR25 4SE,90,NULL,NULL,NULL,NULL,NULL,NULL,NULL,NULL,NULL,NULL,NULL,NULL,NULL,NULL,10286412,Independent School standard inspection,Independent Standard Inspection,14/11/2023,29/01/2024,2,2,2,1,2,Yes,NULL,2,N,All standards Met,Met,Met,Met,Met,Met,Met,Met,Met,NULL,NULL,NULL,NULL,NULL,NULL,
135111,9386272,My Choice School Arundel,Other Independent Special School,Independent special school,20/11/2006,Not applicable,None,None,Non-faith,Ofsted,South East,South East,West Sussex,Arundel and South Downs,BN18 9QY,25,NULL,NULL,NULL,NULL,NULL,NULL,NULL,NULL,NULL,NULL,NULL,NULL,NULL,NULL,10322067,Independent School standard inspection,Independent Standard Inspection,09/07/2024,12/09/2024,2,2,2,2,2,Yes,NULL,NULL,Y,All standards Met,Met,Met,Met,Met,Met,Met,Met,Met,NULL,NULL,NULL,NULL,NULL,NULL,
135155,3076338,Ayesha Siddiqa Girls School,Other Independent School,Independent faith school,25/01/2007,Has a sixth form,None,Muslim,Muslim,Ofsted,London,London,Ealing,Ealing Southall,UB1 1LS,67,NULL,NULL,NULL,NULL,NULL,NULL,NULL,NULL,NULL,NULL,NULL,NULL,NULL,NULL,10322582,Independent School standard inspection,Independent Standard Inspection,19/11/2024,15/01/2025,2,2,2,2,2,Yes,NULL,NULL,Y,All standards Met,Met,Met,Met,Met,Met,Met,Met,Met,NULL,NULL,NULL,NULL,NULL,NULL,
135167,2026401,"Gloucester House, The Tavistock Children's Day Unit",Other Independent Special School,Independent special school,29/01/2007,Not applicable,None,None,Non-faith,Ofsted,London,London,Camden,Hampstead and Highgate,NW3 5BU,13,NULL,NULL,NULL,NULL,NULL,NULL,NULL,NULL,NULL,NULL,NULL,NULL,NULL,NULL,10391739,Independent School standard inspection,Independent Standard Inspection,01/07/2025,11/09/2025,2,2,2,2,2,Yes,NULL,NULL,Y,All standards Met,Met,Met,Met,Met,Met,Met,Met,Met,NULL,NULL,NULL,NULL,NULL,NULL,
135168,3556054,Beis Hatalmud School,Other Independent School,Independent faith school,29/01/2007,Does not have a sixth form,None,Orthodox Jewish,Jewish,Ofsted,North West,North West,Salford,Salford,M7 2FD,136,NULL,NULL,NULL,NULL,NULL,NULL,NULL,NULL,NULL,NULL,NULL,NULL,NULL,NULL,10391740,Independent School standard inspection,Independent Standard Inspection,08/07/2025,14/09/2025,4,3,2,3,4,Yes,NULL,NULL,Y,Did not meet all standards,Not met,Not met,Not met,Met,Met,Met,Met,Not met,NULL,NULL,NULL,NULL,NULL,NULL,
135180,9386050,Springboard Education,Other Independent Special School,Independent special school,15/02/2007,Not applicable,None,None,Non-faith,Ofsted,South East,South East,West Sussex,East Worthing and Shoreham,BN15 8AN,26,NULL,NULL,NULL,NULL,NULL,NULL,NULL,NULL,NULL,NULL,NULL,NULL,NULL,NULL,10286134,Independent School standard inspection,Independent Standard Inspection,13/06/2023,16/07/2023,2,2,2,2,2,Yes,NULL,2,Y,All standards Met,Met,Met,Met,Met,Met,Met,Met,Met,NULL,NULL,NULL,NULL,NULL,NULL,
135185,8556023,Brooke House Day School,Other Independent School,Other independent school,22/02/2007,Does not have a sixth form,None,None,Non-faith,Ofsted,East Midlands,East Midlands,Leicestershire,South Leicestershire,LE9 1SE,46,10427353,Independent School standard inspection,Independent standard inspection,10/02/2026,22/04/2026,Met,Expected standard,Expected standard,Expected standard,Expected standard,Expected standard,Not applicable,Not applicable,Expected standard,10299199,Independent School standard inspection,Independent Standard Inspection,13/02/2024,19/03/2024,3,3,2,2,3,Yes,NULL,NULL,Y,All standards Met,Met,Met,Met,Met,Met,Met,Met,Met,NULL,NULL,NULL,NULL,NULL,NULL,
135187,8306034,Arnfield Independent School,Other Independent Special School,Independent special school,27/02/2007,Not applicable,None,None,Non-faith,Ofsted,East Midlands,East Midlands,Derbyshire,Stalybridge and Hyde,SK14 9EY,9,NULL,NULL,NULL,NULL,NULL,NULL,NULL,NULL,NULL,NULL,NULL,NULL,NULL,NULL,10312795,Independent School standard inspection,Independent Standard Inspection,05/03/2024,18/04/2024,2,2,1,1,2,Yes,NULL,NULL,Y,All standards Met,Met,Met,Met,Met,Met,Met,Met,Met,NULL,NULL,NULL,NULL,NULL,NULL,
135198,8866122,The Annex School House,Other Independent Special School,Independent special school,16/03/2007,Not applicable,None,None,Non-faith,Ofsted,South East,South East,Kent,Sevenoaks,BR8 7PS,6,NULL,NULL,NULL,NULL,NULL,NULL,NULL,NULL,NULL,NULL,NULL,NULL,NULL,NULL,10342056,Independent School standard inspection,Independent Standard Inspection,08/10/2024,24/11/2024,2,2,2,2,2,Yes,NULL,NULL,Y,All standards Met,Met,Met,Met,Met,Met,Met,Met,Met,NULL,NULL,NULL,NULL,NULL,NULL,
135208,3306115,St Paul's School,Other Independent Special School,Independent special school,28/03/2007,Has a sixth form,None,None,Non-faith,Ofsted,West Midlands,West Midlands,Birmingham,Birmingham Hall Green and Moseley,B12 8NJ,44,NULL,NULL,NULL,NULL,NULL,NULL,NULL,NULL,NULL,NULL,NULL,NULL,NULL,NULL,10342057,Independent School standard inspection,Independent Standard Inspection,15/10/2024,17/11/2024,3,3,3,2,3,Yes,NULL,3,Y,All standards Met,Met,Met,Met,Met,Met,Met,Met,Met,NULL,NULL,NULL,NULL,NULL,NULL,
135217,8556026,Sketchley School,Other Independent Special School,Independent special school,04/04/2007,Not applicable,None,None,Non-faith,Ofsted,East Midlands,East Midlands,Leicestershire,Hinckley and Bosworth,LE10 3HT,74,10427354,Independent School standard inspection,Independent standard inspection,10/02/2026,20/04/2026,Not met,Needs attention,Needs attention,Needs attention,Needs attention,Expected standard,Not applicable,Needs attention,Urgent improvement,10254650,Independent School standard inspection,Independent Standard Inspection,07/02/2023,28/03/2023,2,2,2,2,2,Yes,NULL,2,Y,Did not meet all standards,Not met,Met,Not met,Met,Met,Met,Met,Not met,NULL,NULL,NULL,NULL,NULL,NULL,
135219,8886097,Rawdhatul Uloom,Other Independent School,Independent faith school,03/04/2007,Does not have a sixth form,None,Muslim,Muslim,Ofsted,North West,North West,Lancashire,Burnley,BB10 1LU,113,NULL,NULL,NULL,NULL,NULL,NULL,NULL,NULL,NULL,NULL,NULL,NULL,NULL,NULL,10254651,Independent School standard inspection,Independent Standard Inspection,24/01/2023,16/03/2023,2,2,2,2,2,Yes,2,NULL,Y,All standards Met,Met,Met,Met,Met,Met,Met,Met,Met,NULL,NULL,NULL,NULL,NULL,NULL,
135240,8506088,Fair Ways School,Other Independent Special School,Independent special school,18/04/2007,Has a sixth form,None,None,Non-faith,Ofsted,South East,South East,Hampshire,Hamble Valley,SO31 7HE,50,NULL,NULL,NULL,NULL,NULL,NULL,NULL,NULL,NULL,NULL,NULL,NULL,NULL,NULL,10342058,Independent School standard inspection,Independent Standard Inspection,05/11/2024,01/12/2024,2,2,2,2,2,Yes,NULL,2,Y,All standards Met,Met,Met,Met,Met,Met,Met,Met,Met,NULL,NULL,NULL,NULL,NULL,NULL,
135247,8136005,Hestia School,Other Independent Special School,Independent special school,30/04/2007,Not applicable,None,None,Non-faith,Ofsted,"North East, Yorkshire and the Humber",Yorkshire and the Humber,North Lincolnshire,Brigg and Immingham,DN20 8EF,48,NULL,NULL,NULL,NULL,NULL,NULL,NULL,NULL,NULL,NULL,NULL,NULL,NULL,NULL,10374855,Independent School standard inspection,Independent Standard Inspection,11/02/2025,29/04/2025,2,2,2,2,2,Yes,NULL,NULL,Y,All standards Met,Met,Met,Met,Met,Met,Met,Met,Met,NULL,NULL,NULL,NULL,NULL,NULL,
135252,9356086,Broadlands Hall,Other Independent Special School,Independent special school,01/05/2007,Not applicable,None,None,Non-faith,Ofsted,East of England,East of England,Suffolk,West Suffolk,CB9 7UA,45,NULL,NULL,NULL,NULL,NULL,NULL,NULL,NULL,NULL,NULL,NULL,NULL,NULL,NULL,10342059,Independent School standard inspection,Independent Standard Inspection,22/10/2024,27/11/2024,2,2,2,2,2,Yes,NULL,2,Y,All standards Met,Met,Met,Met,Met,Met,Met,Met,Met,NULL,NULL,NULL,NULL,NULL,NULL,
135259,8606105,Mortimer House School,Other Independent Special School,Independent special school,02/05/2007,Not applicable,None,None,Non-faith,Ofsted,West Midlands,West Midlands,Staffordshire,Tamworth,B79 7HS,18,NULL,NULL,NULL,NULL,NULL,NULL,NULL,NULL,NULL,NULL,NULL,NULL,NULL,NULL,10254653,Independent School standard inspection,Independent Standard Inspection,26/04/2023,14/06/2023,2,2,2,1,2,Yes,NULL,NULL,Y,All standards Met,Met,Met,Met,Met,Met,Met,Met,Met,NULL,NULL,NULL,NULL,NULL,NULL,
135277,2126411,L'Ecole de Battersea,Other Independent School,Other independent school,31/05/2007,Does not have a sixth form,None,None,Non-faith,Ofsted,London,London,Wandsworth,Battersea,SW11 3DS,276,NULL,NULL,NULL,NULL,NULL,NULL,NULL,NULL,NULL,NULL,NULL,NULL,NULL,NULL,10391741,Independent School standard inspection,Independent Standard Inspection,16/09/2025,20/10/2025,1,1,1,1,1,Yes,1,NULL,Y,All standards Met,Met,Met,Met,Met,Met,Met,Met,Met,NULL,NULL,NULL,NULL,NULL,NULL,
135292,8156098,Stonegate School,Other Independent Special School,Independent special school,20/06/2007,Not applicable,None,Does not apply,Non-faith,Ofsted,"North East, Yorkshire and the Humber",Yorkshire and the Humber,North Yorkshire,Skipton and Ripon,LA2 7BX,7,NULL,NULL,NULL,NULL,NULL,NULL,NULL,NULL,NULL,NULL,NULL,NULL,NULL,NULL,10391742,Independent School standard inspection,Independent Standard Inspection,16/09/2025,14/10/2025,2,2,2,1,2,Yes,NULL,NULL,Y,All standards Met,Met,Met,Met,Met,Met,Met,Met,Met,NULL,NULL,NULL,NULL,NULL,NULL,
135366,8916031,Colston Bassett School Limited,Other Independent School,Other independent school,06/08/2007,Does not have a sixth form,None,None,Non-faith,Ofsted,East Midlands,East Midlands,Nottinghamshire,Rushcliffe,NG12 3FD,25,NULL,NULL,NULL,NULL,NULL,NULL,NULL,NULL,NULL,NULL,NULL,NULL,NULL,NULL,10299200,Independent School standard inspection,Independent Standard Inspection,06/12/2023,18/01/2024,2,2,2,2,2,Yes,2,NULL,Y,All standards Met,Met,Met,Met,Met,Met,Met,Met,Met,NULL,NULL,NULL,NULL,NULL,NULL,
135380,8736044,Shelldene House School,Other Independent Special School,Independent special school,16/08/2007,Not applicable,None,None,Non-faith,Ofsted,East of England,East of England,Cambridgeshire,North East Cambridgeshire,PE14 0HJ,4,NULL,NULL,NULL,NULL,NULL,NULL,NULL,NULL,NULL,NULL,NULL,NULL,NULL,NULL,10342060,Independent School standard inspection,Independent Standard Inspection,04/02/2025,18/03/2025,2,2,2,1,2,Yes,NULL,0,Y,All standards Met,Met,Met,Met,Met,Met,Met,Met,Met,NULL,NULL,NULL,NULL,NULL,NULL,
135390,8566020,Al-Islamia Institute for Education,Other Independent School,Independent faith school,01/09/2007,Does not have a sixth form,None,Muslim,Muslim,Ofsted,East Midlands,East Midlands,Leicester,Leicester South,LE2 0SA,109,NULL,NULL,NULL,NULL,NULL,NULL,NULL,NULL,NULL,NULL,NULL,NULL,NULL,NULL,10342061,Independent School standard inspection,Independent Standard Inspection,08/04/2025,15/05/2025,2,2,2,2,2,Yes,NULL,NULL,Y,All standards Met,Met,Met,Met,Met,Met,Met,Met,Met,NULL,NULL,NULL,NULL,NULL,NULL,
135393,8916032,Hope House School,Other Independent Special School,Independent special school,30/08/2007,Not applicable,None,None,Non-faith,Ofsted,East Midlands,East Midlands,Nottinghamshire,Newark,NG24 3NE,28,NULL,NULL,NULL,NULL,NULL,NULL,NULL,NULL,NULL,NULL,NULL,NULL,NULL,NULL,10299201,Independent School standard inspection,Independent Standard Inspection,14/05/2024,24/06/2024,2,2,2,2,2,Yes,NULL,NULL,Y,All standards Met,Met,Met,Met,Met,Met,Met,Met,Met,NULL,NULL,NULL,NULL,NULL,NULL,
135405,9086096,Taliesin Education Ltd,Other Independent Special School,Independent special school,06/09/2007,Not applicable,None,None,Non-faith,Ofsted,South West,South West,Cornwall,South East Cornwall,PL14 4DA,11,NULL,NULL,NULL,NULL,NULL,NULL,NULL,NULL,NULL,NULL,NULL,NULL,NULL,NULL,10374875,Independent School standard inspection,Independent Standard Inspection,10/06/2025,17/07/2025,4,4,3,3,4,Yes,NULL,NULL,N,Did not meet all standards,Not met,Met,Met,Met,Met,Met,Met,Not met,10429112,Independent school Progress Monitoring inspection,10/02/2026,2025/26,01/04/2026,Met all standards that were checked,
135407,9366590,Papillon House,Other Independent Special School,Independent special school,10/09/2007,Not applicable,None,None,Non-faith,Ofsted,South East,South East,Surrey,Reigate,KT20 7PA,41,NULL,NULL,NULL,NULL,NULL,NULL,NULL,NULL,NULL,NULL,NULL,NULL,NULL,NULL,10391743,Independent School standard inspection,Independent Standard Inspection,16/09/2025,10/11/2025,2,2,1,1,1,Yes,NULL,1,Y,All standards Met,Met,Met,Met,Met,Met,Met,Met,Met,NULL,NULL,NULL,NULL,NULL,NULL,
135410,9426056,Kirby Moor School,Other Independent Special School,Independent special school,14/09/2007,Not applicable,None,None,Non-faith,Ofsted,North West,North West,Cumberland,Carlisle,CA8 2AB,60,NULL,NULL,NULL,NULL,NULL,NULL,NULL,NULL,NULL,NULL,NULL,NULL,NULL,NULL,10342062,Independent School standard inspection,Independent Standard Inspection,08/10/2024,25/11/2024,2,2,2,2,2,Yes,NULL,NULL,Y,All standards Met,Met,Met,Met,Met,Met,Met,Met,Met,NULL,NULL,NULL,NULL,NULL,NULL,
135419,9366592,Unsted Park School,Other Independent Special School,Independent special school,20/09/2007,Not applicable,None,None,Non-faith,Ofsted,South East,South East,Surrey,Godalming and Ash,GU7 1UW,99,NULL,NULL,NULL,NULL,NULL,NULL,NULL,NULL,NULL,NULL,NULL,NULL,NULL,NULL,10391744,Independent School standard inspection,Independent Standard Inspection,23/09/2025,22/10/2025,2,2,1,1,2,Yes,NULL,1,Y,All standards Met,Met,Met,Met,Met,Met,Met,Met,Met,NULL,NULL,NULL,NULL,NULL,NULL,
135422,3306121,Future First Independent School,Other Independent School,Other independent school,27/09/2007,Has a sixth form,None,None,Non-faith,Ofsted,West Midlands,West Midlands,Birmingham,Birmingham Ladywood,B18 7RL,0,10267641,Independent School standard inspection,Independent standard inspection,02/02/2026,24/03/2026,Met,Needs attention,Needs attention,Needs attention,Expected standard,Needs attention,Not applicable,Insufficient evidence,Needs attention,10212794,Independent School standard inspection,Independent Standard Inspection,08/03/2022,25/05/2022,4,4,4,4,4,No,NULL,0,Y,Did not meet all standards,Not met,Met,Met,Met,Met,Met,Met,Not met,NULL,NULL,NULL,NULL,NULL,NULL,
135424,8056002,Cambian Hartlepool School,Other Independent Special School,Independent special school,28/09/2007,Not applicable,None,None,Non-faith,Ofsted,"North East, Yorkshire and the Humber",North East,Hartlepool,Hartlepool,TS25 1NN,16,NULL,NULL,NULL,NULL,NULL,NULL,NULL,NULL,NULL,NULL,NULL,NULL,NULL,NULL,10374856,Independent School standard inspection,Independent Standard Inspection,23/09/2025,22/10/2025,2,2,2,2,2,Yes,NULL,NULL,Y,All standards Met,Met,Met,Met,Met,Met,Met,Met,Met,NULL,NULL,NULL,NULL,NULL,NULL,
135438,8866123,Hope View School,Other Independent Special School,Independent special school,24/10/2007,Not applicable,None,None,Non-faith,Ofsted,South East,South East,Kent,Weald of Kent,CT4 8EG,110,NULL,NULL,NULL,NULL,NULL,NULL,NULL,NULL,NULL,NULL,NULL,NULL,NULL,NULL,10286416,Independent School standard inspection,Independent Standard Inspection,26/09/2023,15/11/2023,2,2,1,2,2,Yes,NULL,NULL,Y,All standards Met,Met,Met,Met,Met,Met,Met,Met,Met,NULL,NULL,NULL,NULL,NULL,NULL,
135453,3346010,The Island Project School,Other Independent Special School,Independent special school,14/11/2007,Not applicable,None,None,Non-faith,Ofsted,West Midlands,West Midlands,Solihull,Solihull West and Shirley,B90 4DX,19,NULL,NULL,NULL,NULL,NULL,NULL,NULL,NULL,NULL,NULL,NULL,NULL,NULL,NULL,10299202,Independent School standard inspection,Independent Standard Inspection,23/01/2024,28/02/2024,2,2,2,2,2,Yes,NULL,0,Y,All standards Met,Met,Met,Met,Met,Met,Met,Met,Met,NULL,NULL,NULL,NULL,NULL,NULL,
135483,3356013,Abu Bakr Boys School,Other Independent School,Independent faith school,01/01/2008,Does not have a sixth form,None,Islam,Muslim,Ofsted,West Midlands,West Midlands,Walsall,Walsall and Bloxwich,WS1 4JJ,65,NULL,NULL,NULL,NULL,NULL,NULL,NULL,NULL,NULL,NULL,NULL,NULL,NULL,NULL,10284425,Independent School standard inspection,Independent Standard Inspection,27/02/2024,17/04/2024,3,3,2,2,3,Yes,NULL,NULL,N,Did not meet all standards,Not met,Met,Met,Met,Met,Met,Met,Not met,10357179,Independent school Progress Monitoring inspection,01/10/2024,2024/25,10/11/2024,Met all standards that were checked,
135493,3076339,Insights Independent School,Other Independent Special School,Independent special school,16/01/2008,Not applicable,None,None,Non-faith,Ofsted,London,London,Ealing,Ealing Southall,W13 0NP,55,NULL,NULL,NULL,NULL,NULL,NULL,NULL,NULL,NULL,NULL,NULL,NULL,NULL,NULL,10254654,Independent School standard inspection,Independent Standard Inspection,24/01/2023,15/03/2023,1,1,1,1,1,Yes,NULL,NULL,Y,All standards Met,Met,Met,Met,Met,Met,Met,Met,Met,NULL,NULL,NULL,NULL,NULL,NULL,
135510,8866126,Compass Community School Coastal Park,Other Independent Special School,Independent special school,22/02/2008,Not applicable,None,None,Non-faith,Ofsted,South East,South East,Kent,Folkestone and Hythe,CT19 5AX,38,NULL,NULL,NULL,NULL,NULL,NULL,NULL,NULL,NULL,NULL,NULL,NULL,NULL,NULL,10391745,Independent School standard inspection,Independent Standard Inspection,23/09/2025,12/11/2025,2,2,2,1,2,Yes,NULL,NULL,Y,All standards Met,Met,Met,Met,Met,Met,Met,Met,Met,NULL,NULL,NULL,NULL,NULL,NULL,
135511,8936107,The Henslow and Evolution School,Other Independent Special School,Independent special school,03/03/2008,Has a sixth form,None,None,Non-faith,Ofsted,West Midlands,West Midlands,Shropshire,Shrewsbury,SY21 8FF,32,10427358,Independent School standard inspection,Independent standard inspection,10/02/2026,26/03/2026,Met,Exceptional,Expected standard,Strong standard,Strong standard,Strong standard,Not applicable,Not applicable,Strong standard,10254655,Independent School standard inspection,Independent Standard Inspection,10/01/2023,13/02/2023,2,2,1,1,2,Yes,NULL,NULL,Y,All standards Met,Met,Met,Met,Met,Met,Met,Met,Met,NULL,NULL,NULL,NULL,NULL,NULL,
135526,3566031,Penarth Group School,Other Independent School,Other independent school,11/03/2008,Has a sixth form,None,None,Non-faith,Ofsted,North West,North West,Stockport,Stockport,SK5 7JG,15,NULL,NULL,NULL,NULL,NULL,NULL,NULL,NULL,NULL,NULL,NULL,NULL,NULL,NULL,10267642,Independent School standard inspection,Independent Standard Inspection,25/04/2023,07/07/2023,2,2,2,1,2,Yes,NULL,NULL,Y,All standards Met,Met,Met,Met,Met,Met,Met,Met,Met,NULL,NULL,NULL,NULL,NULL,NULL,
135541,8886104,Cumberland School,Other Independent Special School,Independent special school,07/04/2008,Not applicable,None,None,Non-faith,Ofsted,North West,North West,Lancashire,Chorley,BL6 7RX,85,NULL,NULL,NULL,NULL,NULL,NULL,NULL,NULL,NULL,NULL,NULL,NULL,NULL,NULL,10375132,Independent School standard inspection,Independent Standard Inspection,15/07/2025,16/09/2025,3,3,2,2,3,Yes,NULL,NULL,Y,All standards Met,Met,Met,Met,Met,Met,Met,Met,Met,NULL,NULL,NULL,NULL,NULL,NULL,
135543,8886041,Aurora Keyes Barn School,Other Independent Special School,Independent special school,11/04/2008,Not applicable,None,None,Non-faith,Ofsted,North West,North West,Lancashire,Fylde,PR4 0YH,24,NULL,NULL,NULL,NULL,NULL,NULL,NULL,NULL,NULL,NULL,NULL,NULL,NULL,NULL,10267643,Independent School standard inspection,Independent Standard Inspection,03/05/2023,26/06/2023,2,2,2,2,2,Yes,NULL,NULL,Y,All standards Met,Met,Met,Met,Met,Met,Met,Met,Met,NULL,NULL,NULL,NULL,NULL,NULL,
135555,9426097,Progress Schools - Carlisle,Other Independent Special School,Independent special school,22/04/2008,Not applicable,None,None,Non-faith,Ofsted,North West,North West,Cumberland,Carlisle,CA1 1EJ,12,NULL,NULL,NULL,NULL,NULL,NULL,NULL,NULL,NULL,NULL,NULL,NULL,NULL,NULL,10361094,Independent School standard inspection,Independent Standard Inspection,04/03/2025,01/04/2025,2,2,2,2,2,Yes,NULL,NULL,Y,All standards Met,Met,Met,Met,Met,Met,Met,Met,Met,NULL,NULL,NULL,NULL,NULL,NULL,
135557,3596009,Cambian Tyldesley School,Other Independent Special School,Independent special school,23/04/2008,Not applicable,None,None,Non-faith,Ofsted,North West,North West,Wigan,Leigh and Atherton,M29 8BS,27,NULL,NULL,NULL,NULL,NULL,NULL,NULL,NULL,NULL,NULL,NULL,NULL,NULL,NULL,10342063,Independent School standard inspection,Independent Standard Inspection,28/01/2025,30/04/2025,3,3,2,2,3,Yes,NULL,NULL,Y,All standards Met,Met,Met,Met,Met,Met,Met,Met,Met,NULL,NULL,NULL,NULL,NULL,NULL,
135561,3306128,Flexible Learning School,Other Independent School,Other independent school,25/04/2008,Does not have a sixth form,None,None,Non-faith,Ofsted,West Midlands,West Midlands,Birmingham,Birmingham Ladywood,B18 5QB,72,NULL,NULL,NULL,NULL,NULL,NULL,NULL,NULL,NULL,NULL,NULL,NULL,NULL,NULL,10374904,Independent School standard inspection,Independent Standard Inspection,13/05/2025,01/07/2025,2,2,2,1,1,Yes,NULL,NULL,Y,All standards Met,Met,Met,Met,Met,Met,Met,Met,Met,NULL,NULL,NULL,NULL,NULL,NULL,
135576,8876130,Blue Skies School,Other Independent Special School,Independent special school,15/05/2008,Not applicable,None,None,Non-faith,Ofsted,South East,South East,Medway,Chatham and Aylesford,ME4 6DQ,16,NULL,NULL,NULL,NULL,NULL,NULL,NULL,NULL,NULL,NULL,NULL,NULL,NULL,NULL,10286135,Independent School standard inspection,Independent Standard Inspection,26/09/2023,05/11/2023,2,2,2,2,2,Yes,NULL,NULL,Y,All standards Met,Met,Met,Met,Met,Met,Met,Met,Met,NULL,NULL,NULL,NULL,NULL,NULL,
135596,9196261,Stanborough Primary School,Other Independent School,Independent faith school,03/12/1957,Does not have a sixth form,None,Seventh Day Adventist,Christian,Ofsted,East of England,East of England,Hertfordshire,Watford,WD25 0DQ,59,NULL,NULL,NULL,NULL,NULL,NULL,NULL,NULL,NULL,NULL,NULL,NULL,NULL,NULL,10299203,Independent School standard inspection,Independent Standard Inspection,03/07/2024,10/09/2024,2,2,1,1,2,Yes,2,NULL,Y,All standards Met,Met,Met,Met,Met,Met,Met,Met,Met,NULL,NULL,NULL,NULL,NULL,NULL,
135604,8256040,Progress Schools - Buckinghamshire,Other Independent Special School,Independent special school,23/06/2008,Not applicable,None,None,Non-faith,Ofsted,South East,South East,Buckinghamshire,Wycombe,HP12 4JG,14,NULL,NULL,NULL,NULL,NULL,NULL,NULL,NULL,NULL,NULL,NULL,NULL,NULL,NULL,10342064,Independent School standard inspection,Independent Standard Inspection,23/04/2025,20/05/2025,2,2,2,2,2,Yes,NULL,NULL,Y,All standards Met,Met,Met,Met,Met,Met,Met,Met,Met,NULL,NULL,NULL,NULL,NULL,NULL,
135608,3336129,Aspire AP School 2,Other Independent School,Independent faith school,25/06/2008,Does not have a sixth form,None,Christian,Christian,Ofsted,West Midlands,West Midlands,Sandwell,Birmingham Erdington,B66 3ND,7,NULL,NULL,NULL,NULL,NULL,NULL,NULL,NULL,NULL,NULL,NULL,NULL,NULL,NULL,10342065,Independent School standard inspection,Independent Standard Inspection,03/12/2024,13/01/2025,2,2,2,2,2,Yes,NULL,NULL,Y,All standards Met,Met,Met,Met,Met,Met,Met,Met,Met,NULL,NULL,NULL,NULL,NULL,NULL,
135616,2076408,Snowflake School,Other Independent Special School,Independent special school,08/07/2008,Not applicable,None,None,Non-faith,Ofsted,London,London,Kensington and Chelsea,Ealing Central and Acton,W3 8SB,42,NULL,NULL,NULL,NULL,NULL,NULL,NULL,NULL,NULL,NULL,NULL,NULL,NULL,NULL,10267645,Independent School standard inspection,Independent Standard Inspection,16/05/2023,11/07/2023,2,2,1,2,2,Yes,NULL,NULL,Y,All standards Met,Met,Met,Met,Met,Met,Met,Met,Met,NULL,NULL,NULL,NULL,NULL,NULL,
135623,8866132,Fairlight Glen Independent Special School,Other Independent Special School,Independent special school,09/07/2008,Has a sixth form,None,None,Non-faith,Ofsted,South East,South East,Kent,Herne Bay and Sandwich,CT6 5QQ,7,NULL,NULL,NULL,NULL,NULL,NULL,NULL,NULL,NULL,NULL,NULL,NULL,NULL,NULL,10267646,Independent School standard inspection,Independent Standard Inspection,18/07/2023,27/09/2023,2,2,2,2,2,Yes,NULL,NULL,Y,All standards Met,Met,Met,Met,Met,Met,Met,Met,Met,NULL,NULL,NULL,NULL,NULL,NULL,
135633,3556056,Aim Habonim,Other Independent Special School,Independent special school,21/07/2008,Not applicable,Jewish,Jewish,Jewish,Ofsted,North West,North West,Salford,Salford,M7 4NX,108,NULL,NULL,NULL,NULL,NULL,NULL,NULL,NULL,NULL,NULL,NULL,NULL,NULL,NULL,10391746,Independent School standard inspection,Independent Standard Inspection,15/07/2025,10/09/2025,2,2,2,2,2,Yes,2,2,Y,All standards Met,Met,Met,Met,Met,Met,Met,Met,Met,NULL,NULL,NULL,NULL,NULL,NULL,
135670,3056080,The Tutorial Foundation,Other Independent Special School,Independent special school,14/08/2008,Not applicable,None,None,Non-faith,Ofsted,London,London,Bromley,Bromley and Biggin Hill,BR1 3HY,34,NULL,NULL,NULL,NULL,NULL,NULL,NULL,NULL,NULL,NULL,NULL,NULL,NULL,NULL,10299204,Independent School standard inspection,Independent Standard Inspection,28/02/2024,29/04/2024,2,2,2,2,2,Yes,NULL,NULL,Y,All standards Met,Met,Met,Met,Met,Met,Met,Met,Met,NULL,NULL,NULL,NULL,NULL,NULL,
135673,9336216,Petherton Park School,Other Independent Special School,Independent special school,20/08/2008,Not applicable,None,None,Non-faith,Ofsted,South West,South West,Somerset,Bridgwater,TA6 6NA,15,NULL,NULL,NULL,NULL,NULL,NULL,NULL,NULL,NULL,NULL,NULL,NULL,NULL,NULL,10391747,Independent School standard inspection,Independent Standard Inspection,01/07/2025,22/07/2025,2,2,1,1,2,Yes,NULL,NULL,Y,All standards Met,Met,Met,Met,Met,Met,Met,Met,Met,NULL,NULL,NULL,NULL,NULL,NULL,
135688,3306205,Green Heath School,Other Independent School,Other independent school,10/09/2008,Has a sixth form,None,None,Non-faith,Ofsted,West Midlands,West Midlands,Birmingham,Birmingham Ladywood,B10 0NR,3,NULL,NULL,NULL,NULL,NULL,NULL,NULL,NULL,NULL,NULL,NULL,NULL,NULL,NULL,10391748,Independent School standard inspection,Independent Standard Inspection,29/04/2025,09/07/2025,3,3,2,3,3,Yes,NULL,NULL,Y,Did not meet all standards,Not met,Met,Met,Met,Met,Not met,Met,Not met,10435514,Independent school Progress Monitoring inspection,08/01/2026,2025/26,14/04/2026,Did not meet all standards that were checked,
135691,9386228,Seadown School,Other Independent Special School,Independent special school,10/09/2008,Not applicable,None,None,Non-faith,Ofsted,South East,South East,West Sussex,East Worthing and Shoreham,BN11 2BE,29,NULL,NULL,NULL,NULL,NULL,NULL,NULL,NULL,NULL,NULL,NULL,NULL,NULL,NULL,10322068,Independent School standard inspection,Independent Standard Inspection,02/07/2024,15/09/2024,2,2,1,1,2,Yes,NULL,NULL,Y,All standards Met,Met,Met,Met,Met,Met,Met,Met,Met,NULL,NULL,NULL,NULL,NULL,NULL,
135729,2056200,London Vocational Ballet School,Other Independent School,Other independent school,17/10/2008,Does not have a sixth form,None,None,Non-faith,Ofsted,London,London,Hammersmith and Fulham,Hammersmith and Chiswick,W12 8AP,47,NULL,NULL,NULL,NULL,NULL,NULL,NULL,NULL,NULL,NULL,NULL,NULL,NULL,NULL,10286418,Independent School standard inspection,Independent Standard Inspection,27/06/2023,26/09/2023,2,2,2,1,2,Yes,NULL,NULL,Y,All standards Met,Met,Met,Met,Met,Met,Met,Met,Met,NULL,NULL,NULL,NULL,NULL,NULL,
135735,9336000,Inaura School,Other Independent Special School,Independent special school,23/10/2008,Has a sixth form,None,None,Non-faith,Ofsted,South West,South West,Somerset,Taunton and Wellington,TA7 0RB,33,NULL,NULL,NULL,NULL,NULL,NULL,NULL,NULL,NULL,NULL,NULL,NULL,NULL,NULL,10299205,Independent School standard inspection,Independent Standard Inspection,06/02/2024,20/03/2024,2,2,2,2,2,Yes,NULL,NULL,Y,All standards Met,Met,Met,Met,Met,Met,Met,Met,Met,NULL,NULL,NULL,NULL,NULL,NULL,
135749,8766013,Weston Point College,Other Independent Special School,Independent special school,12/11/2008,Not applicable,None,None,Non-faith,Ofsted,North West,North West,Halton,Runcorn and Helsby,WA7 4UN,26,NULL,NULL,NULL,NULL,NULL,NULL,NULL,NULL,NULL,NULL,NULL,NULL,NULL,NULL,10375133,Independent School standard inspection,Independent Standard Inspection,24/06/2025,22/07/2025,2,2,2,2,2,Yes,NULL,NULL,Y,All standards Met,Met,Met,Met,Met,Met,Met,Met,Met,NULL,NULL,NULL,NULL,NULL,NULL,
135753,3546035,Great Howarth School,Other Independent Special School,Independent special school,21/11/2008,Not applicable,None,None,Non-faith,Ofsted,North West,North West,Rochdale,Rochdale,OL12 9HJ,35,NULL,NULL,NULL,NULL,NULL,NULL,NULL,NULL,NULL,NULL,NULL,NULL,NULL,NULL,10331644,Independent School standard inspection,Independent Standard Inspection,08/05/2024,25/06/2024,2,2,2,2,2,Yes,NULL,2,Y,All standards Met,Met,Met,Met,Met,Met,Met,Met,Met,NULL,NULL,NULL,NULL,NULL,NULL,
135754,9416070,Progress Schools - Northamptonshire,Other Independent Special School,Independent special school,21/11/2008,Not applicable,None,None,Non-faith,Ofsted,East Midlands,East Midlands,West Northamptonshire,Northampton North,NN1 2BG,28,NULL,NULL,NULL,NULL,NULL,NULL,NULL,NULL,NULL,NULL,NULL,NULL,NULL,NULL,10299206,Independent School standard inspection,Independent Standard Inspection,12/03/2024,01/05/2024,3,3,2,2,3,Yes,NULL,NULL,Y,Did not meet all standards,Not met,Met,Not met,Met,Met,Met,Met,Not met,10359516,Independent school Progress Monitoring inspection,06/11/2024,2024/25,17/12/2024,Did not meet all standards that were checked,
135773,8786061,Acorn School,Other Independent Special School,Independent special school,06/01/2009,Not applicable,None,None,Non-faith,Ofsted,South West,South West,Devon,Torridge and Tavistock,EX19 8EY,38,NULL,NULL,NULL,NULL,NULL,NULL,NULL,NULL,NULL,NULL,NULL,NULL,NULL,NULL,10299207,Independent School standard inspection,Independent Standard Inspection,30/01/2024,03/03/2024,2,2,1,1,1,Yes,NULL,NULL,Y,All standards Met,Met,Met,Met,Met,Met,Met,Met,Met,NULL,NULL,NULL,NULL,NULL,NULL,
135792,3336005,The British Muslim School,Other Independent School,Independent faith school,04/02/2009,Does not have a sixth form,None,Muslim,Muslim,Ofsted,West Midlands,West Midlands,Sandwell,West Bromwich,B70 8NX,86,NULL,NULL,NULL,NULL,NULL,NULL,NULL,NULL,NULL,NULL,NULL,NULL,NULL,NULL,10284426,Independent School standard inspection,Independent Standard Inspection,04/06/2024,26/06/2024,3,3,2,2,3,Yes,NULL,NULL,Y,All standards Met,Met,Met,Met,Met,Met,Met,Met,Met,NULL,NULL,NULL,NULL,NULL,NULL,
135794,3076401,North West London Independent Special School,Other Independent Special School,Independent special school,04/02/2009,Not applicable,None,None,Non-faith,Ofsted,London,London,Ealing,Ealing Central and Acton,W3 7DD,57,NULL,NULL,NULL,NULL,NULL,NULL,NULL,NULL,NULL,NULL,NULL,NULL,NULL,NULL,10342956,Independent School standard inspection,Independent Standard Inspection,04/02/2025,17/03/2025,1,1,1,1,1,Yes,NULL,1,Y,All standards Met,Met,Met,Met,Met,Met,Met,Met,Met,NULL,NULL,NULL,NULL,NULL,NULL,
135801,3196074,Greenholm School,Other Independent Special School,Independent special school,17/02/2009,Not applicable,None,None,Non-faith,Ofsted,London,London,Sutton,Sutton and Cheam,SM2 5SJ,119,NULL,NULL,NULL,NULL,NULL,NULL,NULL,NULL,NULL,NULL,NULL,NULL,NULL,NULL,10391749,Independent School standard inspection,Independent Standard Inspection,15/07/2025,17/09/2025,2,2,1,1,2,Yes,NULL,2,Y,All standards Met,Met,Met,Met,Met,Met,Met,Met,Met,NULL,NULL,NULL,NULL,NULL,NULL,
135803,8786213,Cambian Devon School,Other Independent Special School,Independent special school,24/02/2009,Not applicable,None,None,Non-faith,Ofsted,South West,South West,Devon,South Devon,TQ4 7DQ,18,NULL,NULL,NULL,NULL,NULL,NULL,NULL,NULL,NULL,NULL,NULL,NULL,NULL,NULL,10321516,Independent School standard inspection,Independent Standard Inspection,08/05/2024,10/06/2024,2,2,2,1,2,Yes,NULL,NULL,Y,All standards Met,Met,Met,Met,Met,Met,Met,Met,Met,NULL,NULL,NULL,NULL,NULL,NULL,
135805,8256042,Benjamin College,Other Independent Special School,Independent special school,26/02/2009,Has a sixth form,None,None,Non-faith,Ofsted,South East,South East,Buckinghamshire,Dunstable and Leighton Buzzard,LU7 1FD,11,NULL,NULL,NULL,NULL,NULL,NULL,NULL,NULL,NULL,NULL,NULL,NULL,NULL,NULL,10342066,Independent School standard inspection,Independent Standard Inspection,03/12/2024,19/01/2025,2,2,2,1,2,Yes,NULL,NULL,Y,All standards Met,Met,Met,Met,Met,Met,Met,Met,Met,NULL,NULL,NULL,NULL,NULL,NULL,
135834,8406010,The Grange Learning Centre,Other Independent Special School,Independent special school,15/04/2009,Not applicable,None,None,Non-faith,Ofsted,"North East, Yorkshire and the Humber",North East,Durham,City of Durham,DL15 0TY,19,NULL,NULL,NULL,NULL,NULL,NULL,NULL,NULL,NULL,NULL,NULL,NULL,NULL,NULL,10267648,Independent School standard inspection,Independent Standard Inspection,04/07/2023,17/09/2023,1,1,1,1,1,Yes,NULL,NULL,Y,All standards Met,Met,Met,Met,Met,Met,Met,Met,Met,NULL,NULL,NULL,NULL,NULL,NULL,
135837,8816060,Teaseldown School,Other Independent Special School,Independent special school,16/04/2009,Not applicable,None,None,Non-faith,Ofsted,East of England,East of England,Essex,Braintree,CO9 3PX,22,NULL,NULL,NULL,NULL,NULL,NULL,NULL,NULL,NULL,NULL,NULL,NULL,NULL,NULL,10267649,Independent School standard inspection,Independent Standard Inspection,27/06/2023,30/07/2023,2,2,2,2,2,Yes,NULL,0,Y,All standards Met,Met,Met,Met,Met,Met,Met,Met,Met,NULL,NULL,NULL,NULL,NULL,NULL,
135839,3086305,Freshsteps Independent school,Other Independent School,Other independent school,05/01/2009,Has a sixth form,None,None,Non-faith,Ofsted,London,London,Enfield,Enfield North,EN3 7XH,57,NULL,NULL,NULL,NULL,NULL,NULL,NULL,NULL,NULL,NULL,NULL,NULL,NULL,NULL,10299208,Independent School standard inspection,Independent Standard Inspection,30/01/2024,13/03/2024,1,1,1,1,1,Yes,NULL,1,Y,All standards Met,Met,Met,Met,Met,Met,Met,Met,Met,NULL,NULL,NULL,NULL,NULL,NULL,
135858,8566022,Land of Learning Primary School,Other Independent School,Independent faith school,01/06/2009,Does not have a sixth form,None,Muslim,Muslim,Ofsted,East Midlands,East Midlands,Leicester,Leicester South,LE5 5PF,210,NULL,NULL,NULL,NULL,NULL,NULL,NULL,NULL,NULL,NULL,NULL,NULL,NULL,NULL,10342068,Independent School standard inspection,Independent Standard Inspection,29/04/2025,15/06/2025,1,1,1,1,1,Yes,1,NULL,Y,All standards Met,Met,Met,Met,Met,Met,Met,Met,Met,NULL,NULL,NULL,NULL,NULL,NULL,
135882,3306206,The Wisdom Academy,Other Independent School,Independent faith school,02/07/2009,Does not have a sixth form,None,Muslim,Muslim,Ofsted,West Midlands,West Midlands,Birmingham,Birmingham Ladywood,B6 5UH,117,NULL,NULL,NULL,NULL,NULL,NULL,NULL,NULL,NULL,NULL,NULL,NULL,NULL,NULL,10391750,Independent School standard inspection,Independent Standard Inspection,23/09/2025,09/11/2025,3,3,2,2,3,Yes,3,NULL,Y,Did not meet all standards,Not met,Met,Met,Met,Met,Met,Met,Not met,NULL,NULL,NULL,NULL,NULL,NULL,
135901,2096409,Marathon Science School,Other Independent School,Independent faith school,20/07/2009,Has a sixth form,None,Islam,Muslim,Ofsted,London,London,Lewisham,Lewisham North,SE8 5RQ,45,NULL,NULL,NULL,NULL,NULL,NULL,NULL,NULL,NULL,NULL,NULL,NULL,NULL,NULL,10342957,Independent School standard inspection,Independent Standard Inspection,25/02/2025,28/04/2025,3,3,2,2,3,Yes,NULL,NULL,Y,All standards Met,Met,Met,Met,Met,Met,Met,Met,Met,NULL,NULL,NULL,NULL,NULL,NULL,
135975,3576003,Ashlea House School,Other Independent School,Other independent school,21/08/2009,Has a sixth form,None,None,Non-faith,Ofsted,North West,North West,Tameside,Gorton and Denton,M34 6ET,13,NULL,NULL,NULL,NULL,NULL,NULL,NULL,NULL,NULL,NULL,NULL,NULL,NULL,NULL,10286420,Independent School standard inspection,Independent Standard Inspection,19/09/2023,26/11/2023,2,2,2,2,2,Yes,NULL,NULL,Y,All standards Met,Met,Met,Met,Met,Met,Met,Met,Met,NULL,NULL,NULL,NULL,NULL,NULL,
135988,3096088,Assunnah Primary School,Other Independent School,Independent faith school,08/09/2009,Does not have a sixth form,None,Muslim,Muslim,Ofsted,London,London,Haringey,Tottenham,N17 6SB,134,NULL,NULL,NULL,NULL,NULL,NULL,NULL,NULL,NULL,NULL,NULL,NULL,NULL,NULL,10391751,Independent School standard inspection,Independent Standard Inspection,08/07/2025,09/09/2025,2,2,2,2,2,Yes,2,NULL,Y,All standards Met,Met,Met,Met,Met,Met,Met,Met,Met,NULL,NULL,NULL,NULL,NULL,NULL,
135990,8226014,Cambian Walnut Tree Lodge School,Other Independent Special School,Independent special school,09/09/2009,Not applicable,None,None,Non-faith,Ofsted,East of England,East of England,Bedford,North Bedfordshire,MK44 2PT,6,NULL,NULL,NULL,NULL,NULL,NULL,NULL,NULL,NULL,NULL,NULL,NULL,NULL,NULL,10321482,Independent School standard inspection,Independent Standard Inspection,11/02/2025,16/03/2025,2,2,2,2,2,Yes,NULL,NULL,Y,All standards Met,Met,Met,Met,Met,Met,Met,Met,Met,NULL,NULL,NULL,NULL,NULL,NULL,
135995,8706016,The Deenway Montessori School,Other Independent School,Other independent school,22/09/2009,Does not have a sixth form,None,None,Non-faith,Ofsted,South East,South East,Reading,Reading Central,RG1 4QZ,57,NULL,NULL,NULL,NULL,NULL,NULL,NULL,NULL,NULL,NULL,NULL,NULL,NULL,NULL,10322334,Independent School standard inspection,Independent Standard Inspection,04/06/2024,02/07/2024,2,2,2,2,2,Yes,2,NULL,Y,All standards Met,Met,Met,Met,Met,Met,Met,Met,Met,NULL,NULL,NULL,NULL,NULL,NULL,
135998,3596011,Green Meadow Independent Primary School,Other Independent School,Other independent school,25/09/2009,Does not have a sixth form,None,None,Non-faith,Ofsted,North West,North West,Wigan,Leigh and Atherton,WA3 2RD,10,NULL,NULL,NULL,NULL,NULL,NULL,NULL,NULL,NULL,NULL,NULL,NULL,NULL,NULL,10342069,Independent School standard inspection,Independent Standard Inspection,19/11/2024,28/01/2025,2,2,2,2,2,Yes,NULL,NULL,Y,All standards Met,Met,Met,Met,Met,Met,Met,Met,Met,NULL,NULL,NULL,NULL,NULL,NULL,
136000,3906008,The Gateshead Cheder Primary School,Other Independent School,Independent faith school,29/09/2009,Does not have a sixth form,None,Jewish,Jewish,Ofsted,"North East, Yorkshire and the Humber",North East,Gateshead,Gateshead Central and Whickham,NE8 3HY,490,NULL,NULL,NULL,NULL,NULL,NULL,NULL,NULL,NULL,NULL,NULL,NULL,NULL,NULL,10321498,Independent School standard inspection,Independent Standard Inspection,05/11/2024,12/01/2025,3,3,2,3,3,Yes,2,NULL,Y,Did not meet all standards,Not met,Not met,Met,Met,Met,Met,Met,Not met,NULL,NULL,NULL,NULL,NULL,NULL,
136003,8886111,Aurora Brooklands School,Other Independent Special School,Independent special school,30/09/2009,Not applicable,None,None,Non-faith,Ofsted,North West,North West,Lancashire,South Ribble,PR26 7TB,58,NULL,NULL,NULL,NULL,NULL,NULL,NULL,NULL,NULL,NULL,NULL,NULL,NULL,NULL,10375134,Independent School standard inspection,Independent Standard Inspection,01/07/2025,07/09/2025,2,2,2,2,2,Yes,NULL,NULL,Y,All standards Met,Met,Met,Met,Met,Met,Met,Met,Met,NULL,NULL,NULL,NULL,NULL,NULL,
136014,3026122,Edgware Jewish Girls - Beis Chinuch,Other Independent School,Independent faith school,13/09/2009,Does not have a sixth form,None,Jewish,Jewish,Ofsted,London,London,Barnet,Hendon,HA8 8NP,286,NULL,NULL,NULL,NULL,NULL,NULL,NULL,NULL,NULL,NULL,NULL,NULL,NULL,NULL,10322584,Independent School standard inspection,Independent Standard Inspection,02/07/2024,11/09/2024,2,2,1,2,2,Yes,2,NULL,N,All standards Met,Met,Met,Met,Met,Met,Met,Met,Met,NULL,NULL,NULL,NULL,NULL,NULL,
136015,2046073,Bnos Zion of Bobov,Other Independent School,Independent faith school,13/09/2009,Does not have a sixth form,Orthodox Jewish,Jewish,Jewish,Ofsted,London,London,Hackney,Hackney North and Stoke Newington,N16 6TJ,344,NULL,NULL,NULL,NULL,NULL,NULL,NULL,NULL,NULL,NULL,NULL,NULL,NULL,NULL,10322585,Independent School standard inspection,Independent Standard Inspection,19/11/2024,12/01/2025,3,2,1,3,3,Yes,2,NULL,N,Did not meet all standards,Not met,Not met,Met,Met,Met,Met,Met,Not met,NULL,NULL,NULL,NULL,NULL,NULL,
136019,8656043,On Track Education Centre Westbury,Other Independent Special School,Independent special school,29/10/2009,Has a sixth form,None,None,Non-faith,Ofsted,South West,South West,Wiltshire,South West Wiltshire,BA13 4JY,31,NULL,NULL,NULL,NULL,NULL,NULL,NULL,NULL,NULL,NULL,NULL,NULL,NULL,NULL,10322163,Independent School standard inspection,Independent Standard Inspection,11/06/2024,16/12/2024,4,3,4,3,4,No,NULL,NULL,Y,Did not meet all standards,Not met,Met,Not met,Met,Met,Met,Met,Not met,10420666,Independent school Progress Monitoring inspection,15/10/2025,2025/26,16/11/2025,Met all standards that were checked,
136023,8746003,Iqra Academy,Other Independent School,Independent faith school,22/10/2009,Has a sixth form,Islam,Muslim,Muslim,Ofsted,East of England,East of England,Peterborough,Peterborough,PE3 8YQ,94,NULL,NULL,NULL,NULL,NULL,NULL,NULL,NULL,NULL,NULL,NULL,NULL,NULL,NULL,10374845,Independent School standard inspection,Independent Standard Inspection,01/07/2025,14/09/2025,2,2,1,1,1,Yes,NULL,0,Y,All standards Met,Met,Met,Met,Met,Met,Met,Met,Met,NULL,NULL,NULL,NULL,NULL,NULL,
136039,8916036,Wings School Notts,Other Independent Special School,Independent special school,17/12/2009,Not applicable,None,None,Non-faith,Ofsted,East Midlands,East Midlands,Nottinghamshire,Newark,NG22 8NB,36,NULL,NULL,NULL,NULL,NULL,NULL,NULL,NULL,NULL,NULL,NULL,NULL,NULL,NULL,10267651,Independent School standard inspection,Independent Standard Inspection,20/06/2023,17/07/2023,2,2,2,2,2,Yes,NULL,NULL,Y,All standards Met,Met,Met,Met,Met,Met,Met,Met,Met,NULL,NULL,NULL,NULL,NULL,NULL,
136046,3126082,Lady Nafisa School,Other Independent School,Independent faith school,16/12/2009,Does not have a sixth form,Islam,Muslim,Muslim,Ofsted,London,London,Hillingdon,Hayes and Harlington,UB7 0JG,88,NULL,NULL,NULL,NULL,NULL,NULL,NULL,NULL,NULL,NULL,NULL,NULL,NULL,NULL,10286423,Independent School standard inspection,Independent Standard Inspection,03/10/2023,26/11/2023,2,2,1,2,2,Yes,NULL,NULL,N,All standards Met,Met,Met,Met,Met,Met,Met,Met,Met,NULL,NULL,NULL,NULL,NULL,NULL,
136052,3166072,East London Independent School,Other Independent Special School,Independent special school,05/01/2010,Not applicable,None,None,Non-faith,Ofsted,London,London,Newham,West Ham and Beckton,E15 4HT,75,NULL,NULL,NULL,NULL,NULL,NULL,NULL,NULL,NULL,NULL,NULL,NULL,NULL,NULL,10389225,Independent School standard inspection,Independent Standard Inspection,03/06/2025,09/07/2025,1,1,1,1,1,Yes,NULL,1,Y,All standards Met,Met,Met,Met,Met,Met,Met,Met,Met,NULL,NULL,NULL,NULL,NULL,NULL,
136069,8886056,Brook View School,Other Independent Special School,Independent special school,05/02/2010,Not applicable,None,None,Non-faith,Ofsted,North West,North West,Lancashire,Ribble Valley,PR3 3YB,5,NULL,NULL,NULL,NULL,NULL,NULL,NULL,NULL,NULL,NULL,NULL,NULL,NULL,NULL,10391752,Independent School standard inspection,Independent Standard Inspection,13/05/2025,29/06/2025,2,2,2,2,2,Yes,NULL,NULL,Y,All standards Met,Met,Met,Met,Met,Met,Met,Met,Met,NULL,NULL,NULL,NULL,NULL,NULL,
136086,3556057,Beis Ruchel Girls School,Other Independent School,Independent faith school,11/03/2010,Does not have a sixth form,None,Jewish,Jewish,Ofsted,North West,North West,Salford,Salford,M7 4AJ,214,NULL,NULL,NULL,NULL,NULL,NULL,NULL,NULL,NULL,NULL,NULL,NULL,NULL,NULL,10342070,Independent School standard inspection,Independent Standard Inspection,24/09/2024,19/11/2024,3,2,2,3,3,Yes,NULL,NULL,Y,Did not meet all standards,Not met,Not met,Met,Met,Met,Met,Met,Not met,10383551,Independent school Progress Monitoring inspection,01/05/2025,2024/25,23/06/2025,Did not meet all standards that were checked,
136088,3436134,Olsen House School,Other Independent Special School,Independent special school,11/03/2010,Not applicable,None,None,Non-faith,Ofsted,North West,North West,Sefton,Bootle,L23 5TD,56,NULL,NULL,NULL,NULL,NULL,NULL,NULL,NULL,NULL,NULL,NULL,NULL,NULL,NULL,10322496,Independent School standard inspection,Independent Standard Inspection,30/04/2024,30/06/2024,2,2,1,1,2,Yes,NULL,NULL,Y,All standards Met,Met,Met,Met,Met,Met,Met,Met,Met,NULL,NULL,NULL,NULL,NULL,NULL,
136092,2036040,Wize Up,Other Independent Special School,Independent special school,22/03/2010,Not applicable,None,None,Non-faith,Ofsted,London,London,Greenwich,Eltham and Chislehurst,SE9 6DN,45,NULL,NULL,NULL,NULL,NULL,NULL,NULL,NULL,NULL,NULL,NULL,NULL,NULL,NULL,10299212,Independent School standard inspection,Independent Standard Inspection,30/04/2024,12/06/2024,2,2,2,2,2,Yes,NULL,NULL,Y,All standards Met,Met,Met,Met,Met,Met,Met,Met,Met,NULL,NULL,NULL,NULL,NULL,NULL,
136100,2036041,StreetVibes Media Academy,Other Independent School,Other independent school,19/04/2010,Has a sixth form,None,None,Non-faith,Ofsted,London,London,Greenwich,Eltham and Chislehurst,SE9 1DA,25,NULL,NULL,NULL,NULL,NULL,NULL,NULL,NULL,NULL,NULL,NULL,NULL,NULL,NULL,10299213,Independent School standard inspection,Independent Standard Inspection,23/01/2024,06/03/2024,2,2,2,1,2,Yes,NULL,NULL,Y,All standards Met,Met,Met,Met,Met,Met,Met,Met,Met,NULL,NULL,NULL,NULL,NULL,NULL,
136110,2126041,Roehampton Gate School,Other Independent Special School,Independent special school,05/05/2010,Has a sixth form,None,None,Non-faith,Ofsted,London,London,Wandsworth,Putney,SW15 5JJ,52,NULL,NULL,NULL,NULL,NULL,NULL,NULL,NULL,NULL,NULL,NULL,NULL,NULL,NULL,10281879,Independent School standard inspection,Independent Standard Inspection,04/07/2023,26/09/2023,2,2,2,1,2,Yes,NULL,2,Y,All standards Met,Met,Met,Met,Met,Met,Met,Met,Met,NULL,NULL,NULL,NULL,NULL,NULL,
136117,3556006,Beis Malka Girls school,Other Independent School,Independent faith school,25/05/2010,Does not have a sixth form,Orthodox Jewish,Jewish,Jewish,Ofsted,North West,North West,Salford,Salford,M7 2BT,338,NULL,NULL,NULL,NULL,NULL,NULL,NULL,NULL,NULL,NULL,NULL,NULL,NULL,NULL,10322497,Independent School standard inspection,Independent Standard Inspection,25/06/2024,20/09/2024,3,2,2,2,3,Yes,2,NULL,Y,Did not meet all standards,Not met,Not met,Met,Met,Met,Met,Met,Not met,NULL,NULL,NULL,NULL,NULL,NULL,
136122,8226015,KWS School,Other Independent School,Other independent school,26/05/2010,Has a sixth form,None,None,Non-faith,Ofsted,East of England,East of England,Bedford,Bedford,MK41 9TJ,24,NULL,NULL,NULL,NULL,NULL,NULL,NULL,NULL,NULL,NULL,NULL,NULL,NULL,NULL,10267652,Independent School standard inspection,Independent Standard Inspection,13/06/2023,17/07/2023,2,2,2,2,2,Yes,NULL,0,Y,All standards Met,Met,Met,Met,Met,Met,Met,Met,Met,NULL,NULL,NULL,NULL,NULL,NULL,
136143,3556039,Tiferes,Other Independent School,Independent faith school,21/06/2010,Does not have a sixth form,None,Jewish,Jewish,Ofsted,North West,North West,Salford,Salford,M7 2JR,389,NULL,NULL,NULL,NULL,NULL,NULL,NULL,NULL,NULL,NULL,NULL,NULL,NULL,NULL,10391753,Independent School standard inspection,Independent Standard Inspection,15/07/2025,16/09/2025,3,2,1,3,3,Yes,2,NULL,Y,Did not meet all standards,Not met,Not met,Met,Met,Met,Met,Met,Not met,NULL,NULL,NULL,NULL,NULL,NULL,
136167,8306037,Bradshaw Farm Independent School,Other Independent Special School,Independent special school,12/07/2010,Not applicable,None,None,Non-faith,Ofsted,East Midlands,East Midlands,Derbyshire,Staffordshire Moorlands,SK17 0QY,2,NULL,NULL,NULL,NULL,NULL,NULL,NULL,NULL,NULL,NULL,NULL,NULL,NULL,NULL,10312796,Independent School standard inspection,Independent Standard Inspection,04/03/2025,05/05/2025,2,2,2,2,2,Yes,NULL,NULL,Y,All standards Met,Met,Met,Met,Met,Met,Met,Met,Met,NULL,NULL,NULL,NULL,NULL,NULL,
136168,8306038,Old Sams Farm Independent School,Other Independent Special School,Independent special school,12/07/2010,Not applicable,None,None,Non-faith,Ofsted,East Midlands,East Midlands,Derbyshire,Staffordshire Moorlands,SK17 0SN,4,NULL,NULL,NULL,NULL,NULL,NULL,NULL,NULL,NULL,NULL,NULL,NULL,NULL,NULL,10391754,Independent School standard inspection,Independent Standard Inspection,16/09/2025,09/11/2025,2,2,2,2,2,Yes,NULL,NULL,Y,All standards Met,Met,Met,Met,Met,Met,Met,Met,Met,NULL,NULL,NULL,NULL,NULL,NULL,
136211,8866136,Birtley House Independent School,Other Independent Special School,Independent special school,24/08/2010,Does not have a sixth form,None,Church of England/Christian,Christian,Ofsted,South East,South East,Kent,Sevenoaks,TN15 6AY,37,NULL,NULL,NULL,NULL,NULL,NULL,NULL,NULL,NULL,NULL,NULL,NULL,NULL,NULL,10374999,Independent School standard inspection,Independent Standard Inspection,23/09/2025,03/11/2025,3,3,2,2,3,Yes,NULL,NULL,Y,Did not meet all standards,Not met,Met,Met,Met,Met,Met,Met,Not met,10437752,Independent school Progress Monitoring inspection,20/01/2026,2025/26,27/03/2026,Did not meet all standards that were checked,
136227,9416073,On Track Education Northampton,Other Independent Special School,Independent special school,07/09/2010,Not applicable,None,None,Non-faith,Ofsted,East Midlands,East Midlands,West Northamptonshire,Northampton North,NN3 6QB,47,NULL,NULL,NULL,NULL,NULL,NULL,NULL,NULL,NULL,NULL,NULL,NULL,NULL,NULL,10374816,Independent School standard inspection,Independent Standard Inspection,20/05/2025,12/06/2025,1,1,1,1,1,Yes,NULL,NULL,Y,All standards Met,Met,Met,Met,Met,Met,Met,Met,Met,NULL,NULL,NULL,NULL,NULL,NULL,
136230,3566035,Willow House School,Other Independent Special School,Independent special school,10/09/2010,Not applicable,None,None,Non-faith,Ofsted,North West,North West,Stockport,Cheadle,SK8 6RF,6,NULL,NULL,NULL,NULL,NULL,NULL,NULL,NULL,NULL,NULL,NULL,NULL,NULL,NULL,10342072,Independent School standard inspection,Independent Standard Inspection,15/10/2024,26/11/2024,3,3,3,2,3,Yes,NULL,NULL,Y,Did not meet all standards,Not met,Met,Not met,Met,Met,Met,Met,Not met,10417869,Independent school Progress Monitoring inspection,04/11/2025,2025/26,07/12/2025,Met all standards that were checked,
136231,3046114,Bnos Beis Yaakov Primary School,Other Independent School,Independent faith school,13/09/2010,Does not have a sixth form,None,Jewish,Jewish,Ofsted,London,London,Brent,Brent East,NW9 8XR,99,NULL,NULL,NULL,NULL,NULL,NULL,NULL,NULL,NULL,NULL,NULL,NULL,NULL,NULL,10391756,Independent School standard inspection,Independent Standard Inspection,29/04/2025,01/07/2025,2,2,1,1,2,Yes,2,NULL,Y,All standards Met,Met,Met,Met,Met,Met,Met,Met,Met,NULL,NULL,NULL,NULL,NULL,NULL,
136236,8736028,Begdale House School,Other Independent Special School,Independent special school,17/09/2010,Not applicable,None,None,Non-faith,Ofsted,East of England,East of England,Cambridgeshire,North East Cambridgeshire,PE14 0AZ,19,NULL,NULL,NULL,NULL,NULL,NULL,NULL,NULL,NULL,NULL,NULL,NULL,NULL,NULL,10267653,Independent School standard inspection,Independent Standard Inspection,06/06/2023,13/07/2023,2,2,2,2,2,Yes,NULL,NULL,Y,All standards Met,Met,Met,Met,Met,Met,Met,Met,Met,NULL,NULL,NULL,NULL,NULL,NULL,
136239,3586019,Fairfield House School,Other Independent Special School,Independent special school,24/09/2010,Not applicable,None,None,Non-faith,Ofsted,North West,North West,Trafford,Stretford and Urmston,M31 4NL,7,NULL,NULL,NULL,NULL,NULL,NULL,NULL,NULL,NULL,NULL,NULL,NULL,NULL,NULL,10322498,Independent School standard inspection,Independent Standard Inspection,23/04/2024,09/06/2024,3,3,2,2,3,Yes,NULL,NULL,Y,All standards Met,Met,Met,Met,Met,Met,Met,Met,Met,NULL,NULL,NULL,NULL,NULL,NULL,
136244,3176080,Stradbroke,Other Independent Special School,Independent special school,04/10/2010,Not applicable,None,None,Non-faith,Ofsted,London,London,Redbridge,Ilford North,IG5 0DL,1,NULL,NULL,NULL,NULL,NULL,NULL,NULL,NULL,NULL,NULL,NULL,NULL,NULL,NULL,10391757,Independent School standard inspection,Independent Standard Inspection,03/06/2025,13/07/2025,2,2,2,2,2,Yes,NULL,NULL,Y,All standards Met,Met,Met,Met,Met,Met,Met,Met,Met,NULL,NULL,NULL,NULL,NULL,NULL,
136245,8616443,Edison Pace School,Other Independent Special School,Independent special school,08/10/2010,Not applicable,None,None,Non-faith,Ofsted,West Midlands,West Midlands,Stoke-on-Trent,Stoke-on-Trent Central,ST1 4NF,36,NULL,NULL,NULL,NULL,NULL,NULL,NULL,NULL,NULL,NULL,NULL,NULL,NULL,NULL,10374905,Independent School standard inspection,Independent Standard Inspection,29/04/2025,12/06/2025,2,2,2,2,2,Yes,NULL,NULL,Y,All standards Met,Met,Met,Met,Met,Met,Met,Met,Met,NULL,NULL,NULL,NULL,NULL,NULL,
136257,3546202,Meadows School,Other Independent Special School,Independent special school,17/11/2010,Not applicable,None,None,Non-faith,Ofsted,North West,North West,Rochdale,Rochdale,OL12 9EN,19,NULL,NULL,NULL,NULL,NULL,NULL,NULL,NULL,NULL,NULL,NULL,NULL,NULL,NULL,10286425,Independent School standard inspection,Independent Standard Inspection,03/10/2023,21/11/2023,2,2,2,2,2,Yes,NULL,NULL,Y,All standards Met,Met,Met,Met,Met,Met,Met,Met,Met,NULL,NULL,NULL,NULL,NULL,NULL,
136258,3916040,Bahr Academy,Other Independent School,Independent faith school,18/11/2010,Does not have a sixth form,Sunni Deobandi,None,Muslim,Ofsted,"North East, Yorkshire and the Humber",North East,Newcastle upon Tyne,Newcastle upon Tyne Central and West,NE4 6PR,30,NULL,NULL,NULL,NULL,NULL,NULL,NULL,NULL,NULL,NULL,NULL,NULL,NULL,NULL,10374857,Independent School standard inspection,Independent Standard Inspection,08/07/2025,17/09/2025,3,3,2,2,3,Yes,NULL,NULL,Y,All standards Met,Met,Met,Met,Met,Met,Met,Met,Met,NULL,NULL,NULL,NULL,NULL,NULL,
136259,8066002,Tees Valley College,Other Independent School,Other independent school,25/11/2010,Has a sixth form,None,None,Non-faith,Ofsted,"North East, Yorkshire and the Humber",North East,Middlesbrough,Middlesbrough and Thornaby East,TS3 8BT,42,NULL,NULL,NULL,NULL,NULL,NULL,NULL,NULL,NULL,NULL,NULL,NULL,NULL,NULL,10286426,Independent School standard inspection,Independent Standard Inspection,12/03/2024,30/04/2024,3,3,2,2,2,Yes,NULL,NULL,Y,All standards Met,Met,Met,Met,Met,Met,Met,Met,Met,NULL,NULL,NULL,NULL,NULL,NULL,
136260,8856039,Our Place School,Other Independent Special School,Independent special school,25/11/2010,Has a sixth form,None,None,Non-faith,Ofsted,West Midlands,West Midlands,Worcestershire,West Worcestershire,WR6 5JE,31,NULL,NULL,NULL,NULL,NULL,NULL,NULL,NULL,NULL,NULL,NULL,NULL,NULL,NULL,10299214,Independent School standard inspection,Independent Standard Inspection,12/03/2024,06/05/2024,2,2,1,2,2,Yes,NULL,NULL,Y,All standards Met,Met,Met,Met,Met,Met,Met,Met,Met,NULL,NULL,NULL,NULL,NULL,NULL,
136425,8926074,Green Crescent School,Other Independent School,Independent faith school,13/01/2011,Does not have a sixth form,None,Muslim,Muslim,Ofsted,East Midlands,East Midlands,Nottingham,Nottingham North and Kimberley,NG6 0DG,226,NULL,NULL,NULL,NULL,NULL,NULL,NULL,NULL,NULL,NULL,NULL,NULL,NULL,NULL,10374817,Independent School standard inspection,Independent Standard Inspection,24/06/2025,09/11/2025,3,3,2,3,3,Yes,2,NULL,N,All standards Met,Met,Met,Met,Met,Met,Met,Met,Met,NULL,NULL,NULL,NULL,NULL,NULL,
136503,3556058,Toras Emes,Other Independent School,Independent faith school,15/03/2011,Does not have a sixth form,None,Jewish,Jewish,Ofsted,North West,North West,Salford,Bury South,M7 4AH,268,NULL,NULL,NULL,NULL,NULL,NULL,NULL,NULL,NULL,NULL,NULL,NULL,NULL,NULL,10322499,Independent School standard inspection,Independent Standard Inspection,02/07/2024,26/09/2024,3,3,2,2,3,Yes,2,NULL,N,Did not meet all standards,Not met,Met,Met,Met,Met,Met,Met,Not met,10405606,Independent school Progress Monitoring inspection,15/07/2025,2024/25,17/09/2025,Did not meet all standards that were checked,
136740,2076016,Catch22 Include London,Other Independent Special School,Independent special school,05/05/2011,Not applicable,None,None,Non-faith,Ofsted,London,London,Kensington and Chelsea,Kensington and Bayswater,W10 6TH,16,NULL,NULL,NULL,NULL,NULL,NULL,NULL,NULL,NULL,NULL,NULL,NULL,NULL,NULL,10342075,Independent School standard inspection,Independent Standard Inspection,11/02/2025,25/03/2025,2,2,2,2,2,Yes,NULL,NULL,Y,All standards Met,Met,Met,Met,Met,Met,Met,Met,Met,NULL,NULL,NULL,NULL,NULL,NULL,
136746,3016003,Al Madina School for Girls,Other Independent School,Independent faith school,16/05/2011,Does not have a sixth form,None,Muslim,Muslim,Ofsted,London,London,Barking and Dagenham,Barking,IG11 8PY,98,NULL,NULL,NULL,NULL,NULL,NULL,NULL,NULL,NULL,NULL,NULL,NULL,NULL,NULL,10254657,Independent School standard inspection,Independent Standard Inspection,17/01/2023,12/03/2023,2,2,2,2,2,Yes,NULL,NULL,Y,All standards Met,Met,Met,Met,Met,Met,Met,Met,Met,NULL,NULL,NULL,NULL,NULL,NULL,
136747,2076000,SIAL,Other Independent School,Other independent school,16/05/2011,Does not have a sixth form,None,None,Non-faith,Ofsted,London,London,Kensington and Chelsea,Kensington and Bayswater,W11 4UH,89,NULL,NULL,NULL,NULL,NULL,NULL,NULL,NULL,NULL,NULL,NULL,NULL,NULL,NULL,10254658,Independent School standard inspection,Independent Standard Inspection,28/03/2023,25/05/2023,2,2,1,1,2,Yes,2,NULL,Y,All standards Met,Met,Met,Met,Met,Met,Met,Met,Met,NULL,NULL,NULL,NULL,NULL,NULL,
136748,8406012,Highcroft School,Other Independent Special School,Independent special school,24/05/2011,Not applicable,None,None,Non-faith,Ofsted,"North East, Yorkshire and the Humber",North East,Durham,Bishop Auckland,DL13 5AG,11,NULL,NULL,NULL,NULL,NULL,NULL,NULL,NULL,NULL,NULL,NULL,NULL,NULL,NULL,10254659,Independent School standard inspection,Independent Standard Inspection,28/03/2023,15/06/2023,2,2,1,2,2,Yes,NULL,NULL,Y,All standards Met,Met,Met,Met,Met,Met,Met,Met,Met,NULL,NULL,NULL,NULL,NULL,NULL,
136752,3406001,Lawrence House School,Other Independent Special School,Independent special school,25/05/2011,Not applicable,None,None,Non-faith,Ofsted,North West,North West,Knowsley,Knowsley,L36 5SJ,11,10427364,Independent School standard inspection,Independent standard inspection,27/01/2026,20/04/2026,Met,Strong standard,Expected standard,Expected standard,Strong standard,Strong standard,Not applicable,Not applicable,Strong standard,10254660,Independent School standard inspection,Independent Standard Inspection,21/02/2023,26/04/2023,2,2,2,2,2,Yes,NULL,NULL,Y,All standards Met,Met,Met,Met,Met,Met,Met,Met,Met,NULL,NULL,NULL,NULL,NULL,NULL,
136817,2046000,Beis Yaakov Girls School,Other Independent School,Independent faith school,23/06/2011,Does not have a sixth form,Charadi Jewish,Jewish,Jewish,Ofsted,London,London,Hackney,Hackney North and Stoke Newington,N16 5DH,109,NULL,NULL,NULL,NULL,NULL,NULL,NULL,NULL,NULL,NULL,NULL,NULL,NULL,NULL,10322586,Independent School standard inspection,Independent Standard Inspection,24/09/2024,16/10/2024,2,2,1,2,2,Yes,2,NULL,Y,All standards Met,Met,Met,Met,Met,Met,Met,Met,Met,NULL,NULL,NULL,NULL,NULL,NULL,
136936,3736002,Brantwood Garden School,Other Independent Special School,Independent special school,13/07/2011,Not applicable,None,None,Non-faith,Ofsted,"North East, Yorkshire and the Humber",Yorkshire and the Humber,Sheffield,Sheffield Central,S7 1NU,51,NULL,NULL,NULL,NULL,NULL,NULL,NULL,NULL,NULL,NULL,NULL,NULL,NULL,NULL,10391758,Independent School standard inspection,Independent Standard Inspection,01/07/2025,31/08/2025,2,2,2,2,2,Yes,NULL,2,Y,All standards Met,Met,Met,Met,Met,Met,Met,Met,Met,NULL,NULL,NULL,NULL,NULL,NULL,
136947,8466018,The Montessori Place,Other Independent School,Other independent school,22/07/2011,Has a sixth form,None,None,Non-faith,Ofsted,South East,South East,Brighton and Hove,Hove and Portslade,BN3 3ER,164,NULL,NULL,NULL,NULL,NULL,NULL,NULL,NULL,NULL,NULL,NULL,NULL,NULL,NULL,10375000,Independent School standard inspection,Independent Standard Inspection,15/07/2025,01/10/2025,1,1,1,1,1,Yes,1,1,Y,All standards Met,Met,Met,Met,Met,Met,Met,Met,Met,NULL,NULL,NULL,NULL,NULL,NULL,
136949,8556019,Meadow View Farm School,Other Independent Special School,Independent special school,21/07/2011,Not applicable,None,None,Non-faith,Ofsted,East Midlands,East Midlands,Leicestershire,Hinckley and Bosworth,LE9 8FT,40,NULL,NULL,NULL,NULL,NULL,NULL,NULL,NULL,NULL,NULL,NULL,NULL,NULL,NULL,10286428,Independent School standard inspection,Independent Standard Inspection,06/06/2023,10/07/2023,1,1,1,1,1,Yes,NULL,NULL,Y,All standards Met,Met,Met,Met,Met,Met,Met,Met,Met,NULL,NULL,NULL,NULL,NULL,NULL,
136954,8306003,High Grange School,Other Independent Special School,Independent special school,27/07/2011,Not applicable,None,None,Non-faith,Ofsted,East Midlands,East Midlands,Derbyshire,South Derbyshire,DE3 0DR,86,NULL,NULL,NULL,NULL,NULL,NULL,NULL,NULL,NULL,NULL,NULL,NULL,NULL,NULL,10254661,Independent School standard inspection,Independent Standard Inspection,06/06/2023,10/07/2023,1,1,1,1,1,Yes,NULL,1,Y,All standards Met,Met,Met,Met,Met,Met,Met,Met,Met,NULL,NULL,NULL,NULL,NULL,NULL,
136955,8716002,Al-Madani Girls School,Other Independent School,Independent faith school,28/07/2011,Does not have a sixth form,Muslim,Islam,Muslim,Ofsted,South East,South East,Slough,Slough,SL1 5PR,69,NULL,NULL,NULL,NULL,NULL,NULL,NULL,NULL,NULL,NULL,NULL,NULL,NULL,NULL,10391759,Independent School standard inspection,Independent Standard Inspection,23/09/2025,19/10/2025,2,2,1,1,2,Yes,NULL,NULL,Y,All standards Met,Met,Met,Met,Met,Met,Met,Met,Met,NULL,NULL,NULL,NULL,NULL,NULL,
137273,3136006,Tarbiyyah Primary School,Other Independent School,Independent faith school,09/08/2011,Does not have a sixth form,None,Islam,Muslim,Ofsted,London,London,Hounslow,Feltham and Heston,TW5 0LJ,161,NULL,NULL,NULL,NULL,NULL,NULL,NULL,NULL,NULL,NULL,NULL,NULL,NULL,NULL,10286429,Independent School standard inspection,Independent Standard Inspection,30/01/2024,18/03/2024,2,2,1,1,2,Yes,2,NULL,Y,All standards Met,Met,Met,Met,Met,Met,Met,Met,Met,NULL,NULL,NULL,NULL,NULL,NULL,
137275,3556059,Edstart,Other Independent School,Other independent school,10/08/2011,Does not have a sixth form,None,None,Non-faith,Ofsted,North West,North West,Salford,Salford,M6 6DW,74,NULL,NULL,NULL,NULL,NULL,NULL,NULL,NULL,NULL,NULL,NULL,NULL,NULL,NULL,10267655,Independent School standard inspection,Independent Standard Inspection,20/06/2023,27/07/2023,2,2,2,2,2,Yes,NULL,NULL,N,All standards Met,Met,Met,Met,Met,Met,Met,Met,Met,NULL,NULL,NULL,NULL,NULL,NULL,
137279,8506089,New Forest School,Other Independent Special School,Independent special school,15/08/2011,Not applicable,None,None,Non-faith,Ofsted,South East,South East,Hampshire,New Forest East,SO45 1FJ,96,NULL,NULL,NULL,NULL,NULL,NULL,NULL,NULL,NULL,NULL,NULL,NULL,NULL,NULL,10375001,Independent School standard inspection,Independent Standard Inspection,08/07/2025,10/09/2025,1,1,1,1,1,Yes,NULL,NULL,N,All standards Met,Met,Met,Met,Met,Met,Met,Met,Met,NULL,NULL,NULL,NULL,NULL,NULL,
137318,2046001,Bnei Zion Community School,Other Independent School,Independent faith school,17/08/2011,Does not have a sixth form,None,Jewish,Jewish,Ofsted,London,London,Hackney,Hackney North and Stoke Newington,N16 6TJ,148,NULL,NULL,NULL,NULL,NULL,NULL,NULL,NULL,NULL,NULL,NULL,NULL,NULL,NULL,10322587,Independent School standard inspection,Independent Standard Inspection,12/11/2024,04/02/2025,4,4,2,3,4,Yes,4,NULL,N,Did not meet all standards,Not met,Not met,Met,Met,Met,Met,Met,Not met,10404947,Independent school Progress Monitoring inspection,05/11/2025,2025/26,11/01/2026,Did not meet all standards that were checked,
137334,9316000,Chilworth House Upper School,Other Independent Special School,Independent special school,01/09/2011,Not applicable,None,None,Non-faith,Ofsted,South East,South East,Oxfordshire,Henley and Thame,OX33 1JP,75,NULL,NULL,NULL,NULL,NULL,NULL,NULL,NULL,NULL,NULL,NULL,NULL,NULL,NULL,10313669,Independent School standard inspection,Independent Standard Inspection,30/04/2024,09/06/2024,2,2,2,1,2,Yes,NULL,NULL,Y,All standards Met,Met,Met,Met,Met,Met,Met,Met,Met,NULL,NULL,NULL,NULL,NULL,NULL,
137385,9296002,Gust Independent School,Other Independent Special School,Independent special school,01/09/2011,Not applicable,None,None,Non-faith,Ofsted,"North East, Yorkshire and the Humber",North East,Northumberland,Blyth and Ashington,NE63 8SF,39,NULL,NULL,NULL,NULL,NULL,NULL,NULL,NULL,NULL,NULL,NULL,NULL,NULL,NULL,10299215,Independent School standard inspection,Independent Standard Inspection,26/03/2024,12/05/2024,2,2,2,2,2,Yes,NULL,NULL,Y,All standards Met,Met,Met,Met,Met,Met,Met,Met,Met,NULL,NULL,NULL,NULL,NULL,NULL,
137502,3026001,Peninim,Other Independent School,Independent faith school,12/09/2011,Does not have a sixth form,None,Jewish,Jewish,Ofsted,London,London,Barnet,Finchley and Golders Green,NW11 9TB,135,NULL,NULL,NULL,NULL,NULL,NULL,NULL,NULL,NULL,NULL,NULL,NULL,NULL,NULL,10286430,Independent School standard inspection,Independent Standard Inspection,18/06/2024,23/07/2024,2,2,2,2,2,Yes,2,NULL,N,All standards Met,Met,Met,Met,Met,Met,Met,Met,Met,NULL,NULL,NULL,NULL,NULL,NULL,
137505,2046002,Beis Ruchel D'Satmar London,Other Independent School,Independent faith school,14/09/2011,Does not have a sixth form,Orthodox Jewish,Jewish,Jewish,Ofsted,London,London,Hackney,Hackney North and Stoke Newington,N16 5RS,1085,NULL,NULL,NULL,NULL,NULL,NULL,NULL,NULL,NULL,NULL,NULL,NULL,NULL,NULL,10391761,Independent School standard inspection,Independent Standard Inspection,17/06/2025,25/09/2025,3,3,2,3,3,Yes,3,NULL,N,Did not meet all standards,Not met,Not met,Met,Met,Met,Met,Met,Not met,NULL,NULL,NULL,NULL,NULL,NULL,
137511,8416006,Hurworth House School Aspris Children's services,Other Independent Special School,Independent special school,21/09/2011,Not applicable,None,None,Non-faith,Ofsted,"North East, Yorkshire and the Humber",North East,Darlington,Stockton West,DL2 2AD,72,NULL,NULL,NULL,NULL,NULL,NULL,NULL,NULL,NULL,NULL,NULL,NULL,NULL,NULL,10342076,Independent School standard inspection,Independent Standard Inspection,08/04/2025,01/06/2025,1,1,1,1,1,Yes,NULL,NULL,Y,All standards Met,Met,Met,Met,Met,Met,Met,Met,Met,NULL,NULL,NULL,NULL,NULL,NULL,
137560,3306009,Redstone Academy for Boys,Other Independent School,Independent faith school,03/10/2011,Does not have a sixth form,None,Muslim,Muslim,Ofsted,West Midlands,West Midlands,Birmingham,Birmingham Ladywood,B12 9AN,114,NULL,NULL,NULL,NULL,NULL,NULL,NULL,NULL,NULL,NULL,NULL,NULL,NULL,NULL,10284428,Independent School standard inspection,Independent Standard Inspection,23/01/2024,28/02/2024,2,2,1,2,2,Yes,NULL,NULL,Y,All standards Met,Met,Met,Met,Met,Met,Met,Met,Met,NULL,NULL,NULL,NULL,NULL,NULL,
137561,8566011,The Imam Muhammad Adam Institute School,Other Independent School,Independent faith school,03/10/2011,Does not have a sixth form,None,Muslim,Muslim,Ofsted,East Midlands,East Midlands,Leicester,Leicester East,LE5 3LD,229,NULL,NULL,NULL,NULL,NULL,NULL,NULL,NULL,NULL,NULL,NULL,NULL,NULL,NULL,10322500,Independent School standard inspection,Independent Standard Inspection,12/11/2024,15/12/2024,2,2,1,2,2,Yes,NULL,NULL,Y,All standards Met,Met,Met,Met,Met,Met,Met,Met,Met,NULL,NULL,NULL,NULL,NULL,NULL,
137567,3066000,Croydon Metropolitan College,Other Independent School,Other independent school,11/10/2011,Has a sixth form,None,None,Non-faith,Ofsted,London,London,Croydon,Croydon West,CR0 1DN,9,NULL,NULL,NULL,NULL,NULL,NULL,NULL,NULL,NULL,NULL,NULL,NULL,NULL,NULL,10267657,Independent School standard inspection,Independent Standard Inspection,06/02/2024,27/03/2024,2,2,2,2,2,Yes,NULL,2,Y,All standards Met,Met,Met,Met,Met,Met,Met,Met,Met,NULL,NULL,NULL,NULL,NULL,NULL,
137583,8016029,LPW Independent School,Other Independent School,Other independent school,20/10/2011,Does not have a sixth form,None,None,Non-faith,Ofsted,South West,South West,Bristol,Bristol South,BS3 4AG,50,NULL,NULL,NULL,NULL,NULL,NULL,NULL,NULL,NULL,NULL,NULL,NULL,NULL,NULL,10374876,Independent School standard inspection,Independent Standard Inspection,13/05/2025,18/06/2025,1,1,1,1,1,Yes,NULL,NULL,Y,All standards Met,Met,Met,Met,Met,Met,Met,Met,Met,NULL,NULL,NULL,NULL,NULL,NULL,
137785,3806001,Prism Independent School,Other Independent Special School,Independent special school,07/12/2011,Not applicable,None,None,Non-faith,Ofsted,"North East, Yorkshire and the Humber",Yorkshire and the Humber,Bradford,Bradford West,BD8 9ES,54,NULL,NULL,NULL,NULL,NULL,NULL,NULL,NULL,NULL,NULL,NULL,NULL,NULL,NULL,10299216,Independent School standard inspection,Independent Standard Inspection,05/03/2024,30/04/2024,2,2,2,2,2,Yes,NULL,NULL,Y,All standards Met,Met,Met,Met,Met,Met,Met,Met,Met,NULL,NULL,NULL,NULL,NULL,NULL,
137795,8866137,The Sallygate School,Other Independent Special School,Independent special school,09/12/2011,Not applicable,None,None,Non-faith,Ofsted,South East,South East,Kent,Dover and Deal,CT16 3EQ,52,NULL,NULL,NULL,NULL,NULL,NULL,NULL,NULL,NULL,NULL,NULL,NULL,NULL,NULL,10375002,Independent School standard inspection,Independent Standard Inspection,01/07/2025,07/09/2025,2,2,2,2,2,Yes,NULL,NULL,Y,All standards Met,Met,Met,Met,Met,Met,Met,Met,Met,NULL,NULL,NULL,NULL,NULL,NULL,
137802,3076004,La Chouette School,Other Independent School,Other independent school,19/12/2011,Does not have a sixth form,None,None,Non-faith,Ofsted,London,London,Ealing,Ealing Central and Acton,W5 4HN,26,NULL,NULL,NULL,NULL,NULL,NULL,NULL,NULL,NULL,NULL,NULL,NULL,NULL,NULL,10391762,Independent School standard inspection,Independent Standard Inspection,22/09/2025,09/11/2025,2,2,2,2,2,Yes,NULL,NULL,Y,All standards Met,Met,Met,Met,Met,Met,Met,Met,Met,NULL,NULL,NULL,NULL,NULL,NULL,
137808,2046003,Leaways School,Other Independent Special School,Independent special school,21/12/2011,Not applicable,None,None,Non-faith,Ofsted,London,London,Hackney,Hackney North and Stoke Newington,E5 9NZ,79,NULL,NULL,NULL,NULL,NULL,NULL,NULL,NULL,NULL,NULL,NULL,NULL,NULL,NULL,10254662,Independent School standard inspection,Independent Standard Inspection,16/05/2023,03/07/2023,2,2,2,2,2,Yes,NULL,NULL,Y,All standards Met,Met,Met,Met,Met,Met,Met,Met,Met,NULL,NULL,NULL,NULL,NULL,NULL,
137809,2046004,Wiznitz Cheder School,Other Independent School,Independent faith school,21/12/2011,Does not have a sixth form,None,Jewish,Jewish,Ofsted,London,London,Hackney,Hackney North and Stoke Newington,N16 6QT,73,NULL,NULL,NULL,NULL,NULL,NULL,NULL,NULL,NULL,NULL,NULL,NULL,NULL,NULL,10286432,Independent School standard inspection,Independent Standard Inspection,30/01/2024,14/05/2024,4,4,2,4,4,Yes,4,NULL,Y,Did not meet all standards,Not met,Not met,Met,Not met,Met,Met,Met,Not met,10359267,Independent school Progress Monitoring inspection,29/01/2025,2024/25,15/04/2025,Did not meet all standards that were checked,
137819,3306010,City United Academy (CUA),Other Independent School,Other independent school,12/01/2012,Has a sixth form,None,None,Non-faith,Ofsted,West Midlands,West Midlands,Birmingham,Birmingham Ladywood,B1 2RX,27,NULL,NULL,NULL,NULL,NULL,NULL,NULL,NULL,NULL,NULL,NULL,NULL,NULL,NULL,10374907,Independent School standard inspection,Independent Standard Inspection,03/06/2025,09/07/2025,2,2,2,2,2,Yes,NULL,NULL,Y,All standards Met,Met,Met,Met,Met,Met,Met,Met,Met,NULL,NULL,NULL,NULL,NULL,NULL,
137821,3596000,The Parks School,Other Independent Special School,Independent special school,12/01/2012,Not applicable,None,None,Non-faith,Ofsted,North West,North West,Wigan,Makerfield,WN2 3AN,21,NULL,NULL,NULL,NULL,NULL,NULL,NULL,NULL,NULL,NULL,NULL,NULL,NULL,NULL,10377311,Independent School standard inspection,Independent Standard Inspection,11/02/2025,23/03/2025,2,2,2,2,2,Yes,NULL,NULL,Y,All standards Met,Met,Met,Met,Met,Met,Met,Met,Met,NULL,NULL,NULL,NULL,NULL,NULL,
137822,3536000,Westwood High,Other Independent School,Independent faith school,16/01/2012,Has a sixth form,Islam,Muslim,Muslim,Ofsted,North West,North West,Oldham,"Oldham West, Chadderton and Royton",OL9 6HR,342,NULL,NULL,NULL,NULL,NULL,NULL,NULL,NULL,NULL,NULL,NULL,NULL,NULL,NULL,10286433,Independent School standard inspection,Independent Standard Inspection,03/10/2023,27/11/2023,2,2,2,2,2,Yes,2,2,Y,All standards Met,Met,Met,Met,Met,Met,Met,Met,Met,NULL,NULL,NULL,NULL,NULL,NULL,
137887,3526006,Music Stuff,Other Independent School,Other independent school,03/02/2012,Does not have a sixth form,None,None,Non-faith,Ofsted,North West,North West,Manchester,Manchester Central,M11 2NA,90,NULL,NULL,NULL,NULL,NULL,NULL,NULL,NULL,NULL,NULL,NULL,NULL,NULL,NULL,10342077,Independent School standard inspection,Independent Standard Inspection,11/03/2025,31/03/2025,2,2,2,2,2,Yes,NULL,NULL,Y,All standards Met,Met,Met,Met,Met,Met,Met,Met,Met,NULL,NULL,NULL,NULL,NULL,NULL,
137892,8616007,Phoenix Independent School,Other Independent School,Other independent school,10/02/2012,Does not have a sixth form,None,None,Non-faith,Ofsted,West Midlands,West Midlands,Stoke-on-Trent,Stoke-on-Trent Central,ST1 4AF,25,NULL,NULL,NULL,NULL,NULL,NULL,NULL,NULL,NULL,NULL,NULL,NULL,NULL,NULL,10342078,Independent School standard inspection,Independent Standard Inspection,11/03/2025,05/05/2025,2,2,1,1,2,Yes,NULL,NULL,Y,All standards Met,Met,Met,Met,Met,Met,Met,Met,Met,NULL,NULL,NULL,NULL,NULL,NULL,
137956,8606039,Robin's Nest School,Other Independent Special School,Independent special school,09/03/2012,Not applicable,None,None,Non-faith,Ofsted,West Midlands,West Midlands,Staffordshire,"Stone, Great Wyrley and Penkridge",ST19 5PR,11,NULL,NULL,NULL,NULL,NULL,NULL,NULL,NULL,NULL,NULL,NULL,NULL,NULL,NULL,10283148,Independent School standard inspection,Independent Standard Inspection,18/04/2023,14/06/2023,2,2,1,1,2,Yes,NULL,NULL,Y,All standards Met,Met,Met,Met,Met,Met,Met,Met,Met,NULL,NULL,NULL,NULL,NULL,NULL,
138101,2046005,TTD Gur School,Other Independent School,Independent faith school,24/04/2012,Does not have a sixth form,None,Jewish,Jewish,Ofsted,London,London,Hackney,Hackney North and Stoke Newington,N16 6UX,160,NULL,NULL,NULL,NULL,NULL,NULL,NULL,NULL,NULL,NULL,NULL,NULL,NULL,NULL,10322589,Independent School standard inspection,Independent Standard Inspection,14/05/2024,09/07/2024,4,4,2,2,4,Yes,NULL,NULL,N,Did not meet all standards,Not met,Met,Met,Met,Not met,Met,Met,Not met,10414936,Independent school Progress Monitoring inspection,09/09/2025,2025/26,26/10/2025,Did not meet all standards that were checked,
138118,3906000,Ateres Girls High School,Other Independent School,Independent faith school,27/04/2012,Not applicable,None,Jewish,Jewish,Ofsted,"North East, Yorkshire and the Humber",North East,Gateshead,Jarrow and Gateshead East,NE10 9PQ,268,NULL,NULL,NULL,NULL,NULL,NULL,NULL,NULL,NULL,NULL,NULL,NULL,NULL,NULL,10321499,Independent School standard inspection,Independent Standard Inspection,25/06/2024,15/10/2024,3,2,2,3,3,Yes,NULL,NULL,Y,Did not meet all standards,Not met,Not met,Met,Met,Met,Met,Met,Not met,NULL,NULL,NULL,NULL,NULL,NULL,
138243,8606040,Hopedale School,Other Independent Special School,Independent special school,12/06/2012,Not applicable,None,None,Non-faith,Ofsted,West Midlands,West Midlands,Staffordshire,Staffordshire Moorlands,ST13 7ED,69,NULL,NULL,NULL,NULL,NULL,NULL,NULL,NULL,NULL,NULL,NULL,NULL,NULL,NULL,10267659,Independent School standard inspection,Independent Standard Inspection,16/05/2023,02/07/2023,1,1,1,1,1,Yes,NULL,NULL,Y,All standards Met,Met,Met,Met,Met,Met,Met,Met,Met,NULL,NULL,NULL,NULL,NULL,NULL,
138378,3056005,Clannad Education Centre,Other Independent Special School,Independent special school,05/07/2012,Not applicable,None,None,Non-faith,Ofsted,London,London,Bromley,Orpington,BR6 0DW,3,NULL,NULL,NULL,NULL,NULL,NULL,NULL,NULL,NULL,NULL,NULL,NULL,NULL,NULL,10391763,Independent School standard inspection,Independent Standard Inspection,08/07/2025,11/09/2025,1,1,1,1,1,Yes,NULL,NULL,Y,All standards Met,Met,Met,Met,Met,Met,Met,Met,Met,NULL,NULL,NULL,NULL,NULL,NULL,
138386,3036000,Park View Academy,Other Independent Special School,Independent special school,13/07/2012,Has a sixth form,None,None,Non-faith,Ofsted,London,London,Bexley,Old Bexley and Sidcup,DA16 1SR,43,NULL,NULL,NULL,NULL,NULL,NULL,NULL,NULL,NULL,NULL,NULL,NULL,NULL,NULL,10291379,Independent School standard inspection,Independent Standard Inspection,23/05/2023,06/07/2023,2,2,2,2,2,Yes,NULL,NULL,N,All standards Met,Met,Met,Met,Met,Met,Met,Met,Met,NULL,NULL,NULL,NULL,NULL,NULL,
138408,8866139,Pier View Academy,Other Independent Special School,Independent special school,20/07/2012,Has a sixth form,None,None,Non-faith,Ofsted,South East,South East,Kent,Gravesham,DA12 2AX,37,NULL,NULL,NULL,NULL,NULL,NULL,NULL,NULL,NULL,NULL,NULL,NULL,NULL,NULL,10375003,Independent School standard inspection,Independent Standard Inspection,14/07/2025,22/09/2025,2,2,1,1,2,Yes,NULL,1,Y,All standards Met,Met,Met,Met,Met,Met,Met,Met,Met,NULL,NULL,NULL,NULL,NULL,NULL,
138441,3816004,Compass Community School North,Other Independent Special School,Independent special school,26/07/2012,Not applicable,None,None,Non-faith,Ofsted,"North East, Yorkshire and the Humber",Yorkshire and the Humber,Calderdale,Calder Valley,HX5 0SH,7,NULL,NULL,NULL,NULL,NULL,NULL,NULL,NULL,NULL,NULL,NULL,NULL,NULL,NULL,10267660,Independent School standard inspection,Independent Standard Inspection,17/10/2023,29/11/2023,2,2,1,1,2,Yes,NULL,NULL,Y,All standards Met,Met,Met,Met,Met,Met,Met,Met,Met,NULL,NULL,NULL,NULL,NULL,NULL,
138498,3506001,Bolton Islamic Girls School,Other Independent School,Independent faith school,30/07/2012,Does not have a sixth form,None,Islam,Muslim,Ofsted,North West,North West,Bolton,Bolton South and Walkden,BL3 2AW,122,NULL,NULL,NULL,NULL,NULL,NULL,NULL,NULL,NULL,NULL,NULL,NULL,NULL,NULL,10342079,Independent School standard inspection,Independent Standard Inspection,26/11/2024,19/12/2024,2,2,2,2,2,Yes,NULL,NULL,Y,All standards Met,Met,Met,Met,Met,Met,Met,Met,Met,NULL,NULL,NULL,NULL,NULL,NULL,
138516,2046006,Vishnitz Girls School,Other Independent School,Independent faith school,02/08/2012,Does not have a sixth form,Orthodox Jewish,Jewish,Jewish,Ofsted,London,London,Hackney,Tottenham,N16 5DL,474,NULL,NULL,NULL,NULL,NULL,NULL,NULL,NULL,NULL,NULL,NULL,NULL,NULL,NULL,10299217,Independent School standard inspection,Independent Standard Inspection,09/07/2024,18/09/2024,3,2,2,3,3,Yes,3,NULL,Y,Did not meet all standards,Not met,Not met,Met,Met,Met,Met,Met,Not met,NULL,NULL,NULL,NULL,NULL,NULL,
138563,8036009,Aurora Hedgeway School,Other Independent Special School,Independent special school,09/08/2012,Not applicable,None,None,Non-faith,Ofsted,South West,South West,South Gloucestershire,Thornbury and Yate,BS35 4JN,61,NULL,NULL,NULL,NULL,NULL,NULL,NULL,NULL,NULL,NULL,NULL,NULL,NULL,NULL,10342080,Independent School standard inspection,Independent Standard Inspection,24/06/2025,07/09/2025,2,2,1,1,1,Yes,NULL,NULL,Y,All standards Met,Met,Met,Met,Met,Met,Met,Met,Met,NULL,NULL,NULL,NULL,NULL,NULL,
138564,2116003,Buttercup Primary School,Other Independent School,Independent faith school,10/08/2012,Does not have a sixth form,None,Muslim,Muslim,Ofsted,London,London,Tower Hamlets,Bethnal Green and Stepney,E1 2LX,113,NULL,NULL,NULL,NULL,NULL,NULL,NULL,NULL,NULL,NULL,NULL,NULL,NULL,NULL,10342081,Independent School standard inspection,Independent Standard Inspection,03/12/2024,22/01/2025,3,3,2,2,3,Yes,2,NULL,Y,All standards Met,Met,Met,Met,Met,Met,Met,Met,Met,NULL,NULL,NULL,NULL,NULL,NULL,
138568,3536001,Darul Hadis Latifiah Northwest,Other Independent School,Independent faith school,15/08/2012,Does not have a sixth form,None,Muslim,Muslim,Ofsted,North West,North West,Oldham,"Oldham West, Chadderton and Royton",OL8 1TJ,88,NULL,NULL,NULL,NULL,NULL,NULL,NULL,NULL,NULL,NULL,NULL,NULL,NULL,NULL,10286436,Independent School standard inspection,Independent Standard Inspection,28/11/2023,18/01/2024,2,2,1,2,2,Yes,NULL,NULL,Y,All standards Met,Met,Met,Met,Met,Met,Met,Met,Met,NULL,NULL,NULL,NULL,NULL,NULL,
138580,8936029,Physis Academy,Other Independent Special School,Independent special school,15/08/2012,Not applicable,None,None,Non-faith,Ofsted,West Midlands,West Midlands,Shropshire,North Shropshire,SY13 2AA,8,NULL,NULL,NULL,NULL,NULL,NULL,NULL,NULL,NULL,NULL,NULL,NULL,NULL,NULL,10299218,Independent School standard inspection,Independent Standard Inspection,21/11/2023,18/01/2024,2,2,2,2,2,Yes,NULL,NULL,Y,All standards Met,Met,Met,Met,Met,Met,Met,Met,Met,NULL,NULL,NULL,NULL,NULL,NULL,
138597,8766014,Hope Corner School,Other Independent Special School,Independent special school,21/08/2012,Not applicable,None,Christian,Christian,Ofsted,North West,North West,Halton,Runcorn and Helsby,WA7 4TD,9,NULL,NULL,NULL,NULL,NULL,NULL,NULL,NULL,NULL,NULL,NULL,NULL,NULL,NULL,10286437,Independent School standard inspection,Independent Standard Inspection,17/10/2023,11/12/2023,2,2,2,2,2,Yes,NULL,NULL,Y,All standards Met,Met,Met,Met,Met,Met,Met,Met,Met,NULL,NULL,NULL,NULL,NULL,NULL,
138779,9266006,Novaturient School,Other Independent Special School,Independent special school,10/09/2012,Not applicable,None,None,Non-faith,Ofsted,East of England,East of England,Norfolk,Great Yarmouth,NR30 1EA,21,NULL,NULL,NULL,NULL,NULL,NULL,NULL,NULL,NULL,NULL,NULL,NULL,NULL,NULL,10254666,Independent School standard inspection,Independent Standard Inspection,14/03/2023,11/05/2023,2,2,2,2,2,Yes,NULL,NULL,Y,All standards Met,Met,Met,Met,Met,Met,Met,Met,Met,NULL,NULL,NULL,NULL,NULL,NULL,
138868,8886045,Meadow View Learning Centre,Other Independent Special School,Independent special school,02/10/2012,Not applicable,None,None,Non-faith,Ofsted,North West,North West,Lancashire,Chorley,PR6 8BN,9,NULL,NULL,NULL,NULL,NULL,NULL,NULL,NULL,NULL,NULL,NULL,NULL,NULL,NULL,10299219,Independent School standard inspection,Independent Standard Inspection,27/02/2024,26/03/2024,1,1,1,1,1,Yes,NULL,NULL,Y,All standards Met,Met,Met,Met,Met,Met,Met,Met,Met,NULL,NULL,NULL,NULL,NULL,NULL,
138873,9316011,The Treehouse School,Other Independent School,Other independent school,15/10/2012,Does not have a sixth form,None,None,Non-faith,Ofsted,South East,South East,Oxfordshire,Didcot and Wantage,OX10 9LG,12,NULL,NULL,NULL,NULL,NULL,NULL,NULL,NULL,NULL,NULL,NULL,NULL,NULL,NULL,10391764,Independent School standard inspection,Independent Standard Inspection,16/09/2025,14/10/2025,2,2,1,2,2,Yes,NULL,NULL,Y,All standards Met,Met,Met,Met,Met,Met,Met,Met,Met,NULL,NULL,NULL,NULL,NULL,NULL,
138875,8936030,Amberleigh Therapeutic School,Other Independent Special School,Independent special school,16/10/2012,Has a sixth form,None,None,Non-faith,Ofsted,West Midlands,West Midlands,Shropshire,The Wrekin,TF2 9NZ,11,NULL,NULL,NULL,NULL,NULL,NULL,NULL,NULL,NULL,NULL,NULL,NULL,NULL,NULL,10299220,Independent School standard inspection,Independent Standard Inspection,24/10/2023,12/12/2023,2,2,1,1,1,Yes,NULL,NULL,Y,All standards Met,Met,Met,Met,Met,Met,Met,Met,Met,NULL,NULL,NULL,NULL,NULL,NULL,
138877,9356002,Include Suffolk,Other Independent School,Other independent school,17/10/2012,Does not have a sixth form,None,None,Non-faith,Ofsted,East of England,East of England,Suffolk,Lowestoft,NR32 4EX,50,NULL,NULL,NULL,NULL,NULL,NULL,NULL,NULL,NULL,NULL,NULL,NULL,NULL,NULL,10321511,Independent School standard inspection,Independent Standard Inspection,02/07/2024,08/09/2024,2,2,2,2,2,Yes,NULL,NULL,Y,All standards Met,Met,Met,Met,Met,Met,Met,Met,Met,NULL,NULL,NULL,NULL,NULL,NULL,
138880,9266009,Turnstone House School,Other Independent Special School,Independent special school,22/10/2012,Not applicable,None,None,Non-faith,Ofsted,East of England,East of England,Norfolk,Waveney Valley,NR35 2HP,8,NULL,NULL,NULL,NULL,NULL,NULL,NULL,NULL,NULL,NULL,NULL,NULL,NULL,NULL,10342083,Independent School standard inspection,Independent Standard Inspection,05/11/2024,08/12/2024,1,1,1,1,1,Yes,NULL,0,Y,All standards Met,Met,Met,Met,Met,Met,Met,Met,Met,NULL,NULL,NULL,NULL,NULL,NULL,
138884,8896013,Aurora Woodlands School,Other Independent Special School,Independent special school,24/10/2012,Not applicable,None,None,Non-faith,Ofsted,North West,North West,Blackburn with Darwen,Rossendale and Darwen,BB3 2NG,58,NULL,NULL,NULL,NULL,NULL,NULL,NULL,NULL,NULL,NULL,NULL,NULL,NULL,NULL,10375135,Independent School standard inspection,Independent Standard Inspection,15/07/2025,14/09/2025,2,2,2,1,2,Yes,NULL,NULL,Y,All standards Met,Met,Met,Met,Met,Met,Met,Met,Met,NULL,NULL,NULL,NULL,NULL,NULL,
138971,3306013,SILVER BIRCH SCHOOL,Other Independent Special School,Independent special school,08/11/2012,Not applicable,None,None,Non-faith,Ofsted,West Midlands,West Midlands,Birmingham,Birmingham Hodge Hill and Solihull North,B34 7RD,20,NULL,NULL,NULL,NULL,NULL,NULL,NULL,NULL,NULL,NULL,NULL,NULL,NULL,NULL,10267663,Independent School standard inspection,Independent Standard Inspection,27/06/2023,26/09/2023,2,2,2,2,2,Yes,NULL,NULL,Y,All standards Met,Met,Met,Met,Met,Met,Met,Met,Met,NULL,NULL,NULL,NULL,NULL,NULL,
139017,3506002,Al-Huda Primary School,Other Independent School,Independent faith school,19/11/2012,Does not have a sixth form,None,Muslim,Muslim,Ofsted,North West,North West,Bolton,Bolton North East,BL1 3EH,167,NULL,NULL,NULL,NULL,NULL,NULL,NULL,NULL,NULL,NULL,NULL,NULL,NULL,NULL,10299221,Independent School standard inspection,Independent Standard Inspection,05/03/2024,24/04/2024,2,2,1,1,2,Yes,1,NULL,Y,All standards Met,Met,Met,Met,Met,Met,Met,Met,Met,NULL,NULL,NULL,NULL,NULL,NULL,
139018,8746004,The Beeches Independent School,Other Independent Special School,Independent special school,21/11/2012,Not applicable,None,None,Non-faith,Ofsted,East of England,East of England,Peterborough,North West Cambridgeshire,PE3 6AN,16,NULL,NULL,NULL,NULL,NULL,NULL,NULL,NULL,NULL,NULL,NULL,NULL,NULL,NULL,10342084,Independent School standard inspection,Independent Standard Inspection,15/07/2025,14/09/2025,3,3,2,2,3,Yes,NULL,NULL,Y,All standards Met,Met,Met,Met,Met,Met,Met,Met,Met,NULL,NULL,NULL,NULL,NULL,NULL,
139071,8616008,North Road Academy,Other Independent School,Independent faith school,29/11/2012,Does not have a sixth form,Islam,Muslim,Muslim,Ofsted,West Midlands,West Midlands,Stoke-on-Trent,Stoke-on-Trent North,ST6 2BP,168,NULL,NULL,NULL,NULL,NULL,NULL,NULL,NULL,NULL,NULL,NULL,NULL,NULL,NULL,10342085,Independent School standard inspection,Independent Standard Inspection,19/11/2024,16/12/2024,2,2,2,2,2,Yes,2,NULL,Y,All standards Met,Met,Met,Met,Met,Met,Met,Met,Met,NULL,NULL,NULL,NULL,NULL,NULL,
139221,2116005,Date Palm Primary,Other Independent School,Independent faith school,03/01/2013,Does not have a sixth form,None,Muslim,Muslim,Ofsted,London,London,Tower Hamlets,Bethnal Green and Stepney,E1 1EJ,233,NULL,NULL,NULL,NULL,NULL,NULL,NULL,NULL,NULL,NULL,NULL,NULL,NULL,NULL,10342958,Independent School standard inspection,Independent Standard Inspection,29/04/2025,16/06/2025,1,1,1,1,1,Yes,1,NULL,Y,All standards Met,Met,Met,Met,Met,Met,Met,Met,Met,NULL,NULL,NULL,NULL,NULL,NULL,
139239,2136000,Eifa International School,Other Independent School,Other independent school,10/01/2013,Does not have a sixth form,None,None,Non-faith,Ofsted,London,London,Westminster,Cities of London and Westminster,W1B 1LS,131,NULL,NULL,NULL,NULL,NULL,NULL,NULL,NULL,NULL,NULL,NULL,NULL,NULL,NULL,10322590,Independent School standard inspection,Independent Standard Inspection,04/06/2024,03/07/2024,2,2,2,2,2,Yes,2,NULL,Y,All standards Met,Met,Met,Met,Met,Met,Met,Met,Met,NULL,NULL,NULL,NULL,NULL,NULL,
139264,9256005,Bridge House Independent School,Other Independent Special School,Independent special school,17/01/2013,Has a sixth form,None,None,Non-faith,Ofsted,East Midlands,East Midlands,Lincolnshire,Boston and Skegness,PE21 7NL,86,NULL,NULL,NULL,NULL,NULL,NULL,NULL,NULL,NULL,NULL,NULL,NULL,NULL,NULL,10299222,Independent School standard inspection,Independent Standard Inspection,23/04/2024,09/06/2024,2,2,2,2,2,Yes,NULL,NULL,Y,All standards Met,Met,Met,Met,Met,Met,Met,Met,Met,NULL,NULL,NULL,NULL,NULL,NULL,
139329,8406013,North East Centre for Autism - Aycliffe School,Other Independent Special School,Independent special school,13/02/2013,Not applicable,None,None,Non-faith,Ofsted,"North East, Yorkshire and the Humber",North East,Durham,Newton Aycliffe and Spennymoor,DL5 6UN,58,NULL,NULL,NULL,NULL,NULL,NULL,NULL,NULL,NULL,NULL,NULL,NULL,NULL,NULL,10267664,Independent School standard inspection,Independent Standard Inspection,06/06/2023,10/07/2023,2,2,1,2,2,Yes,NULL,2,Y,All standards Met,Met,Met,Met,Met,Met,Met,Met,Met,NULL,NULL,NULL,NULL,NULL,NULL,
139559,8556042,ALP Leicester,Other Independent Special School,Independent special school,03/04/2013,Not applicable,None,None,Non-faith,Ofsted,East Midlands,East Midlands,Leicestershire,Mid Leicestershire,LE4 4JG,40,NULL,NULL,NULL,NULL,NULL,NULL,NULL,NULL,NULL,NULL,NULL,NULL,NULL,NULL,10391765,Independent School standard inspection,Independent Standard Inspection,02/09/2025,13/10/2025,2,2,2,2,2,Yes,NULL,NULL,Y,All standards Met,Met,Met,Met,Met,Met,Met,Met,Met,NULL,NULL,NULL,NULL,NULL,NULL,
139601,2116006,The Complete Works,Other Independent School,Other independent school,29/04/2013,Has a sixth form,None,None,Non-faith,Ofsted,London,London,Tower Hamlets,Bethnal Green and Stepney,E1 7SA,97,NULL,NULL,NULL,NULL,NULL,NULL,NULL,NULL,NULL,NULL,NULL,NULL,NULL,NULL,10391766,Independent School standard inspection,Independent Standard Inspection,15/07/2025,21/09/2025,1,1,1,1,1,Yes,NULL,1,Y,All standards Met,Met,Met,Met,Met,Met,Met,Met,Met,NULL,NULL,NULL,NULL,NULL,NULL,
139657,8456019,Anderida Learning Centre,Other Independent Special School,Independent special school,24/04/2013,Not applicable,None,None,Non-faith,Ofsted,South East,South East,East Sussex,Eastbourne,BN22 8HR,13,NULL,NULL,NULL,NULL,NULL,NULL,NULL,NULL,NULL,NULL,NULL,NULL,NULL,NULL,10267665,Independent School standard inspection,Independent Standard Inspection,27/02/2024,24/04/2024,2,2,2,2,2,Yes,NULL,NULL,N,All standards Met,Met,Met,Met,Met,Met,Met,Met,Met,NULL,NULL,NULL,NULL,NULL,NULL,
139706,3306014,R.Y.A.N Education Academy,Other Independent Special School,Independent special school,17/05/2013,Not applicable,Does not apply,None,Non-faith,Ofsted,West Midlands,West Midlands,Birmingham,Birmingham Hall Green and Moseley,B11 1LF,15,NULL,NULL,NULL,NULL,NULL,NULL,NULL,NULL,NULL,NULL,NULL,NULL,NULL,NULL,10322592,Independent School standard inspection,Independent Standard Inspection,22/10/2024,20/12/2024,2,1,1,1,2,Yes,NULL,0,Y,All standards Met,Met,Met,Met,Met,Met,Met,Met,Met,NULL,NULL,NULL,NULL,NULL,NULL,
139734,8556032,Woodside Lodge Outdoor Learning Centre,Other Independent Special School,Independent special school,14/05/2013,Not applicable,None,None,Non-faith,Ofsted,East Midlands,East Midlands,Leicestershire,Loughborough,LE12 7AA,46,NULL,NULL,NULL,NULL,NULL,NULL,NULL,NULL,NULL,NULL,NULL,NULL,NULL,NULL,10322501,Independent School standard inspection,Independent Standard Inspection,14/05/2024,24/06/2024,1,1,1,1,1,Yes,NULL,NULL,Y,All standards Met,Met,Met,Met,Met,Met,Met,Met,Met,NULL,NULL,NULL,NULL,NULL,NULL,
139787,8316012,Maple View School,Other Independent Special School,Independent special school,10/06/2013,Not applicable,None,None,Non-faith,Ofsted,East Midlands,East Midlands,Derby,Derby North,DE22 4LL,17,NULL,NULL,NULL,NULL,NULL,NULL,NULL,NULL,NULL,NULL,NULL,NULL,NULL,NULL,10374819,Independent School standard inspection,Independent Standard Inspection,15/07/2025,11/09/2025,1,1,1,1,1,Yes,NULL,NULL,Y,All standards Met,Met,Met,Met,Met,Met,Met,Met,Met,NULL,NULL,NULL,NULL,NULL,NULL,
139807,3906001,Haskel School,Other Independent Special School,Independent special school,14/06/2013,Not applicable,None,Jewish,Jewish,Ofsted,"North East, Yorkshire and the Humber",North East,Gateshead,Gateshead Central and Whickham,NE8 4DR,20,NULL,NULL,NULL,NULL,NULL,NULL,NULL,NULL,NULL,NULL,NULL,NULL,NULL,NULL,10342086,Independent School standard inspection,Independent Standard Inspection,08/10/2024,10/11/2024,1,1,1,1,1,Yes,NULL,NULL,Y,All standards Met,Met,Met,Met,Met,Met,Met,Met,Met,NULL,NULL,NULL,NULL,NULL,NULL,
139826,3176000,Read Academy Education,Other Independent School,Independent faith school,24/06/2013,Does not have a sixth form,None,Muslim,Muslim,Ofsted,London,London,Redbridge,Ilford North,IG1 3BD,290,NULL,NULL,NULL,NULL,NULL,NULL,NULL,NULL,NULL,NULL,NULL,NULL,NULL,NULL,10286440,Independent School standard inspection,Independent Standard Inspection,04/07/2023,01/10/2023,2,2,1,1,2,Yes,2,NULL,N,All standards Met,Met,Met,Met,Met,Met,Met,Met,Met,NULL,NULL,NULL,NULL,NULL,NULL,
139831,3526008,Sol Christian Academy,Other Independent School,Independent faith school,26/06/2013,Has a sixth form,None,Christian,Christian,Ofsted,North West,North West,Manchester,Manchester Central,M12 6EL,34,NULL,NULL,NULL,NULL,NULL,NULL,NULL,NULL,NULL,NULL,NULL,NULL,NULL,NULL,10299223,Independent School standard inspection,Independent Standard Inspection,20/03/2024,12/06/2024,2,2,2,2,2,Yes,2,NULL,Y,All standards Met,Met,Met,Met,Met,Met,Met,Met,Met,NULL,NULL,NULL,NULL,NULL,NULL,
139962,3306015,Aspire Ap School,Other Independent School,Independent faith school,18/07/2013,Does not have a sixth form,None,Christian/non-denominational,Christian,Ofsted,West Midlands,West Midlands,Birmingham,Birmingham Hall Green and Moseley,B28 9EJ,12,NULL,NULL,NULL,NULL,NULL,NULL,NULL,NULL,NULL,NULL,NULL,NULL,NULL,NULL,10374908,Independent School standard inspection,Independent Standard Inspection,01/07/2025,07/09/2025,2,2,2,2,2,Yes,NULL,NULL,Y,All standards Met,Met,Met,Met,Met,Met,Met,Met,Met,NULL,NULL,NULL,NULL,NULL,NULL,
139963,8696017,Engaging Potential,Other Independent Special School,Independent special school,18/07/2013,Not applicable,None,None,Non-faith,Ofsted,South East,South East,West Berkshire,Newbury,RG14 2PR,13,NULL,NULL,NULL,NULL,NULL,NULL,NULL,NULL,NULL,NULL,NULL,NULL,NULL,NULL,10342087,Independent School standard inspection,Independent Standard Inspection,12/11/2024,23/12/2024,2,2,1,1,2,Yes,NULL,NULL,Y,All standards Met,Met,Met,Met,Met,Met,Met,Met,Met,NULL,NULL,NULL,NULL,NULL,NULL,
140036,3556000,Ahavas Torah Boys Academy,Other Independent School,Independent faith school,19/08/2013,Does not have a sixth form,Orthodox Jewish,Jewish,Jewish,Ofsted,North West,North West,Salford,Bury South,M7 3NJ,72,NULL,NULL,NULL,NULL,NULL,NULL,NULL,NULL,NULL,NULL,NULL,NULL,NULL,NULL,10342088,Independent School standard inspection,Independent Standard Inspection,17/06/2025,07/09/2025,4,4,3,4,4,Yes,NULL,NULL,N,Did not meet all standards,Not met,Not met,Met,Met,Met,Met,Met,Not met,10434442,Independent school Progress Monitoring inspection,13/01/2026,2025/26,11/02/2026,Did not meet all standards that were checked,
140046,8506090,Clay Hill School,Other Independent Special School,Independent special school,27/08/2013,Not applicable,None,None,Non-faith,Ofsted,South East,South East,Hampshire,New Forest East,SO43 7DE,50,NULL,NULL,NULL,NULL,NULL,NULL,NULL,NULL,NULL,NULL,NULL,NULL,NULL,NULL,10322069,Independent School standard inspection,Independent Standard Inspection,22/10/2024,20/11/2024,2,2,1,1,2,Yes,NULL,NULL,Y,All standards Met,Met,Met,Met,Met,Met,Met,Met,Met,NULL,NULL,NULL,NULL,NULL,NULL,
140205,3516002,Cambian Chesham House School,Other Independent Special School,Independent special school,18/09/2013,Not applicable,None,None,Non-faith,Ofsted,North West,North West,Bury,Bury North,BL9 6JD,14,NULL,NULL,NULL,NULL,NULL,NULL,NULL,NULL,NULL,NULL,NULL,NULL,NULL,NULL,10342089,Independent School standard inspection,Independent Standard Inspection,08/10/2024,29/11/2024,3,3,3,3,3,Yes,NULL,NULL,Y,Did not meet all standards,Not met,Met,Not met,Met,Met,Met,Met,Not met,10419047,Independent school Progress Monitoring inspection,04/11/2025,2025/26,02/12/2025,Met all standards that were checked,
140272,8086004,King Edwin School,Other Independent Special School,Independent special school,28/10/2013,Not applicable,None,None,Non-faith,Ofsted,"North East, Yorkshire and the Humber",North East,Stockton-on-Tees,Stockton North,TS20 1LG,90,NULL,NULL,NULL,NULL,NULL,NULL,NULL,NULL,NULL,NULL,NULL,NULL,NULL,NULL,10342090,Independent School standard inspection,Independent Standard Inspection,21/01/2025,11/03/2025,2,2,2,2,2,Yes,NULL,NULL,Y,All standards Met,Met,Met,Met,Met,Met,Met,Met,Met,NULL,NULL,NULL,NULL,NULL,NULL,
140273,3356002,Chase House School,Other Independent Special School,Independent special school,28/10/2013,Does not have a sixth form,None,None,Non-faith,Ofsted,West Midlands,West Midlands,Walsall,Hertsmere,EN6 1AG,6,NULL,NULL,NULL,NULL,NULL,NULL,NULL,NULL,NULL,NULL,NULL,NULL,NULL,NULL,10299225,Independent School standard inspection,Independent Standard Inspection,27/02/2024,18/04/2024,2,2,2,2,2,Yes,NULL,NULL,Y,All standards Met,Met,Met,Met,Met,Met,Met,Met,Met,NULL,NULL,NULL,NULL,NULL,NULL,
140330,8616011,Kinetic Academy,Other Independent School,Other independent school,06/11/2013,Does not have a sixth form,None,None,Non-faith,Ofsted,West Midlands,West Midlands,Stoke-on-Trent,Stoke-on-Trent South,ST3 7DJ,30,NULL,NULL,NULL,NULL,NULL,NULL,NULL,NULL,NULL,NULL,NULL,NULL,NULL,NULL,10342091,Independent School standard inspection,Independent Standard Inspection,21/01/2025,12/03/2025,4,4,2,2,4,Yes,NULL,NULL,Y,Did not meet all standards,Not met,Met,Met,Met,Met,Met,Met,Not met,10431339,Independent school Progress Monitoring inspection,07/01/2026,2025/26,03/02/2026,Met all standards that were checked,
140354,9376008,Avon Park School,Other Independent Special School,Independent special school,14/11/2013,Not applicable,None,None,Non-faith,Ofsted,West Midlands,West Midlands,Warwickshire,Rugby,CV22 5HR,108,NULL,NULL,NULL,NULL,NULL,NULL,NULL,NULL,NULL,NULL,NULL,NULL,NULL,NULL,10284429,Independent School standard inspection,Independent Standard Inspection,14/11/2023,20/12/2023,1,1,1,1,1,Yes,NULL,NULL,Y,All standards Met,Met,Met,Met,Met,Met,Met,Met,Met,NULL,NULL,NULL,NULL,NULL,NULL,
140486,8886144,Woodlands,Other Independent Special School,Independent special school,06/12/2013,Not applicable,None,None,Non-faith,Ofsted,North West,North West,Lancashire,Worsley and Eccles,BL0 0QL,6,NULL,NULL,NULL,NULL,NULL,NULL,NULL,NULL,NULL,NULL,NULL,NULL,NULL,NULL,10342092,Independent School standard inspection,Independent Standard Inspection,19/03/2025,11/05/2025,3,3,2,2,3,Yes,NULL,NULL,Y,Did not meet all standards,Not met,Met,Met,Met,Met,Met,Met,Not met,10436925,Independent school Progress Monitoring inspection,10/02/2026,2025/26,19/04/2026,Met all standards that were checked,
140491,3556001,Kerem Shloime,Other Independent School,Independent faith school,11/12/2013,Does not have a sixth form,None,Jewish,Jewish,Ofsted,North West,North West,Salford,Salford,M7 2EY,214,NULL,NULL,NULL,NULL,NULL,NULL,NULL,NULL,NULL,NULL,NULL,NULL,NULL,NULL,10342093,Independent School standard inspection,Independent Standard Inspection,26/11/2024,28/01/2025,3,3,2,3,3,Yes,2,NULL,Y,All standards Met,Met,Met,Met,Met,Met,Met,Met,Met,NULL,NULL,NULL,NULL,NULL,NULL,
140492,3026007,Beis Medrash Elyon,Other Independent School,Independent faith school,11/12/2013,Does not have a sixth form,None,Jewish,Jewish,Ofsted,London,London,Barnet,Hendon,NW9 7DH,119,NULL,NULL,NULL,NULL,NULL,NULL,NULL,NULL,NULL,NULL,NULL,NULL,NULL,NULL,10286441,Independent School standard inspection,Independent Standard Inspection,05/03/2024,30/05/2024,3,3,2,3,3,Yes,NULL,NULL,Y,Did not meet all standards,Not met,Not met,Met,Met,Met,Met,Met,Not met,NULL,NULL,NULL,NULL,NULL,NULL,
140496,3156006,Jus'T'Learn,Other Independent School,Other independent school,18/12/2013,Does not have a sixth form,None,None,Non-faith,Ofsted,London,London,Merton,Mitcham and Morden,CR4 2QA,74,NULL,NULL,NULL,NULL,NULL,NULL,NULL,NULL,NULL,NULL,NULL,NULL,NULL,NULL,10299226,Independent School standard inspection,Independent Standard Inspection,13/12/2023,28/01/2024,2,2,2,2,2,Yes,NULL,NULL,N,All standards Met,Met,Met,Met,Met,Met,Met,Met,Met,NULL,NULL,NULL,NULL,NULL,NULL,
140624,8516000,Madani Academy,Other Independent School,Independent faith school,26/02/2014,Does not have a sixth form,None,Muslim,Muslim,Ofsted,South East,South East,Portsmouth,Portsmouth South,PO1 4JZ,57,NULL,NULL,NULL,NULL,NULL,NULL,NULL,NULL,NULL,NULL,NULL,NULL,NULL,NULL,10267666,Independent School standard inspection,Independent Standard Inspection,31/10/2023,12/12/2023,2,2,1,2,2,Yes,NULL,NULL,Y,All standards Met,Met,Met,Met,Met,Met,Met,Met,Met,NULL,NULL,NULL,NULL,NULL,NULL,
140655,9196053,White Trees Independent School,Other Independent Special School,Independent special school,06/03/2014,Not applicable,None,None,Non-faith,Ofsted,East of England,East of England,Hertfordshire,Hertford and Stortford,CM23 5NA,71,NULL,NULL,NULL,NULL,NULL,NULL,NULL,NULL,NULL,NULL,NULL,NULL,NULL,NULL,10321483,Independent School standard inspection,Independent Standard Inspection,14/05/2024,23/06/2024,2,2,2,2,2,Yes,NULL,0,Y,All standards Met,Met,Met,Met,Met,Met,Met,Met,Met,NULL,NULL,NULL,NULL,NULL,NULL,
140814,3576004,Brambles School,Other Independent Special School,Independent special school,04/04/2014,Not applicable,None,None,Non-faith,Ofsted,North West,North West,Tameside,Stalybridge and Hyde,SK14 6NT,4,NULL,NULL,NULL,NULL,NULL,NULL,NULL,NULL,NULL,NULL,NULL,NULL,NULL,NULL,10342094,Independent School standard inspection,Independent Standard Inspection,11/02/2025,11/03/2025,2,2,2,1,2,Yes,NULL,NULL,Y,All standards Met,Met,Met,Met,Met,Met,Met,Met,Met,NULL,NULL,NULL,NULL,NULL,NULL,
140816,3716001,North Bridge Enterprise College,Other Independent Special School,Independent special school,02/04/2014,Not applicable,None,None,Non-faith,Ofsted,"North East, Yorkshire and the Humber",Yorkshire and the Humber,Doncaster,Doncaster Central,DN4 5JW,38,NULL,NULL,NULL,NULL,NULL,NULL,NULL,NULL,NULL,NULL,NULL,NULL,NULL,NULL,10299228,Independent School standard inspection,Independent Standard Inspection,26/03/2024,07/05/2024,2,2,2,2,2,Yes,NULL,NULL,Y,All standards Met,Met,Met,Met,Met,Met,Met,Met,Met,NULL,NULL,NULL,NULL,NULL,NULL,
141001,3336006,Al Khair Primary School,Other Independent School,Independent faith school,04/06/2014,Does not have a sixth form,Does not apply,Muslim,Muslim,Ofsted,West Midlands,West Midlands,Sandwell,Smethwick,B68 8LR,85,NULL,NULL,NULL,NULL,NULL,NULL,NULL,NULL,NULL,NULL,NULL,NULL,NULL,NULL,10284430,Independent School standard inspection,Independent Standard Inspection,20/02/2024,24/04/2024,2,2,2,2,2,Yes,2,NULL,Y,All standards Met,Met,Met,Met,Met,Met,Met,Met,Met,NULL,NULL,NULL,NULL,NULL,NULL,
141007,9376011,Arc School Napton,Other Independent Special School,Independent special school,06/06/2014,Not applicable,None,None,Non-faith,Ofsted,West Midlands,West Midlands,Warwickshire,Kenilworth and Southam,CV47 8NA,34,NULL,NULL,NULL,NULL,NULL,NULL,NULL,NULL,NULL,NULL,NULL,NULL,NULL,NULL,10254671,Independent School standard inspection,Independent Standard Inspection,10/01/2023,14/02/2023,2,2,2,2,2,Yes,NULL,NULL,Y,All standards Met,Met,Met,Met,Met,Met,Met,Met,Met,NULL,NULL,NULL,NULL,NULL,NULL,
141008,9376012,Arc School Ansley,Other Independent Special School,Independent special school,06/06/2014,Not applicable,None,None,Non-faith,Ofsted,West Midlands,West Midlands,Warwickshire,Nuneaton,CV10 9ND,64,NULL,NULL,NULL,NULL,NULL,NULL,NULL,NULL,NULL,NULL,NULL,NULL,NULL,NULL,10374909,Independent School standard inspection,Independent Standard Inspection,29/04/2025,22/05/2025,2,2,2,1,2,Yes,NULL,NULL,Y,All standards Met,Met,Met,Met,Met,Met,Met,Met,Met,NULL,NULL,NULL,NULL,NULL,NULL,
141023,3156007,The Norwegian Kindergarten In London,Other Independent School,Other independent school,13/06/2014,Does not have a sixth form,None,None,Non-faith,Ofsted,London,London,Merton,Wimbledon,SW20 8AH,18,NULL,NULL,NULL,NULL,NULL,NULL,NULL,NULL,NULL,NULL,NULL,NULL,NULL,NULL,10391768,Independent School standard inspection,Independent Standard Inspection,23/09/2025,14/12/2025,2,2,1,1,2,Yes,NULL,NULL,Y,All standards Met,Met,Met,Met,Met,Met,Met,Met,Met,NULL,NULL,NULL,NULL,NULL,NULL,
141031,2106005,Treasure House (London) CIC,Other Independent Special School,Independent special school,18/06/2014,Not applicable,None,None,Non-faith,Ofsted,London,London,Southwark,Peckham,SE15 1JF,17,NULL,NULL,NULL,NULL,NULL,NULL,NULL,NULL,NULL,NULL,NULL,NULL,NULL,NULL,10299229,Independent School standard inspection,Independent Standard Inspection,14/11/2023,18/01/2024,2,2,2,2,2,Yes,NULL,2,Y,All standards Met,Met,Met,Met,Met,Met,Met,Met,Met,NULL,NULL,NULL,NULL,NULL,NULL,
141128,8616012,Sporting Stars Academy,Other Independent School,Other independent school,18/07/2014,Has a sixth form,None,None,Non-faith,Ofsted,West Midlands,West Midlands,Stoke-on-Trent,Stoke-on-Trent North,ST2 7AS,77,NULL,NULL,NULL,NULL,NULL,NULL,NULL,NULL,NULL,NULL,NULL,NULL,NULL,NULL,10391769,Independent School standard inspection,Independent Standard Inspection,01/07/2025,08/09/2025,1,1,1,1,1,Yes,NULL,1,Y,All standards Met,Met,Met,Met,Met,Met,Met,Met,Met,NULL,NULL,NULL,NULL,NULL,NULL,
141207,3526009,IncludEd Learning,Other Independent Special School,Independent special school,18/08/2014,Not applicable,None,None,Non-faith,Ofsted,North West,North West,Manchester,Manchester Rusholme,M16 8ER,15,NULL,NULL,NULL,NULL,NULL,NULL,NULL,NULL,NULL,NULL,NULL,NULL,NULL,NULL,10342095,Independent School standard inspection,Independent Standard Inspection,10/12/2024,21/01/2025,2,2,2,2,2,Yes,NULL,NULL,Y,All standards Met,Met,Met,Met,Met,Met,Met,Met,Met,NULL,NULL,NULL,NULL,NULL,NULL,
141225,8686022,The Green Room School,Other Independent Special School,Independent special school,20/08/2014,Has a sixth form,None,None,Non-faith,Ofsted,South East,South East,Windsor and Maidenhead,Windsor,SL4 5BU,56,NULL,NULL,NULL,NULL,NULL,NULL,NULL,NULL,NULL,NULL,NULL,NULL,NULL,NULL,10267667,Independent School standard inspection,Independent Standard Inspection,06/06/2023,20/07/2023,1,1,1,1,1,Yes,NULL,1,Y,All standards Met,Met,Met,Met,Met,Met,Met,Met,Met,NULL,NULL,NULL,NULL,NULL,NULL,
141242,3306017,Kimichi School,Other Independent School,Other independent school,21/08/2014,Has a sixth form,None,None,Non-faith,Ofsted,West Midlands,West Midlands,Birmingham,Birmingham Yardley,B27 6LL,63,NULL,NULL,NULL,NULL,NULL,NULL,NULL,NULL,NULL,NULL,NULL,NULL,NULL,NULL,10322593,Independent School standard inspection,Independent Standard Inspection,27/02/2024,25/04/2024,2,2,1,2,2,Yes,NULL,2,Y,All standards Met,Met,Met,Met,Met,Met,Met,Met,Met,NULL,NULL,NULL,NULL,NULL,NULL,
141247,3086003,Focus 1st Academy,Other Independent School,Other independent school,21/08/2014,Does not have a sixth form,None,None,Non-faith,Ofsted,London,London,Enfield,Southgate and Wood Green,N11 1BA,74,NULL,NULL,NULL,NULL,NULL,NULL,NULL,NULL,NULL,NULL,NULL,NULL,NULL,NULL,10342096,Independent School standard inspection,Independent Standard Inspection,25/03/2025,11/05/2025,2,2,1,1,2,Yes,NULL,NULL,Y,All standards Met,Met,Met,Met,Met,Met,Met,Met,Met,NULL,NULL,NULL,NULL,NULL,NULL,
141315,2036004,Pulse and Water College,Other Independent School,Other independent school,04/09/2014,Has a sixth form,None,None,Non-faith,Ofsted,London,London,Greenwich,Erith and Thamesmead,SE2 9PT,12,NULL,NULL,NULL,NULL,NULL,NULL,NULL,NULL,NULL,NULL,NULL,NULL,NULL,NULL,10286442,Independent School standard inspection,Independent Standard Inspection,04/07/2023,26/09/2023,2,2,2,2,2,Yes,NULL,NULL,Y,All standards Met,Met,Met,Met,Met,Met,Met,Met,Met,NULL,NULL,NULL,NULL,NULL,NULL,
141411,3206005,Big Creative Independent School,Other Independent School,Other independent school,25/09/2014,Does not have a sixth form,None,None,Non-faith,Ofsted,London,London,Waltham Forest,Walthamstow,E17 5QJ,12,NULL,NULL,NULL,NULL,NULL,NULL,NULL,NULL,NULL,NULL,NULL,NULL,NULL,NULL,10375108,Independent School standard inspection,Independent Standard Inspection,10/06/2025,13/07/2025,2,2,1,2,2,Yes,NULL,NULL,Y,All standards Met,Met,Met,Met,Met,Met,Met,Met,Met,NULL,NULL,NULL,NULL,NULL,NULL,
141502,8956001,High Peak School,Other Independent Special School,Independent special school,08/10/2014,Not applicable,None,None,Non-faith,Ofsted,North West,North West,Cheshire East,Macclesfield,SK12 2AP,89,NULL,NULL,NULL,NULL,NULL,NULL,NULL,NULL,NULL,NULL,NULL,NULL,NULL,NULL,10389263,Independent School standard inspection,Independent Standard Inspection,11/02/2025,23/03/2025,2,2,2,2,2,Yes,NULL,NULL,Y,All standards Met,Met,Met,Met,Met,Met,Met,Met,Met,NULL,NULL,NULL,NULL,NULL,NULL,
141560,3326010,Impact Independent School,Other Independent School,Other independent school,12/11/2014,Does not have a sixth form,None,None,Non-faith,Ofsted,West Midlands,West Midlands,Dudley,Halesowen,B64 6JA,127,10427371,Independent School standard inspection,Independent standard inspection,24/02/2026,27/04/2026,Met,Expected standard,Needs attention,Needs attention,Expected standard,Expected standard,Not applicable,Not applicable,Needs attention,10254672,Independent School standard inspection,Independent Standard Inspection,14/03/2023,11/05/2023,2,2,2,2,2,Yes,NULL,NULL,Y,Did not meet all standards,Not met,Met,Met,Met,Met,Met,Met,Not met,NULL,NULL,NULL,NULL,NULL,NULL,
141608,3816015,Riverbank Primary School,Other Independent Special School,Independent special school,28/11/2014,Not applicable,None,None,Non-faith,Ofsted,"North East, Yorkshire and the Humber",Yorkshire and the Humber,Calderdale,Calder Valley,HX6 4DH,16,NULL,NULL,NULL,NULL,NULL,NULL,NULL,NULL,NULL,NULL,NULL,NULL,NULL,NULL,10342099,Independent School standard inspection,Independent Standard Inspection,10/12/2024,16/01/2025,2,2,1,2,2,Yes,NULL,NULL,Y,All standards Met,Met,Met,Met,Met,Met,Met,Met,Met,NULL,NULL,NULL,NULL,NULL,NULL,
141680,3526010,Harpurhey Alternative Provision School,Other Independent School,Other independent school,19/12/2014,Does not have a sixth form,None,None,Non-faith,Ofsted,North West,North West,Manchester,Blackley and Middleton South,M9 5US,24,NULL,NULL,NULL,NULL,NULL,NULL,NULL,NULL,NULL,NULL,NULL,NULL,NULL,NULL,10342100,Independent School standard inspection,Independent Standard Inspection,29/10/2024,28/11/2024,3,3,2,3,3,Yes,NULL,NULL,Y,All standards Met,Met,Met,Met,Met,Met,Met,Met,Met,NULL,NULL,NULL,NULL,NULL,NULL,
141701,2106007,PhoenixPlace,Other Independent Special School,Independent special school,19/01/2015,Not applicable,None,None,Non-faith,Ofsted,London,London,Southwark,Vauxhall and Camberwell Green,SE5 0JG,35,NULL,NULL,NULL,NULL,NULL,NULL,NULL,NULL,NULL,NULL,NULL,NULL,NULL,NULL,10342101,Independent School standard inspection,Independent Standard Inspection,10/12/2024,29/01/2025,2,2,2,2,2,Yes,NULL,NULL,Y,All standards Met,Met,Met,Met,Met,Met,Met,Met,Met,NULL,NULL,NULL,NULL,NULL,NULL,
141859,3096004,Footsteps Trust,Other Independent School,Other independent school,19/02/2015,Does not have a sixth form,None,None,Non-faith,Ofsted,London,London,Haringey,Southgate and Wood Green,N22 5QW,38,NULL,NULL,NULL,NULL,NULL,NULL,NULL,NULL,NULL,NULL,NULL,NULL,NULL,NULL,10375109,Independent School standard inspection,Independent Standard Inspection,24/06/2025,17/09/2025,2,2,2,2,2,Yes,NULL,NULL,Y,All standards Met,Met,Met,Met,Met,Met,Met,Met,Met,NULL,NULL,NULL,NULL,NULL,NULL,
141860,3846003,Hall Cliffe School,Other Independent Special School,Independent special school,24/02/2015,Not applicable,None,None,Non-faith,Ofsted,"North East, Yorkshire and the Humber",Yorkshire and the Humber,Wakefield,Ossett and Denby Dale,WF4 6BB,101,NULL,NULL,NULL,NULL,NULL,NULL,NULL,NULL,NULL,NULL,NULL,NULL,NULL,NULL,10401989,Independent School standard inspection,Independent Standard Inspection,03/06/2025,03/07/2025,3,3,2,2,3,Yes,NULL,NULL,Y,Did not meet all standards,Not met,Met,Met,Met,Met,Met,Met,Not met,10427292,Independent school Progress Monitoring inspection,20/11/2025,2025/26,16/12/2025,Met all standards that were checked,
141864,8886059,Cambian Red Rose School,Other Independent Special School,Independent special school,27/02/2015,Not applicable,None,None,Non-faith,Ofsted,North West,North West,Lancashire,Chorley,PR5 8LN,23,NULL,NULL,NULL,NULL,NULL,NULL,NULL,NULL,NULL,NULL,NULL,NULL,NULL,NULL,10322502,Independent School standard inspection,Independent Standard Inspection,14/05/2024,01/07/2024,2,2,2,2,2,Yes,NULL,NULL,Y,All standards Met,Met,Met,Met,Met,Met,Met,Met,Met,NULL,NULL,NULL,NULL,NULL,NULL,
141879,8736052,Cambian Home Tree School,Other Independent Special School,Independent special school,05/03/2015,Not applicable,None,None,Non-faith,Ofsted,East of England,East of England,Cambridgeshire,North East Cambridgeshire,PE14 0LP,9,NULL,NULL,NULL,NULL,NULL,NULL,NULL,NULL,NULL,NULL,NULL,NULL,NULL,NULL,10267672,Independent School standard inspection,Independent Standard Inspection,23/01/2024,07/03/2024,2,2,2,2,2,Yes,NULL,NULL,Y,All standards Met,Met,Met,Met,Met,Met,Met,Met,Met,NULL,NULL,NULL,NULL,NULL,NULL,
141954,8416007,Oakwood Learning Centre,Other Independent Special School,Independent special school,27/03/2015,Not applicable,None,None,Non-faith,Ofsted,"North East, Yorkshire and the Humber",North East,Darlington,Darlington,DL2 2UH,13,NULL,NULL,NULL,NULL,NULL,NULL,NULL,NULL,NULL,NULL,NULL,NULL,NULL,NULL,10267673,Independent School standard inspection,Independent Standard Inspection,04/07/2023,13/09/2023,1,1,1,1,1,Yes,NULL,NULL,Y,All standards Met,Met,Met,Met,Met,Met,Met,Met,Met,NULL,NULL,NULL,NULL,NULL,NULL,
141968,3556002,Manchester Senior Girls School,Other Independent School,Independent faith school,14/04/2015,Does not have a sixth form,None,Jewish,Jewish,Ofsted,North West,North West,Salford,Bury South,M7 4GB,156,NULL,NULL,NULL,NULL,NULL,NULL,NULL,NULL,NULL,NULL,NULL,NULL,NULL,NULL,10391770,Independent School standard inspection,Independent Standard Inspection,15/07/2025,08/09/2025,3,2,2,3,3,Yes,NULL,NULL,Y,Did not meet all standards,Not met,Not met,Met,Met,Met,Met,Met,Not met,NULL,NULL,NULL,NULL,NULL,NULL,
142011,8856043,Cotswold Spa Hospital School,Other Independent Special School,Independent special school,23/04/2015,Not applicable,None,None,Non-faith,Ofsted,West Midlands,West Midlands,Worcestershire,Droitwich and Evesham,WR12 7DE,8,NULL,NULL,NULL,NULL,NULL,NULL,NULL,NULL,NULL,NULL,NULL,NULL,NULL,NULL,10284432,Independent School standard inspection,Independent Standard Inspection,17/10/2023,21/11/2023,1,1,1,1,1,Yes,NULL,NULL,Y,All standards Met,Met,Met,Met,Met,Met,Met,Met,Met,NULL,NULL,NULL,NULL,NULL,NULL,
142013,8606041,Ivetsey Bank Hospital School,Other Independent Special School,Independent special school,27/04/2015,Not applicable,None,None,Non-faith,Ofsted,West Midlands,West Midlands,Staffordshire,"Stone, Great Wyrley and Penkridge",ST19 9QT,20,NULL,NULL,NULL,NULL,NULL,NULL,NULL,NULL,NULL,NULL,NULL,NULL,NULL,NULL,10342102,Independent School standard inspection,Independent Standard Inspection,28/01/2025,10/03/2025,2,2,2,2,2,Yes,NULL,2,Y,All standards Met,Met,Met,Met,Met,Met,Met,Met,Met,NULL,NULL,NULL,NULL,NULL,NULL,
142068,3836061,Fountain House Education Suite,Other Independent Special School,Independent special school,28/04/2015,Not applicable,None,None,Non-faith,Ofsted,"North East, Yorkshire and the Humber",Yorkshire and the Humber,Leeds,Salisbury,SP1 3UT,1,NULL,NULL,NULL,NULL,NULL,NULL,NULL,NULL,NULL,NULL,NULL,NULL,NULL,NULL,10254674,Independent School standard inspection,Independent Standard Inspection,11/07/2023,01/10/2023,2,2,1,1,2,Yes,NULL,NULL,Y,All standards Met,Met,Met,Met,Met,Met,Met,Met,Met,NULL,NULL,NULL,NULL,NULL,NULL,
142115,3306018,Oscott Academy,Other Independent School,Other independent school,22/05/2015,Does not have a sixth form,None,None,Non-faith,Ofsted,West Midlands,West Midlands,Birmingham,Birmingham Erdington,B23 5AP,21,NULL,NULL,NULL,NULL,NULL,NULL,NULL,NULL,NULL,NULL,NULL,NULL,NULL,NULL,10322594,Independent School standard inspection,Independent Standard Inspection,30/04/2024,09/06/2024,1,1,1,1,1,Yes,NULL,NULL,Y,All standards Met,Met,Met,Met,Met,Met,Met,Met,Met,NULL,NULL,NULL,NULL,NULL,NULL,
142224,3526011,Manchester Vocational and Learning Academy,Other Independent School,Other independent school,29/07/2015,Does not have a sixth form,None,None,Non-faith,Ofsted,North West,North West,Manchester,Gorton and Denton,M19 2EQ,34,NULL,NULL,NULL,NULL,NULL,NULL,NULL,NULL,NULL,NULL,NULL,NULL,NULL,NULL,10342103,Independent School standard inspection,Independent Standard Inspection,26/11/2024,12/01/2025,2,2,2,2,2,Yes,NULL,NULL,Y,All standards Met,Met,Met,Met,Met,Met,Met,Met,Met,NULL,NULL,NULL,NULL,NULL,NULL,
142225,3566000,Broadstones School,Other Independent Special School,Independent special school,31/07/2015,Not applicable,None,None,Non-faith,Ofsted,North West,North West,Stockport,Stockport,SK4 5HS,20,NULL,NULL,NULL,NULL,NULL,NULL,NULL,NULL,NULL,NULL,NULL,NULL,NULL,NULL,10267674,Independent School standard inspection,Independent Standard Inspection,31/10/2023,19/12/2023,2,2,2,2,2,Yes,NULL,NULL,Y,All standards Met,Met,Met,Met,Met,Met,Met,Met,Met,NULL,NULL,NULL,NULL,NULL,NULL,
142322,8266015,Cambian Bletchley Park School,Other Independent Special School,Independent special school,10/08/2015,Not applicable,None,None,Non-faith,Ofsted,South East,South East,Milton Keynes,Buckingham and Bletchley,MK3 7EB,55,NULL,NULL,NULL,NULL,NULL,NULL,NULL,NULL,NULL,NULL,NULL,NULL,NULL,NULL,10391771,Independent School standard inspection,Independent Standard Inspection,23/09/2025,21/10/2025,2,2,1,2,2,Yes,NULL,2,Y,All standards Met,Met,Met,Met,Met,Met,Met,Met,Met,NULL,NULL,NULL,NULL,NULL,NULL,
142324,3816016,Stafford Hall School,Other Independent Special School,Independent special school,13/08/2015,Not applicable,None,None,Non-faith,Ofsted,"North East, Yorkshire and the Humber",Yorkshire and the Humber,Calderdale,Halifax,HX3 0AW,12,NULL,NULL,NULL,NULL,NULL,NULL,NULL,NULL,NULL,NULL,NULL,NULL,NULL,NULL,10270117,Independent School standard inspection,Independent Standard Inspection,21/03/2023,18/06/2023,2,2,2,2,2,Yes,NULL,NULL,Y,All standards Met,Met,Met,Met,Met,Met,Met,Met,Met,NULL,NULL,NULL,NULL,NULL,NULL,
142332,8966002,Jefferson House,Other Independent School,Other independent school,28/08/2015,Has a sixth form,None,None,Non-faith,Ofsted,North West,North West,Cheshire West and Chester,Mid Cheshire,CW7 1JT,5,NULL,NULL,NULL,NULL,NULL,NULL,NULL,NULL,NULL,NULL,NULL,NULL,NULL,NULL,10286444,Independent School standard inspection,Independent Standard Inspection,28/11/2023,18/01/2024,1,1,1,1,1,Yes,NULL,NULL,Y,All standards Met,Met,Met,Met,Met,Met,Met,Met,Met,NULL,NULL,NULL,NULL,NULL,NULL,
142334,3016007,Northstar New School,Other Independent Special School,Independent special school,01/09/2015,Not applicable,None,None,Non-faith,Ofsted,London,London,Barking and Dagenham,Barking,IG11 7JA,21,NULL,NULL,NULL,NULL,NULL,NULL,NULL,NULL,NULL,NULL,NULL,NULL,NULL,NULL,10254675,Independent School standard inspection,Independent Standard Inspection,13/06/2023,26/07/2023,1,1,1,1,1,Yes,NULL,NULL,Y,All standards Met,Met,Met,Met,Met,Met,Met,Met,Met,NULL,NULL,NULL,NULL,NULL,NULL,
142338,3306019,Riverside Education,Other Independent School,Other independent school,04/09/2015,Has a sixth form,None,None,Non-faith,Ofsted,West Midlands,West Midlands,Birmingham,Birmingham Hodge Hill and Solihull North,B33 9BF,100,NULL,NULL,NULL,NULL,NULL,NULL,NULL,NULL,NULL,NULL,NULL,NULL,NULL,NULL,10267676,Independent School standard inspection,Independent Standard Inspection,20/06/2023,13/09/2023,1,1,1,1,1,Yes,NULL,1,Y,All standards Met,Met,Met,Met,Met,Met,Met,Met,Met,NULL,NULL,NULL,NULL,NULL,NULL,
142416,9366006,Woodstock House School,Other Independent Special School,Independent special school,01/04/2016,Has a sixth form,None,None,Non-faith,Ofsted,South East,South East,Surrey,Esher and Walton,KT6 5HN,89,NULL,NULL,NULL,NULL,NULL,NULL,NULL,NULL,NULL,NULL,NULL,NULL,NULL,NULL,10342104,Independent School standard inspection,Independent Standard Inspection,11/03/2025,05/05/2025,3,3,2,2,3,Yes,NULL,3,Y,All standards Met,Met,Met,Met,Met,Met,Met,Met,Met,NULL,NULL,NULL,NULL,NULL,NULL,
142516,8606042,The Haven School,Other Independent Special School,Independent special school,13/05/2016,Does not have a sixth form,None,None,Non-faith,Ofsted,West Midlands,West Midlands,Staffordshire,"Stone, Great Wyrley and Penkridge",ST18 9AB,49,NULL,NULL,NULL,NULL,NULL,NULL,NULL,NULL,NULL,NULL,NULL,NULL,NULL,NULL,10284433,Independent School standard inspection,Independent Standard Inspection,21/11/2023,18/01/2024,2,2,1,2,2,Yes,NULL,2,Y,All standards Met,Met,Met,Met,Met,Met,Met,Met,Met,NULL,NULL,NULL,NULL,NULL,NULL,
142524,3566006,North West Hospital School,Other Independent School,Other independent school,11/11/2015,Has a sixth form,None,None,Non-faith,Ofsted,North West,North West,Stockport,Cheadle,SK8 3DG,13,NULL,NULL,NULL,NULL,NULL,NULL,NULL,NULL,NULL,NULL,NULL,NULL,NULL,NULL,10322504,Independent School standard inspection,Independent Standard Inspection,18/06/2024,22/07/2024,2,2,2,2,2,Yes,NULL,2,Y,All standards Met,Met,Met,Met,Met,Met,Met,Met,Met,NULL,NULL,NULL,NULL,NULL,NULL,
142531,8896014,Lower Pastures,Other Independent Special School,Independent special school,23/11/2015,Not applicable,None,None,Non-faith,Ofsted,North West,North West,Blackburn with Darwen,Rossendale and Darwen,BB3 3QP,1,10427373,Independent School standard inspection,Independent standard inspection,10/02/2026,19/04/2026,Met,Expected standard,Needs attention,Needs attention,Expected standard,Expected standard,Not applicable,Not applicable,Needs attention,10254676,Independent School standard inspection,Independent Standard Inspection,31/01/2023,28/03/2023,2,2,2,2,2,Yes,NULL,NULL,Y,Did not meet all standards,Not met,Met,Met,Met,Met,Met,Met,Not met,NULL,NULL,NULL,NULL,NULL,NULL,
142537,8816065,Chelmsford Hospital School,Other Independent School,Other independent school,03/02/2016,Has a sixth form,None,None,Non-faith,Ofsted,East of England,East of England,Essex,Chelmsford,CM1 7SJ,0,NULL,NULL,NULL,NULL,NULL,NULL,NULL,NULL,NULL,NULL,NULL,NULL,NULL,NULL,10299231,Independent School standard inspection,Independent Standard Inspection,12/03/2024,01/05/2024,1,1,1,1,1,Yes,NULL,1,Y,All standards Met,Met,Met,Met,Met,Met,Met,Met,Met,NULL,NULL,NULL,NULL,NULL,NULL,
142538,8916037,R.E.A.L. Independent Schools Mansfield,Other Independent Special School,Independent special school,03/12/2015,Not applicable,None,None,Non-faith,Ofsted,East Midlands,East Midlands,Nottinghamshire,Mansfield,NG18 2AD,153,NULL,NULL,NULL,NULL,NULL,NULL,NULL,NULL,NULL,NULL,NULL,NULL,NULL,NULL,10322505,Independent School standard inspection,Independent Standard Inspection,12/03/2024,02/05/2024,2,2,2,2,2,Yes,NULL,2,Y,All standards Met,Met,Met,Met,Met,Met,Met,Met,Met,NULL,NULL,NULL,NULL,NULL,NULL,
142572,2046012,Talmud Torah London,Other Independent School,Independent faith school,24/03/2016,Does not have a sixth form,None,Jewish,Jewish,Ofsted,London,London,Hackney,Tottenham,N16 5AW,118,NULL,NULL,NULL,NULL,NULL,NULL,NULL,NULL,NULL,NULL,NULL,NULL,NULL,NULL,10267679,Independent School standard inspection,Independent Standard Inspection,04/07/2023,04/10/2023,2,2,2,2,2,Yes,NULL,NULL,Y,All standards Met,Met,Met,Met,Met,Met,Met,Met,Met,NULL,NULL,NULL,NULL,NULL,NULL,
142603,3366001,Bow Street School,Other Independent Special School,Independent special school,16/11/2016,Not applicable,None,None,Non-faith,Ofsted,West Midlands,West Midlands,Wolverhampton,Wolverhampton South East,WV14 7NB,18,NULL,NULL,NULL,NULL,NULL,NULL,NULL,NULL,NULL,NULL,NULL,NULL,NULL,NULL,10342105,Independent School standard inspection,Independent Standard Inspection,14/01/2025,12/02/2025,2,2,2,2,2,Yes,NULL,NULL,Y,All standards Met,Met,Met,Met,Met,Met,Met,Met,Met,NULL,NULL,NULL,NULL,NULL,NULL,
142621,3066016,The Write Time,Other Independent Special School,Independent special school,21/06/2016,Not applicable,None,None,Non-faith,Ofsted,London,London,Croydon,Croydon West,CR0 4BH,56,NULL,NULL,NULL,NULL,NULL,NULL,NULL,NULL,NULL,NULL,NULL,NULL,NULL,NULL,10286446,Independent School standard inspection,Independent Standard Inspection,12/09/2023,19/10/2023,2,2,2,2,2,Yes,NULL,NULL,Y,All standards Met,Met,Met,Met,Met,Met,Met,Met,Met,NULL,NULL,NULL,NULL,NULL,NULL,
142657,8606043,Evergreen,Other Independent School,Other independent school,23/11/2016,Does not have a sixth form,None,None,Non-faith,Ofsted,West Midlands,West Midlands,Staffordshire,Staffordshire Moorlands,ST10 2LP,7,NULL,NULL,NULL,NULL,NULL,NULL,NULL,NULL,NULL,NULL,NULL,NULL,NULL,NULL,10342108,Independent School standard inspection,Independent Standard Inspection,16/09/2025,13/10/2025,2,2,1,2,2,Yes,NULL,NULL,Y,All standards Met,Met,Met,Met,Met,Met,Met,Met,Met,NULL,NULL,NULL,NULL,NULL,NULL,
142659,8556036,Wolfdale School,Other Independent Special School,Independent special school,03/11/2016,Not applicable,None,None,Non-faith,Ofsted,East Midlands,East Midlands,Leicestershire,Mid Leicestershire,LE7 7BP,57,10427374,Independent School standard inspection,Independent standard inspection,24/02/2026,26/04/2026,Met,Expected standard,Expected standard,Expected standard,Expected standard,Expected standard,Not applicable,Not applicable,Expected standard,10262445,Independent School standard inspection,Independent Standard Inspection,14/02/2023,27/04/2023,2,2,2,2,2,Yes,NULL,NULL,Y,All standards Met,Met,Met,Met,Met,Met,Met,Met,Met,NULL,NULL,NULL,NULL,NULL,NULL,
142672,8216013,Active Support Education Centre,Other Independent Special School,Independent special school,07/02/2017,Not applicable,None,None,Non-faith,Ofsted,East of England,East of England,Luton,Luton South and South Bedfordshire,LU3 1RJ,67,NULL,NULL,NULL,NULL,NULL,NULL,NULL,NULL,NULL,NULL,NULL,NULL,NULL,NULL,10391772,Independent School standard inspection,Independent Standard Inspection,03/06/2025,09/07/2025,2,2,2,1,2,Yes,NULL,NULL,Y,All standards Met,Met,Met,Met,Met,Met,Met,Met,Met,NULL,NULL,NULL,NULL,NULL,NULL,
142674,3846004,Hall Cliffe Primary School,Other Independent Special School,Independent special school,25/02/2016,Not applicable,None,None,Non-faith,Ofsted,"North East, Yorkshire and the Humber",Yorkshire and the Humber,Wakefield,Wakefield and Rothwell,WF2 0QB,34,NULL,NULL,NULL,NULL,NULL,NULL,NULL,NULL,NULL,NULL,NULL,NULL,NULL,NULL,10283783,Independent School standard inspection,Independent Standard Inspection,04/07/2023,31/07/2023,1,1,1,1,1,Yes,NULL,NULL,Y,All standards Met,Met,Met,Met,Met,Met,Met,Met,Met,NULL,NULL,NULL,NULL,NULL,NULL,
142675,3516004,Forestwood School,Other Independent Special School,Independent special school,11/08/2016,Has a sixth form,None,None,Non-faith,Ofsted,North West,North West,Bury,Bury North,BL8 2BS,36,NULL,NULL,NULL,NULL,NULL,NULL,NULL,NULL,NULL,NULL,NULL,NULL,NULL,NULL,10342109,Independent School standard inspection,Independent Standard Inspection,04/02/2025,10/03/2025,2,2,2,2,2,Yes,NULL,2,Y,All standards Met,Met,Met,Met,Met,Met,Met,Met,Met,NULL,NULL,NULL,NULL,NULL,NULL,
142776,8736054,Landmark International School,Other Independent School,Other independent school,26/07/2016,Does not have a sixth form,None,None,Non-faith,Ofsted,East of England,East of England,Cambridgeshire,South Cambridgeshire,CB21 5EP,104,NULL,NULL,NULL,NULL,NULL,NULL,NULL,NULL,NULL,NULL,NULL,NULL,NULL,NULL,10391773,Independent School standard inspection,Independent Standard Inspection,24/06/2025,14/09/2025,2,2,1,1,2,Yes,0,NULL,Y,All standards Met,Met,Met,Met,Met,Met,Met,Met,Met,NULL,NULL,NULL,NULL,NULL,NULL,
142779,8556037,ASPIRE: Lifeskills,Other Independent Special School,Independent special school,10/03/2017,Not applicable,None,None,Non-faith,Ofsted,East Midlands,East Midlands,Leicestershire,Loughborough,LE11 3EB,24,NULL,NULL,NULL,NULL,NULL,NULL,NULL,NULL,NULL,NULL,NULL,NULL,NULL,NULL,10374820,Independent School standard inspection,Independent Standard Inspection,01/07/2025,14/09/2025,2,2,2,2,2,Yes,NULL,2,Y,All standards Met,Met,Met,Met,Met,Met,Met,Met,Met,NULL,NULL,NULL,NULL,NULL,NULL,
142784,3806013,Broadbeck Learning Centre,Other Independent Special School,Independent special school,21/09/2016,Not applicable,None,None,Non-faith,Ofsted,"North East, Yorkshire and the Humber",Yorkshire and the Humber,Bradford,Bradford South,BD6 2LE,14,NULL,NULL,NULL,NULL,NULL,NULL,NULL,NULL,NULL,NULL,NULL,NULL,NULL,NULL,10374859,Independent School standard inspection,Independent Standard Inspection,29/04/2025,11/06/2025,2,2,2,2,2,Yes,NULL,NULL,Y,All standards Met,Met,Met,Met,Met,Met,Met,Met,Met,NULL,NULL,NULL,NULL,NULL,NULL,
142832,3076003,New Level Academy,Other Independent School,Independent faith school,01/02/2017,Has a sixth form,None,Christian,Christian,Ofsted,London,London,Ealing,Ealing Southall,W7 2BB,24,NULL,NULL,NULL,NULL,NULL,NULL,NULL,NULL,NULL,NULL,NULL,NULL,NULL,NULL,10299233,Independent School standard inspection,Independent Standard Inspection,23/04/2024,09/07/2024,3,2,2,3,3,Yes,NULL,NULL,Y,Did not meet all standards,Not met,Met,Not met,Met,Met,Met,Met,Not met,10430422,Independent school Progress Monitoring inspection,11/12/2025,2025/26,21/01/2026,Met all standards that were checked,
142833,8856044,Bridge School Malvern,Other Independent Special School,Independent special school,03/05/2016,Has a sixth form,None,Church of England/Roman Catholic,Christian,Ofsted,West Midlands,West Midlands,Worcestershire,West Worcestershire,WR8 0DX,69,NULL,NULL,NULL,NULL,NULL,NULL,NULL,NULL,NULL,NULL,NULL,NULL,NULL,NULL,10267681,Independent School standard inspection,Independent Standard Inspection,20/06/2023,13/09/2023,2,2,2,1,2,Yes,NULL,2,Y,All standards Met,Met,Met,Met,Met,Met,Met,Met,Met,NULL,NULL,NULL,NULL,NULL,NULL,
142859,8866143,The Llewellyn School and Nursery,Other Independent Special School,Independent special school,18/01/2017,Not applicable,None,None,Non-faith,Ofsted,South East,South East,Kent,Herne Bay and Sandwich,CT7 0BB,35,NULL,NULL,NULL,NULL,NULL,NULL,NULL,NULL,NULL,NULL,NULL,NULL,NULL,NULL,10342110,Independent School standard inspection,Independent Standard Inspection,10/06/2025,17/07/2025,2,2,1,1,2,Yes,NULL,NULL,Y,All standards Met,Met,Met,Met,Met,Met,Met,Met,Met,NULL,NULL,NULL,NULL,NULL,NULL,
142911,8156034,Cambian Spring Hill,Other Independent Special School,Independent special school,01/08/2016,Not applicable,None,None,Non-faith,Ofsted,"North East, Yorkshire and the Humber",Yorkshire and the Humber,North Yorkshire,Skipton and Ripon,HG4 3HN,35,NULL,NULL,NULL,NULL,NULL,NULL,NULL,NULL,NULL,NULL,NULL,NULL,NULL,NULL,10342111,Independent School standard inspection,Independent Standard Inspection,25/02/2025,26/03/2025,2,2,2,1,2,Yes,NULL,2,Y,All standards Met,Met,Met,Met,Met,Met,Met,Met,Met,NULL,NULL,NULL,NULL,NULL,NULL,
142912,3736006,Phoenix School of Therapeutic Education,Other Independent Special School,Independent special school,08/07/2016,Not applicable,None,None,Non-faith,Ofsted,"North East, Yorkshire and the Humber",Yorkshire and the Humber,Sheffield,Sheffield Heeley,S2 3PX,25,NULL,NULL,NULL,NULL,NULL,NULL,NULL,NULL,NULL,NULL,NULL,NULL,NULL,NULL,10321500,Independent School standard inspection,Independent Standard Inspection,04/06/2024,30/06/2024,1,1,1,1,1,Yes,NULL,1,Y,All standards Met,Met,Met,Met,Met,Met,Met,Met,Met,NULL,NULL,NULL,NULL,NULL,NULL,
142930,8926021,FUEL,Other Independent School,Other independent school,13/02/2017,Does not have a sixth form,None,None,Non-faith,Ofsted,East Midlands,East Midlands,Nottingham,Nottingham East,NG5 1DX,32,NULL,NULL,NULL,NULL,NULL,NULL,NULL,NULL,NULL,NULL,NULL,NULL,NULL,NULL,10374821,Independent School standard inspection,Independent Standard Inspection,20/05/2025,29/06/2025,2,2,1,1,2,Yes,NULL,NULL,Y,All standards Met,Met,Met,Met,Met,Met,Met,Met,Met,NULL,NULL,NULL,NULL,NULL,NULL,
142931,8896015,Dar Ul Madinah,Other Independent School,Independent faith school,09/06/2017,Does not have a sixth form,None,Islam,Muslim,Ofsted,North West,North West,Blackburn with Darwen,Blackburn,BB2 6HD,51,NULL,NULL,NULL,NULL,NULL,NULL,NULL,NULL,NULL,NULL,NULL,NULL,NULL,NULL,10375138,Independent School standard inspection,Independent Standard Inspection,01/07/2025,17/09/2025,2,2,2,2,2,Yes,2,NULL,Y,All standards Met,Met,Met,Met,Met,Met,Met,Met,Met,NULL,NULL,NULL,NULL,NULL,NULL,
142939,8556038,The Place Independent School,Other Independent Special School,Independent special school,06/10/2016,Has a sixth form,None,None,Non-faith,Ofsted,East Midlands,East Midlands,Leicestershire,Melton and Syston,NG13 0EA,67,NULL,NULL,NULL,NULL,NULL,NULL,NULL,NULL,NULL,NULL,NULL,NULL,NULL,NULL,10326782,Independent School standard inspection,Independent Standard Inspection,12/03/2024,30/04/2024,2,2,2,2,2,Yes,NULL,NULL,Y,All standards Met,Met,Met,Met,Met,Met,Met,Met,Met,NULL,NULL,NULL,NULL,NULL,NULL,
143026,3506004,Raise Education and Wellbeing School,Other Independent Special School,Independent special school,21/06/2016,Not applicable,None,None,Non-faith,Ofsted,North West,North West,Bolton,Bolton North East,BL1 3UB,52,NULL,NULL,NULL,NULL,NULL,NULL,NULL,NULL,NULL,NULL,NULL,NULL,NULL,NULL,10342112,Independent School standard inspection,Independent Standard Inspection,25/02/2025,02/04/2025,2,2,2,1,2,Yes,NULL,NULL,Y,All standards Met,Met,Met,Met,Met,Met,Met,Met,Met,NULL,NULL,NULL,NULL,NULL,NULL,
143036,3086006,Alternative Centre of Education,Other Independent School,Other independent school,14/09/2016,Does not have a sixth form,None,None,Non-faith,Ofsted,London,London,Enfield,Edmonton and Winchmore Hill,N9 0TZ,31,NULL,NULL,NULL,NULL,NULL,NULL,NULL,NULL,NULL,NULL,NULL,NULL,NULL,NULL,10342113,Independent School standard inspection,Independent Standard Inspection,24/09/2024,28/10/2024,2,2,2,2,2,Yes,NULL,NULL,Y,All standards Met,Met,Met,Met,Met,Met,Met,Met,Met,NULL,NULL,NULL,NULL,NULL,NULL,
143038,3336011,Sandwell Valley School,Other Independent School,Other independent school,08/09/2016,Has a sixth form,None,None,Non-faith,Ofsted,West Midlands,West Midlands,Sandwell,West Bromwich,B70 6QT,56,NULL,NULL,NULL,NULL,NULL,NULL,NULL,NULL,NULL,NULL,NULL,NULL,NULL,NULL,10374910,Independent School standard inspection,Independent Standard Inspection,17/06/2025,16/07/2025,3,3,2,2,3,Yes,NULL,0,Y,Did not meet all standards,Not met,Met,Met,Met,Met,Met,Met,Not met,10424278,Independent school Progress Monitoring inspection,15/01/2026,2025/26,01/03/2026,Met all standards that were checked,
143039,3306026,Blackwater Academy,Other Independent School,Other independent school,22/11/2016,Has a sixth form,None,None,Non-faith,Ofsted,West Midlands,West Midlands,Birmingham,Birmingham Hodge Hill and Solihull North,B33 9BF,43,NULL,NULL,NULL,NULL,NULL,NULL,NULL,NULL,NULL,NULL,NULL,NULL,NULL,NULL,10342114,Independent School standard inspection,Independent Standard Inspection,11/02/2025,20/05/2025,3,3,2,2,3,Yes,NULL,NULL,Y,Did not meet all standards,Not met,Met,Met,Met,Met,Met,Met,Not met,10416637,Independent school Progress Monitoring inspection,15/10/2025,2025/26,16/12/2025,Did not meet all standards that were checked,
143040,3306030,Imedia School,Other Independent School,Other independent school,05/05/2017,Does not have a sixth form,None,None,Non-faith,Ofsted,West Midlands,West Midlands,Birmingham,Birmingham Erdington,B23 6UT,12,NULL,NULL,NULL,NULL,NULL,NULL,NULL,NULL,NULL,NULL,NULL,NULL,NULL,NULL,10391774,Independent School standard inspection,Independent Standard Inspection,17/06/2025,17/07/2025,2,2,1,2,1,Yes,NULL,NULL,Y,All standards Met,Met,Met,Met,Met,Met,Met,Met,Met,NULL,NULL,NULL,NULL,NULL,NULL,
143041,8886064,Hope School,Other Independent School,Other independent school,20/12/2016,Has a sixth form,None,None,Non-faith,Ofsted,North West,North West,Lancashire,Ribble Valley,PR4 0HP,0,NULL,NULL,NULL,NULL,NULL,NULL,NULL,NULL,NULL,NULL,NULL,NULL,NULL,NULL,10342116,Independent School standard inspection,Independent Standard Inspection,16/09/2025,12/10/2025,2,2,2,2,2,Yes,NULL,NULL,Y,All standards Met,Met,Met,Met,Met,Met,Met,Met,Met,NULL,NULL,NULL,NULL,NULL,NULL,
143049,3926005,Hopespring Newcastle,Other Independent School,Other independent school,17/03/2017,Does not have a sixth form,None,None,Non-faith,Ofsted,"North East, Yorkshire and the Humber",North East,North Tyneside,Newcastle upon Tyne North,NE12 8UZ,13,NULL,NULL,NULL,NULL,NULL,NULL,NULL,NULL,NULL,NULL,NULL,NULL,NULL,NULL,10342117,Independent School standard inspection,Independent Standard Inspection,23/09/2025,09/11/2025,1,1,1,1,1,Yes,NULL,NULL,Y,All standards Met,Met,Met,Met,Met,Met,Met,Met,Met,NULL,NULL,NULL,NULL,NULL,NULL,
143174,3306031,Newbury Independent School,Other Independent School,Other independent school,27/10/2016,Has a sixth form,None,None,Non-faith,Ofsted,West Midlands,West Midlands,Birmingham,Birmingham Ladywood,B6 7SS,8,NULL,NULL,NULL,NULL,NULL,NULL,NULL,NULL,NULL,NULL,NULL,NULL,NULL,NULL,10374911,Independent School standard inspection,Independent Standard Inspection,13/05/2025,12/06/2025,3,3,2,2,2,Yes,NULL,NULL,Y,All standards Met,Met,Met,Met,Met,Met,Met,Met,Met,NULL,NULL,NULL,NULL,NULL,NULL,
143400,9386002,New Barn School,Other Independent Special School,Independent special school,10/01/2017,Not applicable,None,None,Non-faith,Ofsted,South East,South East,West Sussex,Horsham,RH12 3PQ,90,NULL,NULL,NULL,NULL,NULL,NULL,NULL,NULL,NULL,NULL,NULL,NULL,NULL,NULL,10375004,Independent School standard inspection,Independent Standard Inspection,23/09/2025,20/10/2025,2,2,1,1,2,Yes,NULL,NULL,Y,All standards Met,Met,Met,Met,Met,Met,Met,Met,Met,NULL,NULL,NULL,NULL,NULL,NULL,
143406,3176005,Oak House School,Other Independent Special School,Independent special school,01/08/2016,Not applicable,None,None,Non-faith,Ofsted,London,London,Redbridge,Ilford South,IG3 9AB,3,NULL,NULL,NULL,NULL,NULL,NULL,NULL,NULL,NULL,NULL,NULL,NULL,NULL,NULL,10286447,Independent School standard inspection,Independent Standard Inspection,10/10/2023,07/12/2023,2,2,2,2,2,Yes,NULL,NULL,Y,All standards Met,Met,Met,Met,Met,Met,Met,Met,Met,NULL,NULL,NULL,NULL,NULL,NULL,
143407,8786066,Chances Educational Support Services,Other Independent School,Other independent school,17/07/2017,Not applicable,None,None,Non-faith,Ofsted,South West,South West,Devon,Newton Abbot,EX7 0AF,15,NULL,NULL,NULL,NULL,NULL,NULL,NULL,NULL,NULL,NULL,NULL,NULL,NULL,NULL,10322164,Independent School standard inspection,Independent Standard Inspection,14/05/2024,25/06/2024,2,2,1,2,2,Yes,NULL,NULL,Y,All standards Met,Met,Met,Met,Met,Met,Met,Met,Met,NULL,NULL,NULL,NULL,NULL,NULL,
143418,3306032,Birmingham Independent College,Other Independent School,Other independent school,09/08/2016,Has a sixth form,None,None,Non-faith,Ofsted,West Midlands,West Midlands,Birmingham,Birmingham Perry Barr,B6 5NU,19,NULL,NULL,NULL,NULL,NULL,NULL,NULL,NULL,NULL,NULL,NULL,NULL,NULL,NULL,10342118,Independent School standard inspection,Independent Standard Inspection,15/10/2024,03/12/2024,4,3,2,3,4,No,NULL,3,Y,Did not meet all standards,Not met,Not met,Not met,Not met,Met,Met,Met,Not met,10414790,Independent school Progress Monitoring inspection,04/12/2025,2025/26,25/01/2026,Met all standards that were checked,
143429,8076001,Old Farm School,Other Independent School,Other independent school,26/10/2016,Has a sixth form,None,None,Non-faith,Ofsted,"North East, Yorkshire and the Humber",North East,Redcar and Cleveland,Middlesbrough South and East Cleveland,TS12 2TZ,39,NULL,NULL,NULL,NULL,NULL,NULL,NULL,NULL,NULL,NULL,NULL,NULL,NULL,NULL,10391776,Independent School standard inspection,Independent Standard Inspection,16/09/2025,19/10/2025,2,2,1,2,2,Yes,NULL,NULL,Y,All standards Met,Met,Met,Met,Met,Met,Met,Met,Met,NULL,NULL,NULL,NULL,NULL,NULL,
143531,8956003,Eden School,Other Independent Special School,Independent special school,01/02/2017,Not applicable,None,None,Non-faith,Ofsted,North West,North West,Cheshire East,Macclesfield,SK10 3LQ,16,NULL,NULL,NULL,NULL,NULL,NULL,NULL,NULL,NULL,NULL,NULL,NULL,NULL,NULL,10299234,Independent School standard inspection,Independent Standard Inspection,23/01/2024,10/03/2024,2,2,2,2,2,Yes,NULL,NULL,Y,All standards Met,Met,Met,Met,Met,Met,Met,Met,Met,NULL,NULL,NULL,NULL,NULL,NULL,
143532,3946000,Ashbrooke School,Other Independent Special School,Independent special school,30/01/2017,Not applicable,None,None,Non-faith,Ofsted,"North East, Yorkshire and the Humber",North East,Sunderland,Sunderland Central,SR2 7JA,126,NULL,NULL,NULL,NULL,NULL,NULL,NULL,NULL,NULL,NULL,NULL,NULL,NULL,NULL,10391777,Independent School standard inspection,Independent Standard Inspection,23/09/2025,09/11/2025,2,2,2,1,2,Yes,NULL,NULL,Y,All standards Met,Met,Met,Met,Met,Met,Met,Met,Met,NULL,NULL,NULL,NULL,NULL,NULL,
143539,8786067,Running Deer School,Other Independent Special School,Independent special school,05/09/2016,Not applicable,None,None,Non-faith,Ofsted,South West,South West,Devon,Central Devon,TQ13 8PY,12,NULL,NULL,NULL,NULL,NULL,NULL,NULL,NULL,NULL,NULL,NULL,NULL,NULL,NULL,10374878,Independent School standard inspection,Independent Standard Inspection,24/06/2025,07/09/2025,3,3,2,2,3,Yes,NULL,NULL,Y,All standards Met,Met,Met,Met,Met,Met,Met,Met,Met,NULL,NULL,NULL,NULL,NULL,NULL,
143642,8386039,Arbour House School,Other Independent Special School,Independent special school,01/06/2017,Not applicable,None,None,Non-faith,Ofsted,South West,South West,Dorset,South Dorset,DT4 7QF,29,NULL,NULL,NULL,NULL,NULL,NULL,NULL,NULL,NULL,NULL,NULL,NULL,NULL,NULL,10374879,Independent School standard inspection,Independent Standard Inspection,24/06/2025,08/09/2025,1,1,1,1,1,Yes,NULL,NULL,Y,All standards Met,Met,Met,Met,Met,Met,Met,Met,Met,NULL,NULL,NULL,NULL,NULL,NULL,
143838,2096002,Urban Mission School,Other Independent School,Independent faith school,04/05/2017,Does not have a sixth form,None,Christian,Christian,Ofsted,London,London,Lewisham,Lewisham North,SE13 7FY,12,NULL,NULL,NULL,NULL,NULL,NULL,NULL,NULL,NULL,NULL,NULL,NULL,NULL,NULL,10375110,Independent School standard inspection,Independent Standard Inspection,01/07/2025,29/09/2025,2,2,2,2,2,Yes,NULL,NULL,Y,All standards Met,Met,Met,Met,Met,Met,Met,Met,Met,NULL,NULL,NULL,NULL,NULL,NULL,
143839,8606044,Aurora Hanley School,Other Independent Special School,Independent special school,11/07/2017,Not applicable,None,None,Non-faith,Ofsted,West Midlands,West Midlands,Staffordshire,Stoke-on-Trent Central,ST2 8PQ,89,NULL,NULL,NULL,NULL,NULL,NULL,NULL,NULL,NULL,NULL,NULL,NULL,NULL,NULL,10391778,Independent School standard inspection,Independent Standard Inspection,15/07/2025,09/09/2025,1,1,1,1,1,Yes,NULL,1,Y,All standards Met,Met,Met,Met,Met,Met,Met,Met,Met,NULL,NULL,NULL,NULL,NULL,NULL,
143858,8886067,Lincoln House School,Other Independent School,Other independent school,05/04/2017,Has a sixth form,None,None,Non-faith,Ofsted,North West,North West,Lancashire,Burnley,BB12 0QZ,5,NULL,NULL,NULL,NULL,NULL,NULL,NULL,NULL,NULL,NULL,NULL,NULL,NULL,NULL,10375139,Independent School standard inspection,Independent Standard Inspection,17/06/2025,07/07/2025,2,2,1,2,2,Yes,NULL,NULL,Y,All standards Met,Met,Met,Met,Met,Met,Met,Met,Met,NULL,NULL,NULL,NULL,NULL,NULL,
143911,9356004,The Ryes College,Other Independent Special School,Independent special school,12/06/1979,Not applicable,None,None,Non-faith,Ofsted,East of England,East of England,Suffolk,South Suffolk,CO10 5NA,29,NULL,NULL,NULL,NULL,NULL,NULL,NULL,NULL,NULL,NULL,NULL,NULL,NULL,NULL,10254677,Independent School standard inspection,Independent Standard Inspection,08/03/2023,02/05/2023,2,2,2,2,2,Yes,NULL,0,Y,All standards Met,Met,Met,Met,Met,Met,Met,Met,Met,NULL,NULL,NULL,NULL,NULL,NULL,
143912,3416008,Progress Schools - Liverpool,Other Independent School,Other independent school,20/01/2017,Does not have a sixth form,None,None,Non-faith,Ofsted,North West,North West,Liverpool,Liverpool Riverside,L8 7PB,14,NULL,NULL,NULL,NULL,NULL,NULL,NULL,NULL,NULL,NULL,NULL,NULL,NULL,NULL,10342121,Independent School standard inspection,Independent Standard Inspection,03/12/2024,02/03/2025,3,3,2,2,3,Yes,NULL,NULL,Y,All standards Met,Met,Met,Met,Met,Met,Met,Met,Met,NULL,NULL,NULL,NULL,NULL,NULL,
143932,8606045,Bluebell School Ltd,Other Independent Special School,Independent special school,19/06/2017,Not applicable,None,None,Non-faith,Ofsted,West Midlands,West Midlands,Staffordshire,Stoke-on-Trent North,ST7 1EH,134,NULL,NULL,NULL,NULL,NULL,NULL,NULL,NULL,NULL,NULL,NULL,NULL,NULL,NULL,10374912,Independent School standard inspection,Independent Standard Inspection,17/06/2025,07/09/2025,1,1,1,1,1,Yes,NULL,NULL,Y,All standards Met,Met,Met,Met,Met,Met,Met,Met,Met,NULL,NULL,NULL,NULL,NULL,NULL,
143933,2096003,Education-My Life Matters,Other Independent School,Other independent school,14/12/2016,Does not have a sixth form,None,None,Non-faith,Ofsted,London,London,Lewisham,Lewisham East,SE6 2SP,21,NULL,NULL,NULL,NULL,NULL,NULL,NULL,NULL,NULL,NULL,NULL,NULL,NULL,NULL,10322595,Independent School standard inspection,Independent Standard Inspection,30/04/2024,09/06/2024,2,2,2,2,2,Yes,NULL,NULL,Y,All standards Met,Met,Met,Met,Met,Met,Met,Met,Met,NULL,NULL,NULL,NULL,NULL,NULL,
144033,8696019,New Barn School,Other Independent Special School,Independent special school,17/01/2017,Not applicable,None,None,Non-faith,Ofsted,South East,South East,West Berkshire,Newbury,RG20 8HZ,92,NULL,NULL,NULL,NULL,NULL,NULL,NULL,NULL,NULL,NULL,NULL,NULL,NULL,NULL,10414805,Independent School standard inspection,Independent Standard Inspection,16/09/2025,13/01/2026,4,4,3,3,4,Yes,NULL,NULL,Y,Did not meet all standards,Not met,Met,Met,Met,Met,Met,Met,Not met,NULL,NULL,NULL,NULL,NULL,NULL,
144375,8886070,Maple House School,Other Independent Special School,Independent special school,31/03/2017,Not applicable,None,None,Non-faith,Ofsted,North West,North West,Lancashire,Hyndburn,BB4 6LN,4,NULL,NULL,NULL,NULL,NULL,NULL,NULL,NULL,NULL,NULL,NULL,NULL,NULL,NULL,10322506,Independent School standard inspection,Independent Standard Inspection,10/07/2024,11/09/2024,2,2,2,2,2,Yes,NULL,NULL,Y,All standards Met,Met,Met,Met,Met,Met,Met,Met,Met,NULL,NULL,NULL,NULL,NULL,NULL,
144377,9406003,Youth Works Community College,Other Independent School,Other independent school,12/10/2017,Does not have a sixth form,None,None,Non-faith,Ofsted,East Midlands,East Midlands,North Northamptonshire,Kettering,NN16 9HX,1,NULL,NULL,NULL,NULL,NULL,NULL,NULL,NULL,NULL,NULL,NULL,NULL,NULL,NULL,10286449,Independent School standard inspection,Independent Standard Inspection,13/12/2023,30/01/2024,2,2,1,2,2,Yes,NULL,NULL,Y,All standards Met,Met,Met,Met,Met,Met,Met,Met,Met,NULL,NULL,NULL,NULL,NULL,NULL,
144378,8816067,The Belsteads School,Other Independent Special School,Independent special school,24/04/2017,Not applicable,None,None,Non-faith,Ofsted,East of England,East of England,Essex,North West Essex,CM3 3PP,43,NULL,NULL,NULL,NULL,NULL,NULL,NULL,NULL,NULL,NULL,NULL,NULL,NULL,NULL,10342124,Independent School standard inspection,Independent Standard Inspection,28/01/2025,03/03/2025,2,2,2,1,2,Yes,NULL,NULL,Y,All standards Met,Met,Met,Met,Met,Met,Met,Met,Met,NULL,NULL,NULL,NULL,NULL,NULL,
144404,8946009,The Retreat,Other Independent School,Other independent school,03/05/2017,Has a sixth form,None,None,Non-faith,Ofsted,West Midlands,West Midlands,Telford and Wrekin,The Wrekin,TF6 6PN,3,NULL,NULL,NULL,NULL,NULL,NULL,NULL,NULL,NULL,NULL,NULL,NULL,NULL,NULL,10391779,Independent School standard inspection,Independent Standard Inspection,16/09/2025,09/10/2025,2,2,1,2,2,Yes,NULL,NULL,Y,All standards Met,Met,Met,Met,Met,Met,Met,Met,Met,NULL,NULL,NULL,NULL,NULL,NULL,
144475,8866144,Parkview Academy,Other Independent Special School,Independent special school,09/03/2017,Not applicable,None,None,Non-faith,Ofsted,South East,South East,Kent,East Thanet,CT9 2AN,7,NULL,NULL,NULL,NULL,NULL,NULL,NULL,NULL,NULL,NULL,NULL,NULL,NULL,NULL,10375005,Independent School standard inspection,Independent Standard Inspection,15/07/2025,18/09/2025,3,3,2,2,3,Yes,NULL,NULL,Y,Did not meet all standards,Not met,Met,Met,Met,Met,Met,Met,Not met,10438125,Independent school Progress Monitoring inspection,29/01/2026,2025/26,18/03/2026,Did not meet all standards that were checked,
144619,8556040,Clovelly House School,Other Independent Special School,Independent special school,21/08/2017,Not applicable,None,None,Non-faith,Ofsted,East Midlands,East Midlands,Leicestershire,Mid Leicestershire,LE67 1AP,20,NULL,NULL,NULL,NULL,NULL,NULL,NULL,NULL,NULL,NULL,NULL,NULL,NULL,NULL,10341018,Independent School standard inspection,Independent Standard Inspection,16/04/2024,13/05/2024,2,2,2,2,2,Yes,NULL,NULL,Y,All standards Met,Met,Met,Met,Met,Met,Met,Met,Met,NULL,NULL,NULL,NULL,NULL,NULL,
144717,8846016,Hidelow Grange School,Other Independent School,Other independent school,01/08/2017,Has a sixth form,None,None,Non-faith,Ofsted,West Midlands,West Midlands,Herefordshire,North Herefordshire,WR6 5AH,5,NULL,NULL,NULL,NULL,NULL,NULL,NULL,NULL,NULL,NULL,NULL,NULL,NULL,NULL,10342126,Independent School standard inspection,Independent Standard Inspection,05/11/2024,09/12/2024,2,2,1,1,2,Yes,NULL,NULL,Y,All standards Met,Met,Met,Met,Met,Met,Met,Met,Met,NULL,NULL,NULL,NULL,NULL,NULL,
144726,9196008,Rhodes Wood Hospital School,Other Independent Special School,Independent special school,01/08/2017,Has a sixth form,None,None,Non-faith,Ofsted,East of England,East of England,Hertfordshire,Welwyn Hatfield,AL9 6NN,34,NULL,NULL,NULL,NULL,NULL,NULL,NULL,NULL,NULL,NULL,NULL,NULL,NULL,NULL,10342127,Independent School standard inspection,Independent Standard Inspection,01/07/2025,07/09/2025,1,1,1,1,1,Yes,NULL,1,Y,All standards Met,Met,Met,Met,Met,Met,Met,Met,Met,NULL,NULL,NULL,NULL,NULL,NULL,
144727,3026012,Lubavitch Yeshiva Ketanah of London,Other Independent School,Independent faith school,04/04/2017,Does not have a sixth form,Orthodox Jewish,Orthodox Jewish,Jewish,Ofsted,London,London,Barnet,Finchley and Golders Green,NW11 0QB,62,NULL,NULL,NULL,NULL,NULL,NULL,NULL,NULL,NULL,NULL,NULL,NULL,NULL,NULL,10286451,Independent School standard inspection,Independent Standard Inspection,30/01/2024,23/02/2024,3,3,2,2,3,Yes,NULL,NULL,Y,All standards Met,Met,Met,Met,Met,Met,Met,Met,Met,NULL,NULL,NULL,NULL,NULL,NULL,
144730,9366011,Aurora Redehall School,Other Independent Special School,Independent special school,05/06/2017,Has a sixth form,None,None,Non-faith,Ofsted,South East,South East,Surrey,East Surrey,RH6 9QA,74,NULL,NULL,NULL,NULL,NULL,NULL,NULL,NULL,NULL,NULL,NULL,NULL,NULL,NULL,10375006,Independent School standard inspection,Independent Standard Inspection,08/07/2025,24/09/2025,2,2,2,2,2,Yes,NULL,NULL,Y,All standards Met,Met,Met,Met,Met,Met,Met,Met,Met,NULL,NULL,NULL,NULL,NULL,NULL,
144738,3106014,Gesher School,Other Independent Special School,Independent special school,16/05/2017,Does not have a sixth form,Unknown,Orthodox Jewish,Jewish,Ofsted,London,London,Harrow,"Ruislip, Northwood and Pinner",HA5 1JF,71,NULL,NULL,NULL,NULL,NULL,NULL,NULL,NULL,NULL,NULL,NULL,NULL,NULL,NULL,10391780,Independent School standard inspection,Independent Standard Inspection,15/07/2025,28/09/2025,1,1,1,1,1,Yes,NULL,NULL,Y,All standards Met,Met,Met,Met,Met,Met,Met,Met,Met,NULL,NULL,NULL,NULL,NULL,NULL,
144774,3196000,Brookways School,Other Independent Special School,Independent special school,02/01/2018,Does not have a sixth form,None,None,Non-faith,Ofsted,London,London,Sutton,Sutton and Cheam,SM3 9BZ,77,NULL,NULL,NULL,NULL,NULL,NULL,NULL,NULL,NULL,NULL,NULL,NULL,NULL,NULL,10342128,Independent School standard inspection,Independent Standard Inspection,21/01/2025,12/02/2025,2,2,2,2,2,Yes,NULL,NULL,Y,All standards Met,Met,Met,Met,Met,Met,Met,Met,Met,NULL,NULL,NULL,NULL,NULL,NULL,
144796,3046006,Edith Kay Independent School,Other Independent Special School,Independent special school,26/06/2017,Not applicable,None,None,Non-faith,Ofsted,London,London,Brent,Brent East,NW10 8HR,19,NULL,NULL,NULL,NULL,NULL,NULL,NULL,NULL,NULL,NULL,NULL,NULL,NULL,NULL,10299236,Independent School standard inspection,Independent Standard Inspection,30/01/2024,19/03/2024,2,2,2,1,2,Yes,NULL,2,Y,All standards Met,Met,Met,Met,Met,Met,Met,Met,Met,NULL,NULL,NULL,NULL,NULL,NULL,
144804,8406015,The Independent Grammar School:Durham,Other Independent School,Independent faith school,31/05/2018,Does not have a sixth form,None,Christian,Christian,Ofsted,"North East, Yorkshire and the Humber",North East,Durham,City of Durham,DH7 9QF,132,NULL,NULL,NULL,NULL,NULL,NULL,NULL,NULL,NULL,NULL,NULL,NULL,NULL,NULL,10286452,Independent School standard inspection,Independent Standard Inspection,28/11/2023,23/01/2024,2,2,2,2,2,Yes,2,NULL,Y,All standards Met,Met,Met,Met,Met,Met,Met,Met,Met,NULL,NULL,NULL,NULL,NULL,NULL,
144808,8506093,Releasing Potential School,Other Independent School,Other independent school,20/07/2017,Has a sixth form,None,None,Non-faith,Ofsted,South East,South East,Hampshire,Havant,PO9 1LS,40,NULL,NULL,NULL,NULL,NULL,NULL,NULL,NULL,NULL,NULL,NULL,NULL,NULL,NULL,10375007,Independent School standard inspection,Independent Standard Inspection,16/09/2025,09/11/2025,2,2,2,2,2,Yes,NULL,2,Y,All standards Met,Met,Met,Met,Met,Met,Met,Met,Met,NULL,NULL,NULL,NULL,NULL,NULL,
144811,3826007,Rida Girls High School,Other Independent School,Independent faith school,21/07/2017,Does not have a sixth form,None,Muslim,Muslim,Ofsted,"North East, Yorkshire and the Humber",Yorkshire and the Humber,Kirklees,Dewsbury and Batley,WF12 9LX,114,NULL,NULL,NULL,NULL,NULL,NULL,NULL,NULL,NULL,NULL,NULL,NULL,NULL,NULL,10321503,Independent School standard inspection,Independent Standard Inspection,04/06/2024,30/06/2024,2,2,1,1,2,Yes,NULL,NULL,Y,All standards Met,Met,Met,Met,Met,Met,Met,Met,Met,NULL,NULL,NULL,NULL,NULL,NULL,
144816,8886073,Olive High,Other Independent School,Independent faith school,07/07/2017,Does not have a sixth form,None,Islam,Muslim,Ofsted,North West,North West,Lancashire,Burnley,BB11 2RY,251,NULL,NULL,NULL,NULL,NULL,NULL,NULL,NULL,NULL,NULL,NULL,NULL,NULL,NULL,10391781,Independent School standard inspection,Independent Standard Inspection,16/09/2025,13/10/2025,1,1,1,1,1,Yes,NULL,NULL,Y,All standards Met,Met,Met,Met,Met,Met,Met,Met,Met,NULL,NULL,NULL,NULL,NULL,NULL,
144818,8816069,Open Box Education Centre,Other Independent School,Other independent school,15/09/2017,Does not have a sixth form,None,None,Non-faith,Ofsted,East of England,East of England,Essex,Epping Forest,CM16 5DN,10,NULL,NULL,NULL,NULL,NULL,NULL,NULL,NULL,NULL,NULL,NULL,NULL,NULL,NULL,10321484,Independent School standard inspection,Independent Standard Inspection,08/10/2024,24/11/2024,2,2,1,2,2,Yes,NULL,NULL,Y,All standards Met,Met,Met,Met,Met,Met,Met,Met,Met,NULL,NULL,NULL,NULL,NULL,NULL,
144856,3446010,Progress Schools - Wirral,Other Independent School,Other independent school,13/09/2017,Does not have a sixth form,None,None,Non-faith,Ofsted,North West,North West,Wirral,Birkenhead,CH41 4EA,15,NULL,NULL,NULL,NULL,NULL,NULL,NULL,NULL,NULL,NULL,NULL,NULL,NULL,NULL,10391782,Independent School standard inspection,Independent Standard Inspection,03/06/2025,10/07/2025,2,2,2,2,2,Yes,NULL,NULL,Y,All standards Met,Met,Met,Met,Met,Met,Met,Met,Met,NULL,NULL,NULL,NULL,NULL,NULL,
145059,3366005,Woodbury School,Other Independent Special School,Independent special school,21/02/2018,Not applicable,None,None,Non-faith,Ofsted,West Midlands,West Midlands,Wolverhampton,Wolverhampton North East,WV10 8ED,36,NULL,NULL,NULL,NULL,NULL,NULL,NULL,NULL,NULL,NULL,NULL,NULL,NULL,NULL,10342130,Independent School standard inspection,Independent Standard Inspection,18/03/2025,06/05/2025,2,2,2,1,2,Yes,NULL,NULL,Y,All standards Met,Met,Met,Met,Met,Met,Met,Met,Met,NULL,NULL,NULL,NULL,NULL,NULL,
145064,8866145,Cherry Tree,Other Independent Special School,Independent special school,05/09/2017,Not applicable,None,None,Non-faith,Ofsted,South East,South East,Kent,Herne Bay and Sandwich,CT9 5QN,10,NULL,NULL,NULL,NULL,NULL,NULL,NULL,NULL,NULL,NULL,NULL,NULL,NULL,NULL,10375008,Independent School standard inspection,Independent Standard Inspection,01/07/2025,07/09/2025,1,1,1,1,1,Yes,NULL,NULL,Y,All standards Met,Met,Met,Met,Met,Met,Met,Met,Met,NULL,NULL,NULL,NULL,NULL,NULL,
145127,8416008,Embleton View,Other Independent Special School,Independent special school,17/11/2017,Not applicable,None,None,Non-faith,Ofsted,"North East, Yorkshire and the Humber",North East,Darlington,Darlington,DL3 8TF,24,NULL,NULL,NULL,NULL,NULL,NULL,NULL,NULL,NULL,NULL,NULL,NULL,NULL,NULL,10254679,Independent School standard inspection,Independent Standard Inspection,21/03/2023,21/05/2023,2,2,2,1,2,Yes,NULL,NULL,N,All standards Met,Met,Met,Met,Met,Met,Met,Met,Met,NULL,NULL,NULL,NULL,NULL,NULL,
145129,8926024,Take 1 Learning Centre,Other Independent School,Other independent school,05/10/2017,Does not have a sixth form,None,None,Non-faith,Ofsted,East Midlands,East Midlands,Nottingham,Nottingham East,NG7 6BE,10,NULL,NULL,NULL,NULL,NULL,NULL,NULL,NULL,NULL,NULL,NULL,NULL,NULL,NULL,10322507,Independent School standard inspection,Independent Standard Inspection,19/11/2024,11/12/2024,2,2,2,2,2,Yes,NULL,NULL,Y,All standards Met,Met,Met,Met,Met,Met,Met,Met,Met,NULL,NULL,NULL,NULL,NULL,NULL,
145159,9266017,Kingsbrook School,Other Independent Special School,Independent special school,09/11/2017,Not applicable,None,None,Non-faith,Ofsted,East of England,East of England,Norfolk,Mid Norfolk,IP25 7TJ,15,NULL,NULL,NULL,NULL,NULL,NULL,NULL,NULL,NULL,NULL,NULL,NULL,NULL,NULL,10321485,Independent School standard inspection,Independent Standard Inspection,08/10/2024,20/11/2024,2,2,1,2,2,Yes,NULL,0,Y,All standards Met,Met,Met,Met,Met,Met,Met,Met,Met,NULL,NULL,NULL,NULL,NULL,NULL,
145164,2126003,Tram House School,Other Independent Special School,Independent special school,25/08/2017,Not applicable,None,None,Non-faith,Ofsted,London,London,Wandsworth,Tooting,SW17 0NY,66,NULL,NULL,NULL,NULL,NULL,NULL,NULL,NULL,NULL,NULL,NULL,NULL,NULL,NULL,10375111,Independent School standard inspection,Independent Standard Inspection,01/07/2025,25/09/2025,1,1,1,1,1,Yes,NULL,1,Y,All standards Met,Met,Met,Met,Met,Met,Met,Met,Met,NULL,NULL,NULL,NULL,NULL,NULL,
145169,9366012,The Beech House School,Other Independent School,Other independent school,23/08/2018,Has a sixth form,None,None,Non-faith,Ofsted,South East,South East,Surrey,Esher and Walton,KT8 2EJ,5,NULL,NULL,NULL,NULL,NULL,NULL,NULL,NULL,NULL,NULL,NULL,NULL,NULL,NULL,10342132,Independent School standard inspection,Independent Standard Inspection,25/03/2025,11/05/2025,2,2,2,2,2,Yes,NULL,NULL,Y,All standards Met,Met,Met,Met,Met,Met,Met,Met,Met,NULL,NULL,NULL,NULL,NULL,NULL,
145170,3546038,Elizabeth House School,Other Independent School,Other independent school,25/10/2017,Has a sixth form,None,None,Non-faith,Ofsted,North West,North West,Rochdale,Blackley and Middleton South,M24 4BD,5,NULL,NULL,NULL,NULL,NULL,NULL,NULL,NULL,NULL,NULL,NULL,NULL,NULL,NULL,10254681,Independent School standard inspection,Independent Standard Inspection,07/03/2023,16/05/2023,2,2,2,2,2,Yes,NULL,NULL,Y,All standards Met,Met,Met,Met,Met,Met,Met,Met,Met,NULL,NULL,NULL,NULL,NULL,NULL,
145181,8786071,On Track Education Barnstaple,Other Independent Special School,Independent special school,13/09/2017,Has a sixth form,None,None,Non-faith,Ofsted,South West,South West,Devon,North Devon,EX31 3UD,55,NULL,NULL,NULL,NULL,NULL,NULL,NULL,NULL,NULL,NULL,NULL,NULL,NULL,NULL,10391783,Independent School standard inspection,Independent Standard Inspection,08/07/2025,08/09/2025,2,2,2,2,2,Yes,NULL,2,Y,All standards Met,Met,Met,Met,Met,Met,Met,Met,Met,NULL,NULL,NULL,NULL,NULL,NULL,
145182,3416011,Birtenshaw School Merseyside,Other Independent Special School,Independent special school,13/12/2017,Not applicable,None,None,Non-faith,Ofsted,North West,North West,Liverpool,Liverpool Walton,L9 7AB,80,NULL,NULL,NULL,NULL,NULL,NULL,NULL,NULL,NULL,NULL,NULL,NULL,NULL,NULL,10267684,Independent School standard inspection,Independent Standard Inspection,04/07/2023,26/09/2023,2,2,2,2,2,Yes,NULL,NULL,Y,All standards Met,Met,Met,Met,Met,Met,Met,Met,Met,NULL,NULL,NULL,NULL,NULL,NULL,
145187,3596002,Progress Schools Wigan,Other Independent School,Other independent school,08/11/2017,Does not have a sixth form,None,None,Non-faith,Ofsted,North West,North West,Wigan,Wigan,WN1 1RU,9,NULL,NULL,NULL,NULL,NULL,NULL,NULL,NULL,NULL,NULL,NULL,NULL,NULL,NULL,10286454,Independent School standard inspection,Independent Standard Inspection,27/02/2024,25/04/2024,3,3,2,2,3,Yes,NULL,NULL,Y,All standards Met,Met,Met,Met,Met,Met,Met,Met,Met,NULL,NULL,NULL,NULL,NULL,NULL,
145192,3116002,Bep Academy,Other Independent School,Other independent school,20/11/2017,Does not have a sixth form,None,None,Non-faith,Ofsted,London,London,Havering,Romford,RM1 3LP,29,NULL,NULL,NULL,NULL,NULL,NULL,NULL,NULL,NULL,NULL,NULL,NULL,NULL,NULL,10254682,Independent School standard inspection,Independent Standard Inspection,22/02/2023,26/04/2023,2,2,2,2,2,Yes,NULL,NULL,Y,All standards Met,Met,Met,Met,Met,Met,Met,Met,Met,NULL,NULL,NULL,NULL,NULL,NULL,
145231,8876011,City of Rochester School,Other Independent Special School,Independent special school,12/02/2018,Not applicable,None,None,Non-faith,Ofsted,South East,South East,Medway,Rochester and Strood,ME3 8UJ,64,NULL,NULL,NULL,NULL,NULL,NULL,NULL,NULL,NULL,NULL,NULL,NULL,NULL,NULL,10322071,Independent School standard inspection,Independent Standard Inspection,02/07/2024,04/09/2024,2,2,1,1,2,Yes,NULL,2,Y,All standards Met,Met,Met,Met,Met,Met,Met,Met,Met,NULL,NULL,NULL,NULL,NULL,NULL,
145239,3926001,Brenkley School,Other Independent Special School,Independent special school,23/11/2017,Not applicable,None,None,Non-faith,Ofsted,"North East, Yorkshire and the Humber",North East,North Tyneside,Cramlington and Killingworth,NE13 6DS,32,NULL,NULL,NULL,NULL,NULL,NULL,NULL,NULL,NULL,NULL,NULL,NULL,NULL,NULL,10342133,Independent School standard inspection,Independent Standard Inspection,08/04/2025,20/05/2025,2,2,1,2,2,Yes,NULL,NULL,Y,All standards Met,Met,Met,Met,Met,Met,Met,Met,Met,NULL,NULL,NULL,NULL,NULL,NULL,
145241,8156044,Fenton Grange School,Other Independent Special School,Independent special school,03/08/2018,Not applicable,None,None,Non-faith,Ofsted,"North East, Yorkshire and the Humber",Yorkshire and the Humber,North Yorkshire,Hertsmere,EN6 1AG,9,NULL,NULL,NULL,NULL,NULL,NULL,NULL,NULL,NULL,NULL,NULL,NULL,NULL,NULL,10286455,Independent School standard inspection,Independent Standard Inspection,28/11/2023,21/01/2024,2,2,1,1,2,Yes,NULL,NULL,Y,All standards Met,Met,Met,Met,Met,Met,Met,Met,Met,NULL,NULL,NULL,NULL,NULL,NULL,
145242,8886075,Linton School,Other Independent Special School,Independent special school,21/03/2018,Not applicable,None,None,Non-faith,Ofsted,North West,North West,Lancashire,Fylde,PR4 1HX,12,NULL,NULL,NULL,NULL,NULL,NULL,NULL,NULL,NULL,NULL,NULL,NULL,NULL,NULL,10322508,Independent School standard inspection,Independent Standard Inspection,18/06/2024,18/07/2024,1,1,1,1,1,Yes,NULL,NULL,Y,All standards Met,Met,Met,Met,Met,Met,Met,Met,Met,NULL,NULL,NULL,NULL,NULL,NULL,
145289,3596003,Expanse Learning Wigan School,Other Independent Special School,Independent special school,19/09/2018,Not applicable,None,None,Non-faith,Ofsted,North West,North West,Wigan,Makerfield,WN3 5XF,73,NULL,NULL,NULL,NULL,NULL,NULL,NULL,NULL,NULL,NULL,NULL,NULL,NULL,NULL,10375140,Independent School standard inspection,Independent Standard Inspection,10/06/2025,13/07/2025,2,2,1,1,2,Yes,NULL,NULL,Y,All standards Met,Met,Met,Met,Met,Met,Met,Met,Met,NULL,NULL,NULL,NULL,NULL,NULL,
145293,9336008,The Orchard School,Other Independent Special School,Independent special school,30/11/2017,Not applicable,None,None,Non-faith,Ofsted,South West,South West,Somerset,Hertsmere,EN6 1AG,4,NULL,NULL,NULL,NULL,NULL,NULL,NULL,NULL,NULL,NULL,NULL,NULL,NULL,NULL,10254684,Independent School standard inspection,Independent Standard Inspection,24/01/2023,27/07/2023,2,2,2,2,2,Yes,NULL,NULL,Y,All standards Met,Met,Met,Met,Met,Met,Met,Met,Met,NULL,NULL,NULL,NULL,NULL,NULL,
145295,3096006,Unique Children's School,Other Independent School,Other independent school,03/08/2018,Has a sixth form,None,None,Non-faith,Ofsted,London,London,Haringey,Hornsey and Friern Barnet,N10 2PS,2,NULL,NULL,NULL,NULL,NULL,NULL,NULL,NULL,NULL,NULL,NULL,NULL,NULL,NULL,10299237,Independent School standard inspection,Independent Standard Inspection,05/03/2024,07/05/2024,2,2,2,2,2,Yes,NULL,NULL,Y,All standards Met,Met,Met,Met,Met,Met,Met,Met,Met,NULL,NULL,NULL,NULL,NULL,NULL,
145296,8886079,Rosa House School,Other Independent School,Other independent school,22/05/2018,Has a sixth form,None,None,Non-faith,Ofsted,North West,North West,Lancashire,Burnley,BB10 3RB,4,NULL,NULL,NULL,NULL,NULL,NULL,NULL,NULL,NULL,NULL,NULL,NULL,NULL,NULL,10342134,Independent School standard inspection,Independent Standard Inspection,21/01/2025,02/03/2025,2,2,2,2,2,Yes,NULL,NULL,Y,All standards Met,Met,Met,Met,Met,Met,Met,Met,Met,NULL,NULL,NULL,NULL,NULL,NULL,
145298,8256048,Eton Dorney Independent Therapeutic School,Other Independent Special School,Independent special school,16/01/2018,Not applicable,None,None,Non-faith,Ofsted,South East,South East,Buckinghamshire,Beaconsfield,SL4 6QS,39,NULL,NULL,NULL,NULL,NULL,NULL,NULL,NULL,NULL,NULL,NULL,NULL,NULL,NULL,10299238,Independent School standard inspection,Independent Standard Inspection,05/03/2024,29/04/2024,3,3,2,2,3,Yes,NULL,NULL,Y,All standards Met,Met,Met,Met,Met,Met,Met,Met,Met,NULL,NULL,NULL,NULL,NULL,NULL,
145308,9336009,Park House School,Other Independent Special School,Independent special school,21/02/2018,Not applicable,None,None,Non-faith,Ofsted,South West,South West,Somerset,Taunton and Wellington,TA2 7AX,24,10427383,Independent School standard inspection,Independent standard inspection,03/02/2026,19/04/2026,Met,Exceptional,Expected standard,Strong standard,Exceptional,Strong standard,Not applicable,Not applicable,Strong standard,10254685,Independent School standard inspection,Independent Standard Inspection,01/03/2023,02/05/2023,2,2,1,1,2,Yes,NULL,NULL,Y,All standards Met,Met,Met,Met,Met,Met,Met,Met,Met,NULL,NULL,NULL,NULL,NULL,NULL,
145416,8716004,Al-Madani Independent Grammar School,Other Independent School,Independent faith school,15/06/2018,Does not have a sixth form,None,Islam,Muslim,Ofsted,South East,South East,Slough,Slough,SL1 6FE,82,NULL,NULL,NULL,NULL,NULL,NULL,NULL,NULL,NULL,NULL,NULL,NULL,NULL,NULL,10267685,Independent School standard inspection,Independent Standard Inspection,14/11/2023,18/01/2024,2,2,1,2,2,Yes,NULL,NULL,Y,All standards Met,Met,Met,Met,Met,Met,Met,Met,Met,NULL,NULL,NULL,NULL,NULL,NULL,
145417,3306036,New Ways School,Other Independent School,Other independent school,15/08/2018,Has a sixth form,None,None,Non-faith,Ofsted,West Midlands,West Midlands,Birmingham,Birmingham Northfield,B38 9EL,38,NULL,NULL,NULL,NULL,NULL,NULL,NULL,NULL,NULL,NULL,NULL,NULL,NULL,NULL,10254686,Independent School standard inspection,Independent Standard Inspection,07/03/2023,15/05/2023,1,1,1,1,1,Yes,NULL,0,Y,All standards Met,Met,Met,Met,Met,Met,Met,Met,Met,NULL,NULL,NULL,NULL,NULL,NULL,
145462,8136006,Act Fast NL Ltd,Other Independent Special School,Independent special school,17/10/2018,Not applicable,None,None,Non-faith,Ofsted,"North East, Yorkshire and the Humber",Yorkshire and the Humber,North Lincolnshire,Scunthorpe,DN17 3PS,31,NULL,NULL,NULL,NULL,NULL,NULL,NULL,NULL,NULL,NULL,NULL,NULL,NULL,NULL,10299239,Independent School standard inspection,Independent Standard Inspection,20/02/2024,24/03/2024,2,2,2,2,2,Yes,NULL,NULL,Y,All standards Met,Met,Met,Met,Met,Met,Met,Met,Met,NULL,NULL,NULL,NULL,NULL,NULL,
145463,3416013,ES Independent School,Other Independent School,Other independent school,11/05/2018,Has a sixth form,None,None,Non-faith,Ofsted,North West,North West,Liverpool,Liverpool Garston,L19 2LX,34,NULL,NULL,NULL,NULL,NULL,NULL,NULL,NULL,NULL,NULL,NULL,NULL,NULL,NULL,10267686,Independent School standard inspection,Independent Standard Inspection,06/06/2023,24/07/2023,2,2,2,2,2,Yes,NULL,NULL,Y,All standards Met,Met,Met,Met,Met,Met,Met,Met,Met,NULL,NULL,NULL,NULL,NULL,NULL,
145465,9436009,Moorfield Learning Centre,Other Independent School,Other independent school,16/05/2018,Has a sixth form,None,None,Non-faith,Ofsted,North West,North West,Westmorland and Furness,Barrow and Furness,LA13 9RS,12,NULL,NULL,NULL,NULL,NULL,NULL,NULL,NULL,NULL,NULL,NULL,NULL,NULL,NULL,10342135,Independent School standard inspection,Independent Standard Inspection,25/03/2025,15/05/2025,2,2,1,2,2,Yes,NULL,NULL,N,All standards Met,Met,Met,Met,Met,Met,Met,Met,Met,NULL,NULL,NULL,NULL,NULL,NULL,
145468,8936034,The Mews,Other Independent Special School,Independent special school,15/05/2018,Not applicable,None,None,Non-faith,Ofsted,West Midlands,West Midlands,Shropshire,Hertsmere,EN6 1AG,11,NULL,NULL,NULL,NULL,NULL,NULL,NULL,NULL,NULL,NULL,NULL,NULL,NULL,NULL,10254687,Independent School standard inspection,Independent Standard Inspection,07/02/2023,22/03/2023,2,2,2,1,2,Yes,NULL,0,Y,All standards Met,Met,Met,Met,Met,Met,Met,Met,Met,NULL,NULL,NULL,NULL,NULL,NULL,
145470,9376015,Brickyard Barn Outdoor Learning Centre,Other Independent Special School,Independent special school,23/03/2018,Has a sixth form,None,None,Non-faith,Ofsted,West Midlands,West Midlands,Warwickshire,Warwick and Leamington,CV33 9QD,26,NULL,NULL,NULL,NULL,NULL,NULL,NULL,NULL,NULL,NULL,NULL,NULL,NULL,NULL,10254688,Independent School standard inspection,Independent Standard Inspection,31/01/2023,21/03/2023,1,1,1,1,1,Yes,NULL,NULL,Y,All standards Met,Met,Met,Met,Met,Met,Met,Met,Met,NULL,NULL,NULL,NULL,NULL,NULL,
145479,8506094,The Green Room School Kingsley,Other Independent Special School,Independent special school,28/03/2018,Not applicable,None,None,Non-faith,Ofsted,South East,South East,Hampshire,East Hampshire,GU35 9LU,39,NULL,NULL,NULL,NULL,NULL,NULL,NULL,NULL,NULL,NULL,NULL,NULL,NULL,NULL,10267687,Independent School standard inspection,Independent Standard Inspection,14/11/2023,15/01/2024,1,1,1,1,1,Yes,NULL,NULL,Y,All standards Met,Met,Met,Met,Met,Met,Met,Met,Met,NULL,NULL,NULL,NULL,NULL,NULL,
145499,3806015,Eden Springs Girls Secondary,Other Independent School,Independent faith school,18/06/2019,Has a sixth form,None,Islam,Muslim,Ofsted,"North East, Yorkshire and the Humber",Yorkshire and the Humber,Bradford,Bradford East,BD5 7PE,114,NULL,NULL,NULL,NULL,NULL,NULL,NULL,NULL,NULL,NULL,NULL,NULL,NULL,NULL,10299240,Independent School standard inspection,Independent Standard Inspection,06/02/2024,19/03/2024,2,2,1,1,2,Yes,NULL,2,Y,All standards Met,Met,Met,Met,Met,Met,Met,Met,Met,NULL,NULL,NULL,NULL,NULL,NULL,
145510,3116003,The Bridge,Other Independent Special School,Independent special school,21/08/2018,Not applicable,None,None,Non-faith,Ofsted,London,London,Havering,Romford,RM1 2RR,29,NULL,NULL,NULL,NULL,NULL,NULL,NULL,NULL,NULL,NULL,NULL,NULL,NULL,NULL,10286457,Independent School standard inspection,Independent Standard Inspection,14/11/2023,24/01/2024,2,2,1,1,2,Yes,NULL,NULL,Y,All standards Met,Met,Met,Met,Met,Met,Met,Met,Met,NULL,NULL,NULL,NULL,NULL,NULL,
145546,8916038,Pollyteach Limited,Other Independent Special School,Independent special school,07/06/2018,Not applicable,None,None,Non-faith,Ofsted,East Midlands,East Midlands,Nottinghamshire,Ashfield,NG18 4TJ,12,NULL,NULL,NULL,NULL,NULL,NULL,NULL,NULL,NULL,NULL,NULL,NULL,NULL,NULL,10267688,Independent School standard inspection,Independent Standard Inspection,20/06/2023,30/07/2023,2,2,2,1,2,Yes,NULL,NULL,Y,All standards Met,Met,Met,Met,Met,Met,Met,Met,Met,NULL,NULL,NULL,NULL,NULL,NULL,
145549,8786072,Tor View School,Other Independent Special School,Independent special school,17/10/2018,Not applicable,None,None,Non-faith,Ofsted,South West,South West,Devon,Torridge and Tavistock,PL19 0JN,27,NULL,NULL,NULL,NULL,NULL,NULL,NULL,NULL,NULL,NULL,NULL,NULL,NULL,NULL,10286458,Independent School standard inspection,Independent Standard Inspection,27/02/2024,27/03/2024,2,2,1,1,1,Yes,NULL,NULL,Y,All standards Met,Met,Met,Met,Met,Met,Met,Met,Met,NULL,NULL,NULL,NULL,NULL,NULL,
145572,8306046,Jasmine House School,Other Independent Special School,Independent special school,30/07/2018,Not applicable,None,None,Non-faith,Ofsted,East Midlands,East Midlands,Derbyshire,Amber Valley,DE75 7DT,10,NULL,NULL,NULL,NULL,NULL,NULL,NULL,NULL,NULL,NULL,NULL,NULL,NULL,NULL,10254691,Independent School standard inspection,Independent Standard Inspection,24/10/2023,30/11/2023,2,2,1,2,2,Yes,NULL,NULL,Y,All standards Met,Met,Met,Met,Met,Met,Met,Met,Met,NULL,NULL,NULL,NULL,NULL,NULL,
145574,8866149,Cross Keys Learning,Other Independent Special School,Independent special school,23/08/2018,Not applicable,None,None,Non-faith,Ofsted,South East,South East,Kent,East Thanet,CT10 3JJ,32,NULL,NULL,NULL,NULL,NULL,NULL,NULL,NULL,NULL,NULL,NULL,NULL,NULL,NULL,10299241,Independent School standard inspection,Independent Standard Inspection,16/04/2024,14/05/2024,2,2,2,2,2,Yes,NULL,NULL,Y,All standards Met,Met,Met,Met,Met,Met,Met,Met,Met,NULL,NULL,NULL,NULL,NULL,NULL,
145849,3046007,The Corner School,Other Independent Special School,Independent special school,13/07/2018,Not applicable,None,None,Non-faith,Ofsted,London,London,Brent,Brent West,HA0 4DT,15,NULL,NULL,NULL,NULL,NULL,NULL,NULL,NULL,NULL,NULL,NULL,NULL,NULL,NULL,10342137,Independent School standard inspection,Independent Standard Inspection,03/12/2024,27/01/2025,2,2,2,2,2,Yes,NULL,NULL,Y,All standards Met,Met,Met,Met,Met,Met,Met,Met,Met,NULL,NULL,NULL,NULL,NULL,NULL,
145859,3306041,Oakbridge School,Other Independent Special School,Independent special school,19/09/2018,Not applicable,None,None,Non-faith,Ofsted,West Midlands,West Midlands,Birmingham,Birmingham Perry Barr,B20 2HL,70,10427387,Independent School standard inspection,Independent standard inspection,27/01/2026,23/03/2026,Met,Expected standard,Expected standard,Expected standard,Expected standard,Expected standard,Not applicable,Not applicable,Expected standard,10254692,Independent School standard inspection,Independent Standard Inspection,17/01/2023,09/03/2023,2,2,1,2,2,Yes,NULL,NULL,Y,All standards Met,Met,Met,Met,Met,Met,Met,Met,Met,NULL,NULL,NULL,NULL,NULL,NULL,
145946,3026016,Shiras Devorah High School,Other Independent School,Independent faith school,13/09/2018,Has a sixth form,None,Orthodox Jewish,Jewish,Ofsted,London,London,Barnet,Finchley and Golders Green,NW11 7HB,74,NULL,NULL,NULL,NULL,NULL,NULL,NULL,NULL,NULL,NULL,NULL,NULL,NULL,NULL,10322596,Independent School standard inspection,Independent Standard Inspection,24/09/2024,13/11/2024,3,3,1,3,3,Yes,NULL,NULL,Y,Did not meet all standards,Not met,Not met,Met,Met,Met,Met,Met,Not met,NULL,NULL,NULL,NULL,NULL,NULL,
145949,8916039,APTCOO - A Place to Call Our Own,Other Independent Special School,Independent special school,13/09/2018,Not applicable,None,None,Non-faith,Ofsted,East Midlands,East Midlands,Nottinghamshire,Sherwood Forest,NG22 9EX,17,NULL,NULL,NULL,NULL,NULL,NULL,NULL,NULL,NULL,NULL,NULL,NULL,NULL,NULL,10374823,Independent School standard inspection,Independent Standard Inspection,08/07/2025,09/09/2025,2,2,2,2,2,Yes,NULL,NULL,Y,All standards Met,Met,Met,Met,Met,Met,Met,Met,Met,NULL,NULL,NULL,NULL,NULL,NULL,
145950,8616017,Intuition Holistic Education,Other Independent Special School,Independent special school,21/11/2018,Not applicable,None,None,Non-faith,Ofsted,West Midlands,West Midlands,Stoke-on-Trent,Stoke-on-Trent South,ST3 4JD,9,NULL,NULL,NULL,NULL,NULL,NULL,NULL,NULL,NULL,NULL,NULL,NULL,NULL,NULL,10391785,Independent School standard inspection,Independent Standard Inspection,09/09/2025,08/10/2025,3,3,2,2,3,Yes,NULL,NULL,Y,Did not meet all standards,Not met,Met,Met,Met,Met,Met,Met,Not met,NULL,NULL,NULL,NULL,NULL,NULL,
145960,9266018,The Stables Independent School,Other Independent Special School,Independent special school,14/08/2018,Not applicable,None,None,Non-faith,Ofsted,East of England,East of England,Norfolk,North Norfolk,NR12 9EU,20,NULL,NULL,NULL,NULL,NULL,NULL,NULL,NULL,NULL,NULL,NULL,NULL,NULL,NULL,10321486,Independent School standard inspection,Independent Standard Inspection,30/04/2024,17/06/2024,2,2,1,1,2,Yes,NULL,NULL,Y,All standards Met,Met,Met,Met,Met,Met,Met,Met,Met,NULL,NULL,NULL,NULL,NULL,NULL,
145962,9196009,Elysium Healthcare Potters Bar Clinic School,Other Independent Special School,Independent special school,17/07/2018,Not applicable,None,None,Non-faith,Ofsted,East of England,East of England,Hertfordshire,Hertsmere,EN6 2SE,16,NULL,NULL,NULL,NULL,NULL,NULL,NULL,NULL,NULL,NULL,NULL,NULL,NULL,NULL,10299242,Independent School standard inspection,Independent Standard Inspection,13/02/2024,18/03/2024,2,2,2,1,2,Yes,NULL,2,Y,All standards Met,Met,Met,Met,Met,Met,Met,Met,Met,NULL,NULL,NULL,NULL,NULL,NULL,
146030,8886115,The Nook School,Other Independent Special School,Independent special school,27/02/2019,Has a sixth form,None,None,Non-faith,Ofsted,North West,North West,Lancashire,Pendle and Clitheroe,BB8 8HH,7,NULL,NULL,NULL,NULL,NULL,NULL,NULL,NULL,NULL,NULL,NULL,NULL,NULL,NULL,10299244,Independent School standard inspection,Independent Standard Inspection,30/01/2024,13/03/2024,2,2,2,1,2,Yes,NULL,NULL,Y,All standards Met,Met,Met,Met,Met,Met,Met,Met,Met,NULL,NULL,NULL,NULL,NULL,NULL,
146036,8466026,Brighton and Hove Clinic School,Other Independent Special School,Independent special school,26/09/2018,Not applicable,None,None,Non-faith,Ofsted,South East,South East,Brighton and Hove,Hove and Portslade,BN3 4FH,16,NULL,NULL,NULL,NULL,NULL,NULL,NULL,NULL,NULL,NULL,NULL,NULL,NULL,NULL,10322072,Independent School standard inspection,Independent Standard Inspection,14/05/2024,18/06/2024,1,1,1,1,1,Yes,NULL,NULL,Y,All standards Met,Met,Met,Met,Met,Met,Met,Met,Met,NULL,NULL,NULL,NULL,NULL,NULL,
146078,8606048,Castle Hill School,Other Independent Special School,Independent special school,10/12/2018,Does not have a sixth form,None,None,Non-faith,Ofsted,West Midlands,West Midlands,Staffordshire,Newcastle-under-Lyme,ST7 8DH,14,NULL,NULL,NULL,NULL,NULL,NULL,NULL,NULL,NULL,NULL,NULL,NULL,NULL,NULL,10310192,Independent School standard inspection,Independent Standard Inspection,05/03/2024,18/04/2024,3,3,2,2,3,Yes,NULL,NULL,Y,All standards Met,Met,Met,Met,Met,Met,Met,Met,Met,NULL,NULL,NULL,NULL,NULL,NULL,
146164,8946011,The Seeds School,Other Independent Special School,Independent special school,17/01/2019,Does not have a sixth form,None,None,Non-faith,Ofsted,West Midlands,West Midlands,Telford and Wrekin,Telford,TF4 3EE,36,NULL,NULL,NULL,NULL,NULL,NULL,NULL,NULL,NULL,NULL,NULL,NULL,NULL,NULL,10284435,Independent School standard inspection,Independent Standard Inspection,12/09/2023,05/10/2023,2,2,2,2,2,Yes,NULL,NULL,Y,All standards Met,Met,Met,Met,Met,Met,Met,Met,Met,NULL,NULL,NULL,NULL,NULL,NULL,
146166,8656051,The Spires,Other Independent Special School,Independent special school,07/11/2018,Not applicable,None,None,Non-faith,Ofsted,South West,South West,Wiltshire,Salisbury,SP1 3YA,33,NULL,NULL,NULL,NULL,NULL,NULL,NULL,NULL,NULL,NULL,NULL,NULL,NULL,NULL,10286460,Independent School standard inspection,Independent Standard Inspection,06/02/2024,14/03/2024,2,2,2,1,2,Yes,NULL,NULL,Y,All standards Met,Met,Met,Met,Met,Met,Met,Met,Met,NULL,NULL,NULL,NULL,NULL,NULL,
146200,8786075,The Outdoors School,Other Independent Special School,Independent special school,02/07/2019,Not applicable,None,None,Non-faith,Ofsted,South West,South West,Devon,Central Devon,EX2 9QQ,85,NULL,NULL,NULL,NULL,NULL,NULL,NULL,NULL,NULL,NULL,NULL,NULL,NULL,NULL,10391786,Independent School standard inspection,Independent Standard Inspection,08/07/2025,09/09/2025,2,2,2,2,2,Yes,NULL,NULL,Y,All standards Met,Met,Met,Met,Met,Met,Met,Met,Met,NULL,NULL,NULL,NULL,NULL,NULL,
146277,2096005,The Young Women's Hub,Other Independent Special School,Independent special school,20/12/2018,Not applicable,None,None,Non-faith,Ofsted,London,London,Lewisham,Lewisham East,SE6 1AU,12,NULL,NULL,NULL,NULL,NULL,NULL,NULL,NULL,NULL,NULL,NULL,NULL,NULL,NULL,10375112,Independent School standard inspection,Independent Standard Inspection,08/07/2025,09/09/2025,2,2,1,1,2,Yes,NULL,NULL,Y,All standards Met,Met,Met,Met,Met,Met,Met,Met,Met,NULL,NULL,NULL,NULL,NULL,NULL,
146332,9356013,New Skill Centre,Other Independent Special School,Independent special school,08/04/2019,Not applicable,None,None,Non-faith,Ofsted,East of England,East of England,Suffolk,Ipswich,IP3 9QR,60,NULL,NULL,NULL,NULL,NULL,NULL,NULL,NULL,NULL,NULL,NULL,NULL,NULL,NULL,10342138,Independent School standard inspection,Independent Standard Inspection,24/06/2025,08/09/2025,2,2,2,2,2,Yes,NULL,2,Y,All standards Met,Met,Met,Met,Met,Met,Met,Met,Met,NULL,NULL,NULL,NULL,NULL,NULL,
146333,8116018,Sycamore House School,Other Independent Special School,Independent special school,08/01/2019,Not applicable,None,None,Non-faith,Ofsted,"North East, Yorkshire and the Humber",Yorkshire and the Humber,East Riding of Yorkshire,Beverley and Holderness,HU19 2NT,2,NULL,NULL,NULL,NULL,NULL,NULL,NULL,NULL,NULL,NULL,NULL,NULL,NULL,NULL,10299245,Independent School standard inspection,Independent Standard Inspection,28/02/2024,30/04/2024,2,2,2,2,2,Yes,NULL,NULL,Y,All standards Met,Met,Met,Met,Met,Met,Met,Met,Met,NULL,NULL,NULL,NULL,NULL,NULL,
146335,9336010,Compton Dundon School,Other Independent Special School,Independent special school,14/11/2018,Not applicable,None,None,Non-faith,Ofsted,South West,South West,Somerset,Glastonbury and Somerton,TA11 6TE,17,NULL,NULL,NULL,NULL,NULL,NULL,NULL,NULL,NULL,NULL,NULL,NULL,NULL,NULL,10299246,Independent School standard inspection,Independent Standard Inspection,21/05/2024,25/06/2024,2,2,1,2,2,Yes,NULL,NULL,Y,All standards Met,Met,Met,Met,Met,Met,Met,Met,Met,NULL,NULL,NULL,NULL,NULL,NULL,
146350,8946012,Aspris Telford School,Other Independent Special School,Independent special school,08/05/2019,Not applicable,None,None,Non-faith,Ofsted,West Midlands,West Midlands,Telford and Wrekin,Telford,TF8 7DT,11,NULL,NULL,NULL,NULL,NULL,NULL,NULL,NULL,NULL,NULL,NULL,NULL,NULL,NULL,10391788,Independent School standard inspection,Independent Standard Inspection,24/06/2025,27/07/2025,2,2,2,2,2,Yes,NULL,NULL,Y,All standards Met,Met,Met,Met,Met,Met,Met,Met,Met,NULL,NULL,NULL,NULL,NULL,NULL,
146360,8556043,Dovetree School,Other Independent Special School,Independent special school,18/12/2018,Not applicable,Unknown,None,Non-faith,Ofsted,East Midlands,East Midlands,Leicestershire,Hinckley and Bosworth,LE10 0TB,49,NULL,NULL,NULL,NULL,NULL,NULL,NULL,NULL,NULL,NULL,NULL,NULL,NULL,NULL,10286464,Independent School standard inspection,Independent Standard Inspection,13/12/2023,30/01/2024,2,2,1,1,2,Yes,NULL,NULL,Y,All standards Met,Met,Met,Met,Met,Met,Met,Met,Met,NULL,NULL,NULL,NULL,NULL,NULL,
146525,3906010,Keser Girls School,Other Independent School,Independent faith school,28/06/2019,Does not have a sixth form,Unknown,Jewish,Jewish,Ofsted,"North East, Yorkshire and the Humber",North East,Gateshead,Gateshead Central and Whickham,NE8 1NR,364,NULL,NULL,NULL,NULL,NULL,NULL,NULL,NULL,NULL,NULL,NULL,NULL,NULL,NULL,10342140,Independent School standard inspection,Independent Standard Inspection,07/05/2025,07/09/2025,2,2,2,2,2,Yes,NULL,NULL,Y,All standards Met,Met,Met,Met,Met,Met,Met,Met,Met,NULL,NULL,NULL,NULL,NULL,NULL,
146553,2026005,LSI Independent College,Other Independent School,Other independent school,19/08/2019,Has a sixth form,None,None,Non-faith,Ofsted,London,London,Camden,Hampstead and Highgate,NW3 5QA,26,NULL,NULL,NULL,NULL,NULL,NULL,NULL,NULL,NULL,NULL,NULL,NULL,NULL,NULL,10322597,Independent School standard inspection,Independent Standard Inspection,14/05/2024,25/06/2024,2,2,1,2,2,Yes,NULL,2,Y,All standards Met,Met,Met,Met,Met,Met,Met,Met,Met,NULL,NULL,NULL,NULL,NULL,NULL,
146563,3356044,West Midlands Education and Skills,Other Independent Special School,Independent special school,03/07/2019,Not applicable,Unknown,None,Non-faith,Ofsted,West Midlands,West Midlands,Walsall,Walsall and Bloxwich,WS2 8HN,35,NULL,NULL,NULL,NULL,NULL,NULL,NULL,NULL,NULL,NULL,NULL,NULL,NULL,NULL,10342141,Independent School standard inspection,Independent Standard Inspection,25/02/2025,30/03/2025,2,2,2,2,2,Yes,NULL,2,Y,All standards Met,Met,Met,Met,Met,Met,Met,Met,Met,NULL,NULL,NULL,NULL,NULL,NULL,
146569,8886128,Turning Point Academy,Other Independent School,Other independent school,22/01/2019,Does not have a sixth form,Unknown,None,Non-faith,Ofsted,North West,North West,Lancashire,West Lancashire,L39 1PX,63,NULL,NULL,NULL,NULL,NULL,NULL,NULL,NULL,NULL,NULL,NULL,NULL,NULL,NULL,10307720,Independent School standard inspection,Independent Standard Inspection,20/02/2024,26/03/2024,2,2,1,1,2,Yes,NULL,NULL,Y,All standards Met,Met,Met,Met,Met,Met,Met,Met,Met,NULL,NULL,NULL,NULL,NULL,NULL,
146571,3726000,Abbeywood School,Other Independent Special School,Independent special school,20/02/2019,Not applicable,Unknown,None,Non-faith,Ofsted,"North East, Yorkshire and the Humber",Yorkshire and the Humber,Rotherham,Rother Valley,S66 8QN,91,NULL,NULL,NULL,NULL,NULL,NULL,NULL,NULL,NULL,NULL,NULL,NULL,NULL,NULL,10286466,Independent School standard inspection,Independent Standard Inspection,14/11/2023,20/12/2023,2,2,1,1,2,Yes,NULL,NULL,Y,All standards Met,Met,Met,Met,Met,Met,Met,Met,Met,NULL,NULL,NULL,NULL,NULL,NULL,
146633,3836009,Southway Independent School,Other Independent School,Other independent school,11/03/2019,Does not have a sixth form,Unknown,None,Non-faith,Ofsted,"North East, Yorkshire and the Humber",Yorkshire and the Humber,Leeds,Leeds South,LS10 3JA,79,NULL,NULL,NULL,NULL,NULL,NULL,NULL,NULL,NULL,NULL,NULL,NULL,NULL,NULL,10374861,Independent School standard inspection,Independent Standard Inspection,08/07/2025,11/09/2025,2,2,2,1,2,Yes,NULL,NULL,Y,All standards Met,Met,Met,Met,Met,Met,Met,Met,Met,NULL,NULL,NULL,NULL,NULL,NULL,
146646,3536004,SMS Changing Lives School,Other Independent Special School,Independent special school,09/07/2019,Does not have a sixth form,Unknown,None,Non-faith,Ofsted,North West,North West,Oldham,"Oldham West, Chadderton and Royton",OL9 9XA,40,NULL,NULL,NULL,NULL,NULL,NULL,NULL,NULL,NULL,NULL,NULL,NULL,NULL,NULL,10391789,Independent School standard inspection,Independent Standard Inspection,10/06/2025,15/07/2025,3,3,2,2,3,Yes,NULL,NULL,Y,All standards Met,Met,Met,Met,Met,Met,Met,Met,Met,NULL,NULL,NULL,NULL,NULL,NULL,
146660,9366058,Serenity School,Other Independent Special School,Independent special school,21/12/2018,Not applicable,Unknown,None,Non-faith,Ofsted,South East,South East,Surrey,Reigate,CR5 3QG,91,NULL,NULL,NULL,NULL,NULL,NULL,NULL,NULL,NULL,NULL,NULL,NULL,NULL,NULL,10267691,Independent School standard inspection,Independent Standard Inspection,17/05/2023,04/07/2023,1,1,1,1,1,Yes,NULL,1,Y,All standards Met,Met,Met,Met,Met,Met,Met,Met,Met,NULL,NULL,NULL,NULL,NULL,NULL,
146671,9166025,Belong School Gloucestershire,Other Independent Special School,Independent special school,22/01/2019,Not applicable,Unknown,None,Non-faith,Ofsted,South West,South West,Gloucestershire,Stroud,GL2 7BP,35,NULL,NULL,NULL,NULL,NULL,NULL,NULL,NULL,NULL,NULL,NULL,NULL,NULL,NULL,10267692,Independent School standard inspection,Independent Standard Inspection,06/06/2023,18/07/2023,2,2,2,2,2,Yes,NULL,NULL,N,All standards Met,Met,Met,Met,Met,Met,Met,Met,Met,NULL,NULL,NULL,NULL,NULL,NULL,
146729,2126004,Al Risalah Boys' School,Other Independent School,Independent faith school,08/05/2019,Does not have a sixth form,Islam,Muslim,Muslim,Ofsted,London,London,Wandsworth,Tooting,SW17 7TJ,109,NULL,NULL,NULL,NULL,NULL,NULL,NULL,NULL,NULL,NULL,NULL,NULL,NULL,NULL,10283778,Independent School standard inspection,Independent Standard Inspection,11/07/2023,25/09/2023,2,2,2,2,2,Yes,NULL,NULL,Y,All standards Met,Met,Met,Met,Met,Met,Met,Met,Met,NULL,NULL,NULL,NULL,NULL,NULL,
146733,8086005,Hartwell School,Other Independent Special School,Independent special school,17/04/2019,Not applicable,Unknown,None,Non-faith,Ofsted,"North East, Yorkshire and the Humber",North East,Stockton-on-Tees,Stockton North,TS18 3TN,82,NULL,NULL,NULL,NULL,NULL,NULL,NULL,NULL,NULL,NULL,NULL,NULL,NULL,NULL,10374862,Independent School standard inspection,Independent Standard Inspection,10/06/2025,03/07/2025,2,2,2,2,2,Yes,NULL,NULL,Y,All standards Met,Met,Met,Met,Met,Met,Met,Met,Met,NULL,NULL,NULL,NULL,NULL,NULL,
146736,8876153,Alchemy School,Other Independent Special School,Independent special school,04/02/2019,Has a sixth form,None,None,Non-faith,Ofsted,South East,South East,Medway,Gillingham and Rainham,ME7 4LT,73,NULL,NULL,NULL,NULL,NULL,NULL,NULL,NULL,NULL,NULL,NULL,NULL,NULL,NULL,10275964,Independent School standard inspection,Independent Standard Inspection,21/02/2023,26/04/2023,2,2,2,2,2,Yes,NULL,0,Y,All standards Met,Met,Met,Met,Met,Met,Met,Met,Met,NULL,NULL,NULL,NULL,NULL,NULL,
146748,2046018,Yesodey Hatorah Girls School,Other Independent School,Independent faith school,01/09/2019,Does not have a sixth form,Unknown,Orthodox Jewish,Jewish,Ofsted,London,London,Hackney,Hackney North and Stoke Newington,N16 5LG,476,NULL,NULL,NULL,NULL,NULL,NULL,NULL,NULL,NULL,NULL,NULL,NULL,NULL,NULL,10322598,Independent School standard inspection,Independent Standard Inspection,10/06/2025,13/07/2025,2,2,1,1,2,Yes,2,NULL,Y,All standards Met,Met,Met,Met,Met,Met,Met,Met,Met,NULL,NULL,NULL,NULL,NULL,NULL,
146774,8506095,Kingsgate School,Other Independent Special School,Independent special school,30/04/2019,Not applicable,Unknown,None,Non-faith,Ofsted,South East,South East,Hampshire,Fareham and Waterlooville,PO16 0HZ,26,NULL,NULL,NULL,NULL,NULL,NULL,NULL,NULL,NULL,NULL,NULL,NULL,NULL,NULL,10299248,Independent School standard inspection,Independent Standard Inspection,21/05/2024,11/07/2024,1,1,1,1,1,Yes,NULL,NULL,Y,All standards Met,Met,Met,Met,Met,Met,Met,Met,Met,NULL,NULL,NULL,NULL,NULL,NULL,
146790,8386042,Aurora Beeches School,Other Independent Special School,Independent special school,20/05/2019,Not applicable,Unknown,None,Non-faith,Ofsted,South West,South West,Dorset,North Dorset,BH21 5RT,42,NULL,NULL,NULL,NULL,NULL,NULL,NULL,NULL,NULL,NULL,NULL,NULL,NULL,NULL,10299249,Independent School standard inspection,Independent Standard Inspection,23/01/2024,19/03/2024,2,2,2,2,2,Yes,NULL,NULL,Y,All standards Met,Met,Met,Met,Met,Met,Met,Met,Met,NULL,NULL,NULL,NULL,NULL,NULL,
146824,8086006,Elmbank Learning Centre,Other Independent Special School,Independent special school,14/08/2019,Not applicable,Unknown,None,Non-faith,Ofsted,"North East, Yorkshire and the Humber",North East,Stockton-on-Tees,Stockton North,TS20 1PQ,5,NULL,NULL,NULL,NULL,NULL,NULL,NULL,NULL,NULL,NULL,NULL,NULL,NULL,NULL,10321505,Independent School standard inspection,Independent Standard Inspection,18/06/2024,15/07/2024,1,1,1,1,1,Yes,NULL,NULL,Y,All standards Met,Met,Met,Met,Met,Met,Met,Met,Met,NULL,NULL,NULL,NULL,NULL,NULL,
146971,9256011,Witham Prospect School,Other Independent Special School,Independent special school,30/05/2019,Not applicable,Unknown,None,Non-faith,Ofsted,East Midlands,East Midlands,Lincolnshire,Sleaford and North Hykeham,LN6 9JR,17,NULL,NULL,NULL,NULL,NULL,NULL,NULL,NULL,NULL,NULL,NULL,NULL,NULL,NULL,10323201,Independent School standard inspection,Independent Standard Inspection,08/10/2024,17/11/2024,2,2,2,2,2,Yes,NULL,NULL,Y,All standards Met,Met,Met,Met,Met,Met,Met,Met,Met,NULL,NULL,NULL,NULL,NULL,NULL,
146973,3116004,Koru Independent AP Academy,Other Independent School,Other independent school,09/05/2019,Does not have a sixth form,None,None,Non-faith,Ofsted,London,London,Havering,Hornchurch and Upminster,RM3 7SU,45,NULL,NULL,NULL,NULL,NULL,NULL,NULL,NULL,NULL,NULL,NULL,NULL,NULL,NULL,10286136,Independent School standard inspection,Independent Standard Inspection,25/04/2023,19/06/2023,2,2,2,2,2,Yes,NULL,NULL,Y,All standards Met,Met,Met,Met,Met,Met,Met,Met,Met,NULL,NULL,NULL,NULL,NULL,NULL,
146981,8606050,Heather Field School,Other Independent Special School,Independent special school,21/08/2019,Not applicable,Unknown,None,Non-faith,Ofsted,West Midlands,West Midlands,Staffordshire,Stafford,ST17 9JW,106,NULL,NULL,NULL,NULL,NULL,NULL,NULL,NULL,NULL,NULL,NULL,NULL,NULL,NULL,10299252,Independent School standard inspection,Independent Standard Inspection,12/03/2024,01/05/2024,1,1,1,1,1,Yes,NULL,NULL,Y,All standards Met,Met,Met,Met,Met,Met,Met,Met,Met,NULL,NULL,NULL,NULL,NULL,NULL,
146982,8606051,Lyme Brook Independent School,Other Independent Special School,Independent special school,13/06/2019,Does not have a sixth form,None,None,Non-faith,Ofsted,West Midlands,West Midlands,Staffordshire,Newcastle-under-Lyme,ST5 1JB,5,NULL,NULL,NULL,NULL,NULL,NULL,NULL,NULL,NULL,NULL,NULL,NULL,NULL,NULL,10284436,Independent School standard inspection,Independent Standard Inspection,19/09/2023,22/10/2023,2,2,2,2,2,Yes,NULL,NULL,Y,All standards Met,Met,Met,Met,Met,Met,Met,Met,Met,NULL,NULL,NULL,NULL,NULL,NULL,
146999,3306049,Camp Hill Education,Other Independent School,Other independent school,29/08/2019,Has a sixth form,None,None,Non-faith,Ofsted,West Midlands,West Midlands,Birmingham,Birmingham Hall Green and Moseley,B11 1AR,9,NULL,NULL,NULL,NULL,NULL,NULL,NULL,NULL,NULL,NULL,NULL,NULL,NULL,NULL,10342143,Independent School standard inspection,Independent Standard Inspection,11/02/2025,22/05/2025,3,3,3,2,3,Yes,NULL,NULL,Y,Did not meet all standards,Not met,Met,Met,Met,Met,Met,Met,Not met,10434255,Independent school Progress Monitoring inspection,13/01/2026,2025/26,11/02/2026,Met all standards that were checked,
147027,3066019,Al-Khair Secondary Girls,Other Independent School,Independent faith school,23/07/2019,Does not have a sixth form,Unknown,Muslim,Muslim,Ofsted,London,London,Croydon,Croydon East,CR0 6BE,97,NULL,NULL,NULL,NULL,NULL,NULL,NULL,NULL,NULL,NULL,NULL,NULL,NULL,NULL,10299253,Independent School standard inspection,Independent Standard Inspection,04/06/2024,09/07/2024,2,2,2,2,2,Yes,NULL,NULL,Y,All standards Met,Met,Met,Met,Met,Met,Met,Met,Met,NULL,NULL,NULL,NULL,NULL,NULL,
147034,8866155,The View School,Other Independent Special School,Independent special school,21/06/2019,Not applicable,None,None,Non-faith,Ofsted,South East,South East,Kent,Tonbridge,TN8 5BD,26,NULL,NULL,NULL,NULL,NULL,NULL,NULL,NULL,NULL,NULL,NULL,NULL,NULL,NULL,10286137,Independent School standard inspection,Independent Standard Inspection,19/09/2023,12/11/2023,2,2,2,2,2,Yes,NULL,0,Y,All standards Met,Met,Met,Met,Met,Met,Met,Met,Met,NULL,NULL,NULL,NULL,NULL,NULL,
147036,9366021,Bramley Hill School,Other Independent Special School,Independent special school,07/08/2019,Not applicable,Unknown,None,Non-faith,Ofsted,South East,South East,Surrey,Reigate,KT20 7ST,36,NULL,NULL,NULL,NULL,NULL,NULL,NULL,NULL,NULL,NULL,NULL,NULL,NULL,NULL,10319637,Independent School standard inspection,Independent Standard Inspection,12/03/2024,02/05/2024,2,2,2,2,2,Yes,NULL,NULL,Y,All standards Met,Met,Met,Met,Met,Met,Met,Met,Met,NULL,NULL,NULL,NULL,NULL,NULL,
147038,3306052,Heritage Academy,Other Independent School,Independent faith school,19/07/2019,Does not have a sixth form,Unknown,Islam,Muslim,Ofsted,West Midlands,West Midlands,Birmingham,Birmingham Hall Green and Moseley,B12 0DX,62,NULL,NULL,NULL,NULL,NULL,NULL,NULL,NULL,NULL,NULL,NULL,NULL,NULL,NULL,10299254,Independent School standard inspection,Independent Standard Inspection,17/10/2023,04/12/2023,1,1,1,1,1,Yes,NULL,NULL,Y,All standards Met,Met,Met,Met,Met,Met,Met,Met,Met,NULL,NULL,NULL,NULL,NULL,NULL,
147169,8606052,Parkgate Farm,Other Independent Special School,Independent special school,17/07/2019,Not applicable,Unknown,None,Non-faith,Ofsted,West Midlands,West Midlands,Staffordshire,Staffordshire Moorlands,ST10 2LR,3,NULL,NULL,NULL,NULL,NULL,NULL,NULL,NULL,NULL,NULL,NULL,NULL,NULL,NULL,10322599,Independent School standard inspection,Independent Standard Inspection,18/06/2024,09/09/2024,2,2,2,2,2,Yes,NULL,NULL,Y,All standards Met,Met,Met,Met,Met,Met,Met,Met,Met,NULL,NULL,NULL,NULL,NULL,NULL,
147171,3826014,Rida Boys High School,Other Independent School,Independent faith school,07/08/2019,Does not have a sixth form,Unknown,Islam,Muslim,Ofsted,"North East, Yorkshire and the Humber",Yorkshire and the Humber,Kirklees,Dewsbury and Batley,WF12 9NQ,61,NULL,NULL,NULL,NULL,NULL,NULL,NULL,NULL,NULL,NULL,NULL,NULL,NULL,NULL,10321506,Independent School standard inspection,Independent Standard Inspection,16/04/2024,07/05/2024,2,2,2,2,2,Yes,NULL,NULL,Y,All standards Met,Met,Met,Met,Met,Met,Met,Met,Met,NULL,NULL,NULL,NULL,NULL,NULL,
147184,3066020,Al-Khair School Preparatory School,Other Independent School,Independent faith school,23/07/2019,Does not have a sixth form,None,Islam,Muslim,Ofsted,London,London,Croydon,Croydon West,CR0 3RA,276,NULL,NULL,NULL,NULL,NULL,NULL,NULL,NULL,NULL,NULL,NULL,NULL,NULL,NULL,10322600,Independent School standard inspection,Independent Standard Inspection,01/10/2024,20/11/2024,2,2,2,2,2,Yes,2,NULL,Y,All standards Met,Met,Met,Met,Met,Met,Met,Met,Met,NULL,NULL,NULL,NULL,NULL,NULL,
147199,2036006,Social Arts for Education,Other Independent Special School,Independent special school,07/08/2019,Not applicable,Unknown,None,Non-faith,Ofsted,London,London,Greenwich,Eltham and Chislehurst,SE9 1TY,22,NULL,NULL,NULL,NULL,NULL,NULL,NULL,NULL,NULL,NULL,NULL,NULL,NULL,NULL,10299402,Independent School standard inspection,Independent Standard Inspection,10/07/2024,24/09/2024,2,2,2,2,2,Yes,NULL,2,Y,All standards Met,Met,Met,Met,Met,Met,Met,Met,Met,NULL,NULL,NULL,NULL,NULL,NULL,
147205,8866156,VTC Independent School,Other Independent School,Other independent school,04/05/2020,Has a sixth form,Does not apply,Does not apply,Non-faith,Ofsted,South East,South East,Kent,Sittingbourne and Sheppey,ME10 3DZ,8,NULL,NULL,NULL,NULL,NULL,NULL,NULL,NULL,NULL,NULL,NULL,NULL,NULL,NULL,10286468,Independent School standard inspection,Independent Standard Inspection,28/11/2023,18/01/2024,2,2,2,2,2,Yes,NULL,2,Y,All standards Met,Met,Met,Met,Met,Met,Met,Met,Met,NULL,NULL,NULL,NULL,NULL,NULL,
147206,8886118,Bridgeway School,Other Independent Special School,Independent special school,23/07/2019,Not applicable,None,None,Non-faith,Ofsted,North West,North West,Lancashire,Ribble Valley,PR5 6EP,56,NULL,NULL,NULL,NULL,NULL,NULL,NULL,NULL,NULL,NULL,NULL,NULL,NULL,NULL,10322511,Independent School standard inspection,Independent Standard Inspection,11/06/2024,17/07/2024,1,1,1,1,1,Yes,NULL,NULL,Y,All standards Met,Met,Met,Met,Met,Met,Met,Met,Met,NULL,NULL,NULL,NULL,NULL,NULL,
147208,3556012,Ateres Elisheva,Other Independent School,Independent faith school,21/08/2019,Does not have a sixth form,None,Jewish,Jewish,Ofsted,North West,North West,Salford,Bury South,M7 4JD,180,NULL,NULL,NULL,NULL,NULL,NULL,NULL,NULL,NULL,NULL,NULL,NULL,NULL,NULL,10267693,Independent School standard inspection,Independent Standard Inspection,13/06/2023,24/07/2023,2,2,2,2,2,Yes,2,NULL,Y,All standards Met,Met,Met,Met,Met,Met,Met,Met,Met,NULL,NULL,NULL,NULL,NULL,NULL,
147220,8846018,Compass Community School Hereford,Other Independent Special School,Independent special school,29/08/2019,Not applicable,Unknown,None,Non-faith,Ofsted,West Midlands,West Midlands,Herefordshire,North Herefordshire,HR8 1HT,4,NULL,NULL,NULL,NULL,NULL,NULL,NULL,NULL,NULL,NULL,NULL,NULL,NULL,NULL,10322601,Independent School standard inspection,Independent Standard Inspection,25/06/2024,11/09/2024,2,2,1,2,2,Yes,NULL,NULL,Y,All standards Met,Met,Met,Met,Met,Met,Met,Met,Met,NULL,NULL,NULL,NULL,NULL,NULL,
147223,8566045,Imam Muhammad Adam Institute Boys School,Other Independent School,Independent faith school,04/12/2020,Does not have a sixth form,Unknown,Islam,Muslim,Ofsted,East Midlands,East Midlands,Leicester,Leicester South,LE5 5AY,151,NULL,NULL,NULL,NULL,NULL,NULL,NULL,NULL,NULL,NULL,NULL,NULL,NULL,NULL,10374824,Independent School standard inspection,Independent Standard Inspection,10/06/2025,02/09/2025,1,1,1,1,1,Yes,NULL,NULL,Y,All standards Met,Met,Met,Met,Met,Met,Met,Met,Met,NULL,NULL,NULL,NULL,NULL,NULL,
147234,3306061,Orion School,Other Independent School,Other independent school,26/09/2019,Does not have a sixth form,None,None,Non-faith,Ofsted,West Midlands,West Midlands,Birmingham,Birmingham Ladywood,B18 7QD,17,NULL,NULL,NULL,NULL,NULL,NULL,NULL,NULL,NULL,NULL,NULL,NULL,NULL,NULL,10267697,Independent School standard inspection,Independent Standard Inspection,04/07/2023,13/09/2023,2,2,2,1,1,Yes,NULL,NULL,Y,All standards Met,Met,Met,Met,Met,Met,Met,Met,Met,NULL,NULL,NULL,NULL,NULL,NULL,
147235,3566013,Progress Schools - Stockport,Other Independent School,Other independent school,28/08/2019,Does not have a sixth form,None,None,Non-faith,Ofsted,North West,North West,Stockport,Stockport,SK3 0AN,19,NULL,NULL,NULL,NULL,NULL,NULL,NULL,NULL,NULL,NULL,NULL,NULL,NULL,NULL,10322513,Independent School standard inspection,Independent Standard Inspection,23/04/2024,09/06/2024,3,3,2,3,3,Yes,NULL,NULL,Y,Did not meet all standards,Not met,Met,Met,Met,Met,Met,Met,Not met,10431751,Independent school Progress Monitoring inspection,08/01/2026,2025/26,12/02/2026,Did not meet all standards that were checked,
147236,8616018,Excellence Girls Academy,Other Independent School,Independent faith school,30/08/2019,Does not have a sixth form,Unknown,Islam,Muslim,Ofsted,West Midlands,West Midlands,Stoke-on-Trent,Stoke-on-Trent Central,ST4 2ER,85,NULL,NULL,NULL,NULL,NULL,NULL,NULL,NULL,NULL,NULL,NULL,NULL,NULL,NULL,10322602,Independent School standard inspection,Independent Standard Inspection,14/05/2024,16/06/2024,2,2,2,2,2,Yes,NULL,NULL,Y,All standards Met,Met,Met,Met,Met,Met,Met,Met,Met,NULL,NULL,NULL,NULL,NULL,NULL,
147237,9436016,South Lakes Academy,Other Independent Special School,Independent special school,30/07/2019,Not applicable,None,None,Non-faith,Ofsted,North West,North West,Westmorland and Furness,Westmorland and Lonsdale,LA9 4ED,11,NULL,NULL,NULL,NULL,NULL,NULL,NULL,NULL,NULL,NULL,NULL,NULL,NULL,NULL,10322514,Independent School standard inspection,Independent Standard Inspection,02/07/2024,12/09/2024,2,2,2,2,2,Yes,NULL,NULL,Y,All standards Met,Met,Met,Met,Met,Met,Met,Met,Met,NULL,NULL,NULL,NULL,NULL,NULL,
147272,3556013,Beis Rochel Mcr Girls school ltd,Other Independent School,Independent faith school,25/09/2019,Does not have a sixth form,Unknown,Jewish,Jewish,Ofsted,North West,North West,Salford,Salford,M7 2FZ,158,NULL,NULL,NULL,NULL,NULL,NULL,NULL,NULL,NULL,NULL,NULL,NULL,NULL,NULL,10391791,Independent School standard inspection,Independent Standard Inspection,24/06/2025,09/09/2025,3,3,2,3,3,Yes,3,NULL,Y,Did not meet all standards,Not met,Not met,Met,Met,Met,Met,Met,Not met,NULL,NULL,NULL,NULL,NULL,NULL,
147293,8716005,Darul Madinah,Other Independent Special School,Independent special school,11/09/2019,Not applicable,Unknown,Islam,Muslim,Ofsted,South East,South East,Slough,Slough,SL1 2PH,112,NULL,NULL,NULL,NULL,NULL,NULL,NULL,NULL,NULL,NULL,NULL,NULL,NULL,NULL,10322073,Independent School standard inspection,Independent Standard Inspection,02/07/2024,09/09/2024,2,2,2,2,2,Yes,2,NULL,Y,All standards Met,Met,Met,Met,Met,Met,Met,Met,Met,NULL,NULL,NULL,NULL,NULL,NULL,
147296,2046021,Beis Rochel D'satmar School,Other Independent School,Independent faith school,28/01/2020,Does not have a sixth form,Orthodox Jewish,Orthodox Jewish,Jewish,Ofsted,London,London,Hackney,Tottenham,N16 5DS,669,NULL,NULL,NULL,NULL,NULL,NULL,NULL,NULL,NULL,NULL,NULL,NULL,NULL,NULL,10342146,Independent School standard inspection,Independent Standard Inspection,04/02/2025,13/03/2025,2,2,1,2,2,Yes,2,NULL,Y,All standards Met,Met,Met,Met,Met,Met,Met,Met,Met,NULL,NULL,NULL,NULL,NULL,NULL,
147298,8156048,Clervaux Garden School,Other Independent Special School,Independent special school,19/12/2019,Not applicable,None,None,Non-faith,Ofsted,"North East, Yorkshire and the Humber",Yorkshire and the Humber,North Yorkshire,Richmond and Northallerton,DL2 2TF,21,NULL,NULL,NULL,NULL,NULL,NULL,NULL,NULL,NULL,NULL,NULL,NULL,NULL,NULL,10342147,Independent School standard inspection,Independent Standard Inspection,26/11/2024,13/01/2025,2,2,1,1,2,Yes,NULL,NULL,Y,All standards Met,Met,Met,Met,Met,Met,Met,Met,Met,NULL,NULL,NULL,NULL,NULL,NULL,
147312,2046022,Ohr Emes,Other Independent School,Independent faith school,28/08/2019,Does not have a sixth form,Unknown,Jewish,Jewish,Ofsted,London,London,Hackney,Hackney North and Stoke Newington,E5 9JZ,143,NULL,NULL,NULL,NULL,NULL,NULL,NULL,NULL,NULL,NULL,NULL,NULL,NULL,NULL,10391792,Independent School standard inspection,Independent Standard Inspection,29/07/2025,09/11/2025,3,3,2,2,3,Yes,2,NULL,Y,All standards Met,Met,Met,Met,Met,Met,Met,Met,Met,NULL,NULL,NULL,NULL,NULL,NULL,
147349,3516017,Mill School - Bury,Other Independent Special School,Independent special school,06/05/2020,Not applicable,Unknown,None,Non-faith,Ofsted,North West,North West,Bury,Bury North,BL8 2BD,62,NULL,NULL,NULL,NULL,NULL,NULL,NULL,NULL,NULL,NULL,NULL,NULL,NULL,NULL,10378625,Independent School standard inspection,Independent Standard Inspection,29/04/2025,09/06/2025,2,2,2,2,2,Yes,NULL,NULL,Y,All standards Met,Met,Met,Met,Met,Met,Met,Met,Met,NULL,NULL,NULL,NULL,NULL,NULL,
147366,3556014,Bnos Margulis Viznitz Girls' School,Other Independent School,Independent faith school,09/10/2019,Does not have a sixth form,None,Jewish,Jewish,Ofsted,North West,North West,Salford,Bury South,M7 4DQ,149,NULL,NULL,NULL,NULL,NULL,NULL,NULL,NULL,NULL,NULL,NULL,NULL,NULL,NULL,10267698,Independent School standard inspection,Independent Standard Inspection,13/06/2023,26/07/2023,2,2,2,2,2,Yes,2,NULL,Y,All standards Met,Met,Met,Met,Met,Met,Met,Met,Met,NULL,NULL,NULL,NULL,NULL,NULL,
147462,8126008,Learning4Life-GY,Other Independent School,Other independent school,06/11/2019,Has a sixth form,Unknown,None,Non-faith,Ofsted,"North East, Yorkshire and the Humber",Yorkshire and the Humber,North East Lincolnshire,Great Grimsby and Cleethorpes,DN32 7AP,54,NULL,NULL,NULL,NULL,NULL,NULL,NULL,NULL,NULL,NULL,NULL,NULL,NULL,NULL,10342150,Independent School standard inspection,Independent Standard Inspection,26/11/2024,18/12/2024,2,2,2,2,2,Yes,NULL,2,Y,All standards Met,Met,Met,Met,Met,Met,Met,Met,Met,NULL,NULL,NULL,NULL,NULL,NULL,
147468,3446003,Progress Schools - Hamilton Square,Other Independent School,Other independent school,29/10/2019,Does not have a sixth form,Unknown,None,Non-faith,Ofsted,North West,North West,Wirral,Birkenhead,CH41 5AT,38,NULL,NULL,NULL,NULL,NULL,NULL,NULL,NULL,NULL,NULL,NULL,NULL,NULL,NULL,10391793,Independent School standard inspection,Independent Standard Inspection,15/07/2025,17/09/2025,3,3,2,2,3,Yes,NULL,NULL,Y,All standards Met,Met,Met,Met,Met,Met,Met,Met,Met,NULL,NULL,NULL,NULL,NULL,NULL,
147471,8786082,Belong School Devon,Other Independent Special School,Independent special school,27/11/2019,Not applicable,Unknown,None,Non-faith,Ofsted,South West,South West,Devon,Exeter,EX2 8PU,54,NULL,NULL,NULL,NULL,NULL,NULL,NULL,NULL,NULL,NULL,NULL,NULL,NULL,NULL,10267699,Independent School standard inspection,Independent Standard Inspection,23/05/2023,12/07/2023,2,2,2,2,2,Yes,NULL,NULL,Y,All standards Met,Met,Met,Met,Met,Met,Met,Met,Met,NULL,NULL,NULL,NULL,NULL,NULL,
147473,8816075,Compass Community School Essex,Other Independent Special School,Independent special school,31/01/2020,Not applicable,Unknown,None,Non-faith,Ofsted,East of England,East of England,Essex,Clacton,CO16 9PY,16,NULL,NULL,NULL,NULL,NULL,NULL,NULL,NULL,NULL,NULL,NULL,NULL,NULL,NULL,10342151,Independent School standard inspection,Independent Standard Inspection,10/12/2024,20/01/2025,2,2,2,2,2,Yes,NULL,NULL,Y,All standards Met,Met,Met,Met,Met,Met,Met,Met,Met,NULL,NULL,NULL,NULL,NULL,NULL,
147546,9386004,Educate U,Other Independent School,Other independent school,02/12/2019,Does not have a sixth form,None,None,Non-faith,Ofsted,South East,South East,West Sussex,Worthing West,BN11 1BG,39,NULL,NULL,NULL,NULL,NULL,NULL,NULL,NULL,NULL,NULL,NULL,NULL,NULL,NULL,10342152,Independent School standard inspection,Independent Standard Inspection,11/03/2025,20/05/2025,3,2,1,1,3,Yes,NULL,NULL,N,Did not meet all standards,Met,Met,Met,Met,Met,Met,Met,Not met,10415439,Independent school Progress Monitoring inspection,04/11/2025,2025/26,19/12/2025,Met all standards that were checked,
147547,2126005,Roehampton Hospital School,Other Independent School,Other independent school,02/12/2019,Has a sixth form,Unknown,None,Non-faith,Ofsted,London,London,Wandsworth,Putney,SW15 5JJ,19,NULL,NULL,NULL,NULL,NULL,NULL,NULL,NULL,NULL,NULL,NULL,NULL,NULL,NULL,10322603,Independent School standard inspection,Independent Standard Inspection,26/11/2024,15/01/2025,1,1,1,1,1,Yes,NULL,1,Y,All standards Met,Met,Met,Met,Met,Met,Met,Met,Met,NULL,NULL,NULL,NULL,NULL,NULL,
147548,8886121,Calder Lodge School,Other Independent Special School,Independent special school,05/11/2019,Not applicable,None,None,Non-faith,Ofsted,North West,North West,Lancashire,Lancaster and Wyre,PR3 1UL,47,NULL,NULL,NULL,NULL,NULL,NULL,NULL,NULL,NULL,NULL,NULL,NULL,NULL,NULL,10322515,Independent School standard inspection,Independent Standard Inspection,11/06/2024,09/07/2024,2,2,1,1,2,Yes,NULL,NULL,Y,All standards Met,Met,Met,Met,Met,Met,Met,Met,Met,NULL,NULL,NULL,NULL,NULL,NULL,
147604,8896016,Noorul Uloom,Other Independent School,Independent faith school,27/10/2020,Has a sixth form,Islam,Islam,Muslim,Ofsted,North West,North West,Blackburn with Darwen,Blackburn,BB2 3NY,136,NULL,NULL,NULL,NULL,NULL,NULL,NULL,NULL,NULL,NULL,NULL,NULL,NULL,NULL,10334571,Independent School standard inspection,Independent Standard Inspection,08/05/2024,13/06/2024,2,2,1,1,2,Yes,NULL,NULL,Y,All standards Met,Met,Met,Met,Met,Met,Met,Met,Met,NULL,NULL,NULL,NULL,NULL,NULL,
147607,8556047,R.E.A.L Independent Schools Hinckley,Other Independent Special School,Independent special school,24/08/2020,Not applicable,Unknown,None,Non-faith,Ofsted,East Midlands,East Midlands,Leicestershire,Hinckley and Bosworth,LE10 1AP,22,NULL,NULL,NULL,NULL,NULL,NULL,NULL,NULL,NULL,NULL,NULL,NULL,NULL,NULL,10342153,Independent School standard inspection,Independent Standard Inspection,26/11/2024,13/01/2025,2,2,1,1,1,Yes,NULL,NULL,Y,All standards Met,Met,Met,Met,Met,Met,Met,Met,Met,NULL,NULL,NULL,NULL,NULL,NULL,
147615,8506096,Compass Community School Hampshire,Other Independent Special School,Independent special school,06/03/2020,Not applicable,Unknown,None,Non-faith,Ofsted,South East,South East,Hampshire,Woking,GU22 7BT,26,NULL,NULL,NULL,NULL,NULL,NULL,NULL,NULL,NULL,NULL,NULL,NULL,NULL,NULL,10342154,Independent School standard inspection,Independent Standard Inspection,01/10/2024,10/11/2024,2,2,2,2,2,Yes,NULL,NULL,Y,All standards Met,Met,Met,Met,Met,Met,Met,Met,Met,NULL,NULL,NULL,NULL,NULL,NULL,
147635,8866159,Infiniti School,Other Independent Special School,Independent special school,24/08/2020,Not applicable,Unknown,None,Non-faith,Ofsted,South East,South East,Kent,Faversham and Mid Kent,ME9 0BG,28,NULL,NULL,NULL,NULL,NULL,NULL,NULL,NULL,NULL,NULL,NULL,NULL,NULL,NULL,10342155,Independent School standard inspection,Independent Standard Inspection,29/04/2025,18/06/2025,2,2,2,1,2,Yes,NULL,NULL,Y,All standards Met,Met,Met,Met,Met,Met,Met,Met,Met,NULL,NULL,NULL,NULL,NULL,NULL,
147648,3946005,Hopespring Sunderland,Other Independent School,Other independent school,05/03/2020,Does not have a sixth form,None,None,Non-faith,Ofsted,"North East, Yorkshire and the Humber",North East,Sunderland,Sunderland Central,SR2 9HA,24,NULL,NULL,NULL,NULL,NULL,NULL,NULL,NULL,NULL,NULL,NULL,NULL,NULL,NULL,10342156,Independent School standard inspection,Independent Standard Inspection,22/10/2024,05/12/2024,2,2,2,2,2,Yes,NULL,NULL,Y,All standards Met,Met,Met,Met,Met,Met,Met,Met,Met,NULL,NULL,NULL,NULL,NULL,NULL,
147655,8506097,GLADE School,Other Independent Special School,Independent special school,28/08/2020,Not applicable,Unknown,None,Non-faith,Ofsted,South East,South East,Hampshire,New Forest East,SO40 3BU,20,NULL,NULL,NULL,NULL,NULL,NULL,NULL,NULL,NULL,NULL,NULL,NULL,NULL,NULL,10286469,Independent School standard inspection,Independent Standard Inspection,17/10/2023,14/11/2023,2,2,2,2,2,Yes,NULL,2,Y,All standards Met,Met,Met,Met,Met,Met,Met,Met,Met,NULL,NULL,NULL,NULL,NULL,NULL,
147662,3546039,Rochdale Islamic Academy,Other Independent School,Independent faith school,17/03/2020,Does not have a sixth form,Unknown,Muslim,Muslim,Ofsted,North West,North West,Rochdale,Rochdale,OL12 0HZ,119,NULL,NULL,NULL,NULL,NULL,NULL,NULL,NULL,NULL,NULL,NULL,NULL,NULL,NULL,10342158,Independent School standard inspection,Independent Standard Inspection,03/12/2024,21/01/2025,3,3,2,2,3,Yes,NULL,NULL,Y,Did not meet all standards,Not met,Met,Met,Met,Met,Met,Met,Not met,10422505,Independent school Progress Monitoring inspection,22/10/2025,2025/26,24/11/2025,Did not meet all standards that were checked,
147663,8686026,Queensmead House School,Other Independent Special School,Independent special school,18/03/2020,Not applicable,Unknown,None,Non-faith,Ofsted,South East,South East,Windsor and Maidenhead,Windsor,SL4 2AX,103,NULL,NULL,NULL,NULL,NULL,NULL,NULL,NULL,NULL,NULL,NULL,NULL,NULL,NULL,10286467,Independent School standard inspection,Independent Standard Inspection,14/05/2024,19/06/2024,2,2,2,2,2,Yes,NULL,NULL,Y,All standards Met,Met,Met,Met,Met,Met,Met,Met,Met,NULL,NULL,NULL,NULL,NULL,NULL,
147665,3416016,Prudentia Education,Other Independent School,Other independent school,02/03/2021,Does not have a sixth form,None,None,Non-faith,Ofsted,North West,North West,Liverpool,Liverpool Garston,L24 0TR,32,NULL,NULL,NULL,NULL,NULL,NULL,NULL,NULL,NULL,NULL,NULL,NULL,NULL,NULL,10299255,Independent School standard inspection,Independent Standard Inspection,13/03/2024,01/05/2024,2,2,2,2,2,Yes,NULL,NULL,N,All standards Met,Met,Met,Met,Met,Met,Met,Met,Met,NULL,NULL,NULL,NULL,NULL,NULL,
147690,8216017,Al Hikmah Boys School,Other Independent School,Independent faith school,26/03/2020,Does not have a sixth form,Unknown,Islam,Muslim,Ofsted,East of England,East of England,Luton,Luton North,LU4 9LE,131,NULL,NULL,NULL,NULL,NULL,NULL,NULL,NULL,NULL,NULL,NULL,NULL,NULL,NULL,10267700,Independent School standard inspection,Independent Standard Inspection,06/06/2023,12/07/2023,2,2,2,1,2,Yes,NULL,NULL,Y,All standards Met,Met,Met,Met,Met,Met,Met,Met,Met,NULL,NULL,NULL,NULL,NULL,NULL,
147697,9406011,Progress Schools - Thrapston,Other Independent School,Other independent school,28/08/2020,Does not have a sixth form,None,None,Non-faith,Ofsted,East Midlands,East Midlands,North Northamptonshire,Corby and East Northamptonshire,NN14 4LZ,46,NULL,NULL,NULL,NULL,NULL,NULL,NULL,NULL,NULL,NULL,NULL,NULL,NULL,NULL,10391794,Independent School standard inspection,Independent Standard Inspection,15/07/2025,13/10/2025,4,3,4,3,4,Yes,NULL,NULL,Y,Did not meet all standards,Not met,Met,Not met,Met,Met,Met,Met,Not met,NULL,NULL,NULL,NULL,NULL,NULL,
147702,3336134,V.A.S.E Academy,Other Independent School,Other independent school,21/08/2020,Has a sixth form,None,None,Non-faith,Ofsted,West Midlands,West Midlands,Sandwell,West Bromwich,B21 8LE,34,10427390,Independent School standard inspection,Independent standard inspection,24/02/2026,26/04/2026,Met,Strong standard,Expected standard,Expected standard,Expected standard,Strong standard,Not applicable,Expected standard,Expected standard,10267701,Independent School standard inspection,Independent Standard Inspection,14/03/2023,10/05/2023,2,2,2,2,2,Yes,NULL,NULL,Y,All standards Met,Met,Met,Met,Met,Met,Met,Met,Met,NULL,NULL,NULL,NULL,NULL,NULL,
147703,9256055,Esland Grantham School,Other Independent Special School,Independent special school,18/08/2020,Not applicable,None,None,Non-faith,Ofsted,East Midlands,East Midlands,Lincolnshire,Grantham and Bourne,NG31 9RT,31,NULL,NULL,NULL,NULL,NULL,NULL,NULL,NULL,NULL,NULL,NULL,NULL,NULL,NULL,10299257,Independent School standard inspection,Independent Standard Inspection,30/01/2024,07/03/2024,2,2,2,2,2,Yes,NULL,NULL,Y,All standards Met,Met,Met,Met,Met,Met,Met,Met,Met,NULL,NULL,NULL,NULL,NULL,NULL,
147704,8816076,Omnia Foundation,Other Independent Special School,Independent special school,02/03/2021,Not applicable,None,None,Non-faith,Ofsted,East of England,East of England,Essex,Rayleigh and Wickford,SS6 9DT,22,NULL,NULL,NULL,NULL,NULL,NULL,NULL,NULL,NULL,NULL,NULL,NULL,NULL,NULL,10286141,Independent School standard inspection,Independent Standard Inspection,11/07/2023,19/09/2023,2,2,2,2,2,Yes,NULL,NULL,Y,All standards Met,Met,Met,Met,Met,Met,Met,Met,Met,NULL,NULL,NULL,NULL,NULL,NULL,
147705,9336012,Silver Bridge School,Other Independent Special School,Independent special school,16/07/2020,Not applicable,Unknown,None,Non-faith,Ofsted,South West,South West,Somerset,Taunton and Wellington,TA1 3DL,54,NULL,NULL,NULL,NULL,NULL,NULL,NULL,NULL,NULL,NULL,NULL,NULL,NULL,NULL,10322165,Independent School standard inspection,Independent Standard Inspection,21/05/2024,25/06/2024,2,2,2,1,2,Yes,NULL,2,Y,All standards Met,Met,Met,Met,Met,Met,Met,Met,Met,NULL,NULL,NULL,NULL,NULL,NULL,
147733,3816023,Beacon Lights Schools,Other Independent School,Independent faith school,02/09/2020,Does not have a sixth form,Unknown,Islam,Muslim,Ofsted,"North East, Yorkshire and the Humber",Yorkshire and the Humber,Calderdale,Halifax,HX1 5JL,188,NULL,NULL,NULL,NULL,NULL,NULL,NULL,NULL,NULL,NULL,NULL,NULL,NULL,NULL,10374864,Independent School standard inspection,Independent Standard Inspection,08/07/2025,21/09/2025,2,2,1,1,2,Yes,NULL,NULL,Y,All standards Met,Met,Met,Met,Met,Met,Met,Met,Met,NULL,NULL,NULL,NULL,NULL,NULL,
147734,8556048,Nanpantan Hall Nurture Centre,Other Independent Special School,Independent special school,24/08/2020,Not applicable,Unknown,Christian/non-denominational,Christian,Ofsted,East Midlands,East Midlands,Leicestershire,Loughborough,LE11 3YF,13,NULL,NULL,NULL,NULL,NULL,NULL,NULL,NULL,NULL,NULL,NULL,NULL,NULL,NULL,10286471,Independent School standard inspection,Independent Standard Inspection,06/02/2024,18/03/2024,1,1,1,1,1,Yes,NULL,NULL,Y,All standards Met,Met,Met,Met,Met,Met,Met,Met,Met,NULL,NULL,NULL,NULL,NULL,NULL,
147735,8886122,Springfield House School,Other Independent School,Other independent school,18/08/2020,Has a sixth form,Unknown,None,Non-faith,Ofsted,North West,North West,Lancashire,Lancaster and Wyre,PR3 6HL,5,NULL,NULL,NULL,NULL,NULL,NULL,NULL,NULL,NULL,NULL,NULL,NULL,NULL,NULL,10391795,Independent School standard inspection,Independent Standard Inspection,01/07/2025,16/09/2025,2,2,1,1,2,Yes,NULL,NULL,Y,All standards Met,Met,Met,Met,Met,Met,Met,Met,Met,NULL,NULL,NULL,NULL,NULL,NULL,
147736,3336016,Dudley Port School,Other Independent Special School,Independent special school,06/08/2020,Not applicable,None,None,Non-faith,Ofsted,West Midlands,West Midlands,Sandwell,Tipton and Wednesbury,DY4 7QR,30,NULL,NULL,NULL,NULL,NULL,NULL,NULL,NULL,NULL,NULL,NULL,NULL,NULL,NULL,10299258,Independent School standard inspection,Independent Standard Inspection,01/10/2024,10/11/2024,3,3,3,3,3,Yes,NULL,NULL,Y,Did not meet all standards,Not met,Met,Met,Met,Met,Met,Met,Not met,10416317,Independent school Progress Monitoring inspection,17/09/2025,2025/26,21/10/2025,Did not meet all standards that were checked,
147768,9366040,Pathways Education,Other Independent Special School,Independent special school,04/03/2021,Not applicable,Unknown,None,Non-faith,Ofsted,South East,South East,Surrey,Farnham and Bordon,GU10 2LB,12,NULL,NULL,NULL,NULL,NULL,NULL,NULL,NULL,NULL,NULL,NULL,NULL,NULL,NULL,10342160,Independent School standard inspection,Independent Standard Inspection,04/03/2025,31/03/2025,2,2,2,2,2,Yes,NULL,NULL,Y,All standards Met,Met,Met,Met,Met,Met,Met,Met,Met,NULL,NULL,NULL,NULL,NULL,NULL,
147780,8606068,Compass Community School Staffordshire,Other Independent Special School,Independent special school,11/08/2020,Not applicable,Unknown,None,Non-faith,Ofsted,West Midlands,West Midlands,Staffordshire,Staffordshire Moorlands,ST10 3ER,6,NULL,NULL,NULL,NULL,NULL,NULL,NULL,NULL,NULL,NULL,NULL,NULL,NULL,NULL,10342161,Independent School standard inspection,Independent Standard Inspection,03/12/2024,26/01/2025,2,2,1,1,2,Yes,NULL,NULL,Y,All standards Met,Met,Met,Met,Met,Met,Met,Met,Met,NULL,NULL,NULL,NULL,NULL,NULL,
147859,3576007,Safe Start School,Other Independent School,Other independent school,07/09/2020,Does not have a sixth form,Unknown,None,Non-faith,Ofsted,North West,North West,Tameside,Ashton-under-Lyne,OL6 7ST,30,NULL,NULL,NULL,NULL,NULL,NULL,NULL,NULL,NULL,NULL,NULL,NULL,NULL,NULL,10342162,Independent School standard inspection,Independent Standard Inspection,14/01/2025,03/03/2025,3,3,2,2,3,Yes,NULL,NULL,Y,Did not meet all standards,Not met,Met,Not met,Met,Not met,Met,Met,Not met,10444486,Independent school Progress Monitoring inspection,10/02/2026,2025/26,26/03/2026,Met all standards that were checked,
147896,8956016,Lavender Field School,Other Independent Special School,Independent special school,28/07/2020,Not applicable,Unknown,None,Non-faith,Ofsted,North West,North West,Cheshire East,Crewe and Nantwich,CW1 3AE,100,NULL,NULL,NULL,NULL,NULL,NULL,NULL,NULL,NULL,NULL,NULL,NULL,NULL,NULL,10298729,Independent School standard inspection,Independent Standard Inspection,07/11/2023,12/12/2023,2,2,1,1,2,Yes,NULL,NULL,Y,All standards Met,Met,Met,Met,Met,Met,Met,Met,Met,NULL,NULL,NULL,NULL,NULL,NULL,
147899,8956017,Cornerstone Academy,Other Independent School,Other independent school,15/09/2020,Does not have a sixth form,Unknown,None,Non-faith,Ofsted,North West,North West,Cheshire East,Crewe and Nantwich,CW1 4PP,16,NULL,NULL,NULL,NULL,NULL,NULL,NULL,NULL,NULL,NULL,NULL,NULL,NULL,NULL,10342163,Independent School standard inspection,Independent Standard Inspection,03/06/2025,01/07/2025,2,2,1,2,2,Yes,NULL,NULL,Y,All standards Met,Met,Met,Met,Met,Met,Met,Met,Met,NULL,NULL,NULL,NULL,NULL,NULL,
147911,9386006,Atelier21 Future School,Other Independent School,Other independent school,24/08/2020,Does not have a sixth form,None,None,Non-faith,Ofsted,South East,South East,West Sussex,Crawley,RH11 9RZ,130,NULL,NULL,NULL,NULL,NULL,NULL,NULL,NULL,NULL,NULL,NULL,NULL,NULL,NULL,10342164,Independent School standard inspection,Independent Standard Inspection,01/07/2025,09/09/2025,2,2,2,1,2,Yes,1,NULL,Y,All standards Met,Met,Met,Met,Met,Met,Met,Met,Met,NULL,NULL,NULL,NULL,NULL,NULL,
147912,3536008,Westwood Boys School,Other Independent School,Independent faith school,20/01/2022,Has a sixth form,Islam,Muslim,Muslim,Ofsted,North West,North West,Oldham,Oldham East and Saddleworth,OL1 1TE,36,NULL,NULL,NULL,NULL,NULL,NULL,NULL,NULL,NULL,NULL,NULL,NULL,NULL,NULL,10254697,Independent school standard inspection - first,Independent Standard Inspection,28/02/2023,04/05/2023,2,2,1,1,2,Yes,NULL,NULL,Y,All standards Met,Met,Met,Met,Met,Met,Met,Met,Met,NULL,NULL,NULL,NULL,NULL,NULL,
147914,8076002,Mackenzie Thorpe Centre,Other Independent Special School,Independent special school,16/09/2020,Not applicable,Unknown,None,Non-faith,Ofsted,"North East, Yorkshire and the Humber",North East,Redcar and Cleveland,Redcar,TS6 6SU,32,NULL,NULL,NULL,NULL,NULL,NULL,NULL,NULL,NULL,NULL,NULL,NULL,NULL,NULL,10342166,Independent School standard inspection,Independent Standard Inspection,08/04/2025,22/05/2025,2,2,2,2,2,Yes,NULL,NULL,Y,All standards Met,Met,Met,Met,Met,Met,Met,Met,Met,NULL,NULL,NULL,NULL,NULL,NULL,
147949,8916043,Venture Learning,Other Independent Special School,Independent special school,15/10/2020,Not applicable,None,None,Non-faith,Ofsted,East Midlands,East Midlands,Nottinghamshire,Gedling,NG4 2LJ,13,NULL,NULL,NULL,NULL,NULL,NULL,NULL,NULL,NULL,NULL,NULL,NULL,NULL,NULL,10381510,Independent School standard inspection,Independent Standard Inspection,15/07/2025,10/09/2025,2,2,1,2,1,Yes,NULL,NULL,Y,All standards Met,Met,Met,Met,Met,Met,Met,Met,Met,NULL,NULL,NULL,NULL,NULL,NULL,
147951,8966010,Abbey School for Exceptional Children,Other Independent Special School,Independent special school,07/09/2020,Not applicable,Unknown,None,Non-faith,Ofsted,North West,North West,Cheshire West and Chester,Chester North and Neston,CH1 2HU,108,NULL,NULL,NULL,NULL,NULL,NULL,NULL,NULL,NULL,NULL,NULL,NULL,NULL,NULL,10391108,Independent School standard inspection,Independent Standard Inspection,08/07/2025,15/09/2025,2,2,2,2,2,Yes,NULL,2,Y,All standards Met,Met,Met,Met,Met,Met,Met,Met,Met,NULL,NULL,NULL,NULL,NULL,NULL,
147963,8556050,Lodge Farm Education,Other Independent Special School,Independent special school,16/12/2020,Not applicable,Unknown,None,Non-faith,Ofsted,East Midlands,East Midlands,Leicestershire,South Leicestershire,LE9 6RB,10,NULL,NULL,NULL,NULL,NULL,NULL,NULL,NULL,NULL,NULL,NULL,NULL,NULL,NULL,10374825,Independent School standard inspection,Independent Standard Inspection,01/07/2025,22/09/2025,2,2,1,2,2,Yes,NULL,NULL,Y,All standards Met,Met,Met,Met,Met,Met,Met,Met,Met,NULL,NULL,NULL,NULL,NULL,NULL,
147977,2106012,THE BRIDGE SPECIAL EDUCATION NEEDS SCHOOL,Other Independent Special School,Independent special school,15/09/2020,Not applicable,Unknown,None,Non-faith,Ofsted,London,London,Southwark,Croydon West,CR7 7AA,16,NULL,NULL,NULL,NULL,NULL,NULL,NULL,NULL,NULL,NULL,NULL,NULL,NULL,NULL,10286473,Independent School standard inspection,Independent Standard Inspection,14/11/2023,18/01/2024,2,2,2,2,2,Yes,NULL,NULL,Y,All standards Met,Met,Met,Met,Met,Met,Met,Met,Met,NULL,NULL,NULL,NULL,NULL,NULL,
147980,9296010,Rosewood Independent School,Other Independent Special School,Independent special school,02/09/2020,Does not have a sixth form,None,None,Non-faith,Ofsted,"North East, Yorkshire and the Humber",North East,Northumberland,Blyth and Ashington,NE61 6DR,31,NULL,NULL,NULL,NULL,NULL,NULL,NULL,NULL,NULL,NULL,NULL,NULL,NULL,NULL,10286472,Independent School standard inspection,Independent Standard Inspection,17/10/2023,29/11/2023,2,2,2,2,2,Yes,NULL,NULL,Y,All standards Met,Met,Met,Met,Met,Met,Met,Met,Met,NULL,NULL,NULL,NULL,NULL,NULL,
147983,3816024,Millcourt School,Other Independent Special School,Independent special school,30/09/2020,Not applicable,Unknown,None,Non-faith,Ofsted,"North East, Yorkshire and the Humber",Yorkshire and the Humber,Calderdale,Halifax,HX3 7PA,62,NULL,NULL,NULL,NULL,NULL,NULL,NULL,NULL,NULL,NULL,NULL,NULL,NULL,NULL,10286474,Independent School standard inspection,Independent Standard Inspection,03/10/2023,20/11/2023,2,2,1,1,2,Yes,NULL,NULL,Y,All standards Met,Met,Met,Met,Met,Met,Met,Met,Met,NULL,NULL,NULL,NULL,NULL,NULL,
147985,8616023,Rowan House School,Other Independent Special School,Independent special school,07/08/2020,Not applicable,Unknown,None,Non-faith,Ofsted,West Midlands,West Midlands,Stoke-on-Trent,Stoke-on-Trent South,ST3 6AT,6,NULL,NULL,NULL,NULL,NULL,NULL,NULL,NULL,NULL,NULL,NULL,NULL,NULL,NULL,10310187,Independent School standard inspection,Independent Standard Inspection,20/02/2024,21/04/2024,2,2,2,2,2,Yes,NULL,NULL,Y,All standards Met,Met,Met,Met,Met,Met,Met,Met,Met,NULL,NULL,NULL,NULL,NULL,NULL,
147991,2036009,Serenity School Eltham,Other Independent Special School,Independent special school,29/01/2021,Not applicable,Unknown,None,Non-faith,Ofsted,London,London,Greenwich,Eltham and Chislehurst,SE9 5NP,140,NULL,NULL,NULL,NULL,NULL,NULL,NULL,NULL,NULL,NULL,NULL,NULL,NULL,NULL,10375113,Independent School standard inspection,Independent Standard Inspection,17/06/2025,21/09/2025,1,1,1,1,1,Yes,1,NULL,Y,All standards Met,Met,Met,Met,Met,Met,Met,Met,Met,NULL,NULL,NULL,NULL,NULL,NULL,
148027,8556052,The Cedars,Other Independent Special School,Independent special school,21/08/2020,Not applicable,Unknown,None,Non-faith,Ofsted,East Midlands,East Midlands,Leicestershire,Hinckley and Bosworth,LE9 8JF,4,NULL,NULL,NULL,NULL,NULL,NULL,NULL,NULL,NULL,NULL,NULL,NULL,NULL,NULL,10342167,Independent School standard inspection,Independent Standard Inspection,12/11/2024,11/12/2024,1,1,1,1,1,Yes,NULL,NULL,Y,All standards Met,Met,Met,Met,Met,Met,Met,Met,Met,NULL,NULL,NULL,NULL,NULL,NULL,
148032,9376028,Arise Education,Other Independent School,Independent faith school,08/10/2020,Has a sixth form,Unknown,Christian,Christian,Ofsted,West Midlands,West Midlands,Warwickshire,Warwick and Leamington,CV31 2HB,31,NULL,NULL,NULL,NULL,NULL,NULL,NULL,NULL,NULL,NULL,NULL,NULL,NULL,NULL,10322604,Independent School standard inspection,Independent Standard Inspection,23/04/2024,09/06/2024,1,1,1,1,1,Yes,NULL,NULL,Y,All standards Met,Met,Met,Met,Met,Met,Met,Met,Met,NULL,NULL,NULL,NULL,NULL,NULL,
148037,8616024,The Oaks,Other Independent Special School,Independent special school,03/12/2020,Not applicable,None,None,Non-faith,Ofsted,West Midlands,West Midlands,Stoke-on-Trent,Stoke-on-Trent North,ST6 6FF,50,NULL,NULL,NULL,NULL,NULL,NULL,NULL,NULL,NULL,NULL,NULL,NULL,NULL,NULL,10360885,Independent School standard inspection,Independent Standard Inspection,05/11/2024,28/11/2024,2,2,1,1,1,Yes,NULL,NULL,Y,All standards Met,Met,Met,Met,Met,Met,Met,Met,Met,NULL,NULL,NULL,NULL,NULL,NULL,
148041,8936040,Westbury School,Other Independent Special School,Independent special school,02/03/2021,Not applicable,None,None,Non-faith,Ofsted,West Midlands,West Midlands,Shropshire,Shrewsbury,SY5 9QZ,14,NULL,NULL,NULL,NULL,NULL,NULL,NULL,NULL,NULL,NULL,NULL,NULL,NULL,NULL,10374913,Independent School standard inspection,Independent Standard Inspection,03/06/2025,08/07/2025,2,2,1,1,2,Yes,NULL,NULL,Y,All standards Met,Met,Met,Met,Met,Met,Met,Met,Met,NULL,NULL,NULL,NULL,NULL,NULL,
148043,3066024,Aya College (Educational Provision),Other Independent School,Other independent school,06/11/2020,Has a sixth form,None,None,Non-faith,Ofsted,London,London,Croydon,Croydon West,SE25 5PQ,0,NULL,NULL,NULL,NULL,NULL,NULL,NULL,NULL,NULL,NULL,NULL,NULL,NULL,NULL,10204286,Independent school standard inspection - first,Independent Standard Inspection,04/05/2022,29/06/2022,3,3,2,3,3,Yes,NULL,NULL,Y,Did not meet all standards,Not met,Met,Met,Met,Met,Met,Met,Not met,10302275,Independent school Progress Monitoring inspection,07/11/2023,2023/24,14/12/2023,Met all standards that were checked,
148046,8386013,Graduately Developing Futures,Other Independent Special School,Independent special school,28/06/2021,Not applicable,Unknown,None,Non-faith,Ofsted,South West,South West,Dorset,Mid Dorset and North Poole,BH16 6DA,14,NULL,NULL,NULL,NULL,NULL,NULL,NULL,NULL,NULL,NULL,NULL,NULL,NULL,NULL,10391797,Independent School standard inspection,Independent Standard Inspection,24/06/2025,15/09/2025,2,2,1,2,2,Yes,NULL,NULL,Y,All standards Met,Met,Met,Met,Met,Met,Met,Met,Met,NULL,NULL,NULL,NULL,NULL,NULL,
148047,8956019,Compass Community Cledford Park,Other Independent Special School,Independent special school,17/11/2020,Not applicable,Unknown,None,Non-faith,Ofsted,North West,North West,Cheshire East,Mid Cheshire,CW10 0JN,25,NULL,NULL,NULL,NULL,NULL,NULL,NULL,NULL,NULL,NULL,NULL,NULL,NULL,NULL,10267704,Independent School standard inspection,Independent Standard Inspection,26/04/2023,15/06/2023,2,2,2,2,2,Yes,NULL,NULL,Y,All standards Met,Met,Met,Met,Met,Met,Met,Met,Met,NULL,NULL,NULL,NULL,NULL,NULL,
148051,9376031,ALP Nuneaton,Other Independent Special School,Independent special school,14/01/2021,Not applicable,Unknown,None,Non-faith,Ofsted,West Midlands,West Midlands,Warwickshire,Nuneaton,CV11 4PN,49,NULL,NULL,NULL,NULL,NULL,NULL,NULL,NULL,NULL,NULL,NULL,NULL,NULL,NULL,10342168,Independent School standard inspection,Independent Standard Inspection,19/11/2024,12/01/2025,2,2,2,2,2,Yes,NULL,NULL,Y,All standards Met,Met,Met,Met,Met,Met,Met,Met,Met,NULL,NULL,NULL,NULL,NULL,NULL,
148056,8886123,Pioneer TEC,Other Independent Special School,Independent special school,28/01/2021,Not applicable,Unknown,None,Non-faith,Ofsted,North West,North West,Lancashire,Preston,PR2 2HW,1,NULL,NULL,NULL,NULL,NULL,NULL,NULL,NULL,NULL,NULL,NULL,NULL,NULL,NULL,10299261,Independent School standard inspection,Independent Standard Inspection,01/04/2025,11/05/2025,2,2,2,2,2,Yes,NULL,NULL,Y,All standards Met,Met,Met,Met,Met,Met,Met,Met,Met,NULL,NULL,NULL,NULL,NULL,NULL,
148059,3816025,Compass Community School Willow Park,Other Independent Special School,Independent special school,15/12/2020,Not applicable,Unknown,None,Non-faith,Ofsted,"North East, Yorkshire and the Humber",Yorkshire and the Humber,Calderdale,Halifax,HX6 2BU,45,NULL,NULL,NULL,NULL,NULL,NULL,NULL,NULL,NULL,NULL,NULL,NULL,NULL,NULL,10391798,Independent School standard inspection,Independent Standard Inspection,16/09/2025,16/10/2025,1,1,1,1,1,Yes,NULL,NULL,Y,All standards Met,Met,Met,Met,Met,Met,Met,Met,Met,NULL,NULL,NULL,NULL,NULL,NULL,
148064,3336017,Compass Community School Victoria Park,Other Independent Special School,Independent special school,20/11/2020,Not applicable,Unknown,None,Non-faith,Ofsted,West Midlands,West Midlands,Sandwell,Tipton and Wednesbury,DY4 8SW,25,NULL,NULL,NULL,NULL,NULL,NULL,NULL,NULL,NULL,NULL,NULL,NULL,NULL,NULL,10322606,Independent School standard inspection,Independent Standard Inspection,02/07/2024,18/07/2024,2,2,2,1,2,Yes,NULL,NULL,Y,All standards Met,Met,Met,Met,Met,Met,Met,Met,Met,NULL,NULL,NULL,NULL,NULL,NULL,
148071,3176012,Endeavour House School,Other Independent Special School,Independent special school,21/12/2020,Not applicable,None,None,Non-faith,Ofsted,London,London,Redbridge,Ilford South,IG3 9QA,14,NULL,NULL,NULL,NULL,NULL,NULL,NULL,NULL,NULL,NULL,NULL,NULL,NULL,NULL,10375114,Independent School standard inspection,Independent Standard Inspection,20/05/2025,06/07/2025,2,2,1,1,2,Yes,NULL,NULL,Y,All standards Met,Met,Met,Met,Met,Met,Met,Met,Met,NULL,NULL,NULL,NULL,NULL,NULL,
148112,9316024,Sandwell Learning Centre,Other Independent Special School,Independent special school,13/01/2021,Not applicable,Unknown,None,Non-faith,Ofsted,South East,South East,Oxfordshire,Witney,OX18 2PY,15,NULL,NULL,NULL,NULL,NULL,NULL,NULL,NULL,NULL,NULL,NULL,NULL,NULL,NULL,10342170,Independent School standard inspection,Independent Standard Inspection,11/02/2025,23/03/2025,2,2,2,2,2,Yes,NULL,NULL,Y,All standards Met,Met,Met,Met,Met,Met,Met,Met,Met,NULL,NULL,NULL,NULL,NULL,NULL,
148131,8616026,The Nest,Other Independent Special School,Independent special school,26/01/2021,Not applicable,Unknown,None,Non-faith,Ofsted,West Midlands,West Midlands,Stoke-on-Trent,Stoke-on-Trent North,ST6 4JU,22,NULL,NULL,NULL,NULL,NULL,NULL,NULL,NULL,NULL,NULL,NULL,NULL,NULL,NULL,10267705,Independent School standard inspection,Independent Standard Inspection,04/07/2023,13/09/2023,2,2,2,2,2,Yes,NULL,NULL,Y,All standards Met,Met,Met,Met,Met,Met,Met,Met,Met,NULL,NULL,NULL,NULL,NULL,NULL,
148133,8606069,Elm House School,Other Independent Special School,Independent special school,14/01/2021,Not applicable,Unknown,None,Non-faith,Ofsted,West Midlands,West Midlands,Staffordshire,Staffordshire Moorlands,ST10 1NG,4,NULL,NULL,NULL,NULL,NULL,NULL,NULL,NULL,NULL,NULL,NULL,NULL,NULL,NULL,10342171,Independent School standard inspection,Independent Standard Inspection,08/04/2025,18/05/2025,2,2,2,1,2,Yes,NULL,NULL,Y,All standards Met,Met,Met,Met,Met,Met,Met,Met,Met,NULL,NULL,NULL,NULL,NULL,NULL,
148155,2136019,Woodside School,Other Independent Special School,Independent special school,23/04/2021,Does not have a sixth form,Unknown,None,Non-faith,Ofsted,London,London,Westminster,Cities of London and Westminster,NW8 7NE,1,NULL,NULL,NULL,NULL,NULL,NULL,NULL,NULL,NULL,NULL,NULL,NULL,NULL,NULL,10322608,Independent School standard inspection,Independent Standard Inspection,21/05/2024,16/07/2024,3,3,2,2,3,Yes,NULL,NULL,N,Did not meet all standards,Not met,Met,Not met,Met,Not met,Not met,Not met,Not met,NULL,NULL,NULL,NULL,NULL,NULL,
148157,3306136,Redstone Academy for Girls,Other Independent School,Independent faith school,23/04/2021,Does not have a sixth form,Unknown,Islam,Muslim,Ofsted,West Midlands,West Midlands,Birmingham,Birmingham Ladywood,B12 9AN,108,NULL,NULL,NULL,NULL,NULL,NULL,NULL,NULL,NULL,NULL,NULL,NULL,NULL,NULL,10374914,Independent School standard inspection,Independent Standard Inspection,20/05/2025,30/06/2025,2,2,2,2,2,Yes,NULL,NULL,N,All standards Met,Met,Met,Met,Met,Met,Met,Met,Met,NULL,NULL,NULL,NULL,NULL,NULL,
148175,3826020,ES Independent School Kirklees,Other Independent School,Other independent school,21/12/2020,Has a sixth form,Unknown,None,Non-faith,Ofsted,"North East, Yorkshire and the Humber",Yorkshire and the Humber,Kirklees,Huddersfield,HD1 4EN,17,NULL,NULL,NULL,NULL,NULL,NULL,NULL,NULL,NULL,NULL,NULL,NULL,NULL,NULL,10342172,Independent School standard inspection,Independent Standard Inspection,24/06/2025,22/07/2025,2,2,2,2,2,Yes,NULL,NULL,Y,All standards Met,Met,Met,Met,Met,Met,Met,Met,Met,NULL,NULL,NULL,NULL,NULL,NULL,
148176,8656053,The Eaves Learning Centre,Other Independent Special School,Independent special school,12/01/2021,Not applicable,None,None,Non-faith,Ofsted,South West,South West,Wiltshire,South West Wiltshire,BA13 4LF,18,NULL,NULL,NULL,NULL,NULL,NULL,NULL,NULL,NULL,NULL,NULL,NULL,NULL,NULL,10342173,Independent School standard inspection,Independent Standard Inspection,25/03/2025,08/05/2025,2,2,2,2,2,Yes,NULL,NULL,Y,All standards Met,Met,Met,Met,Met,Met,Met,Met,Met,NULL,NULL,NULL,NULL,NULL,NULL,
148180,8786085,The Wildings,Other Independent Special School,Independent special school,25/03/2021,Not applicable,Unknown,None,Non-faith,Ofsted,South West,South West,Devon,Honiton and Sidmouth,EX5 2RR,10,NULL,NULL,NULL,NULL,NULL,NULL,NULL,NULL,NULL,NULL,NULL,NULL,NULL,NULL,10322166,Independent School standard inspection,Independent Standard Inspection,18/06/2024,02/10/2024,2,2,2,2,2,Yes,NULL,NULL,Y,All standards Met,Met,Met,Met,Met,Met,Met,Met,Met,NULL,NULL,NULL,NULL,NULL,NULL,
148188,8916045,Progression 2 Work,Other Independent Special School,Independent special school,09/09/2021,Not applicable,None,None,Non-faith,Ofsted,East Midlands,East Midlands,Nottinghamshire,Broxtowe,NG16 2EZ,8,NULL,NULL,NULL,NULL,NULL,NULL,NULL,NULL,NULL,NULL,NULL,NULL,NULL,NULL,10374826,Independent School standard inspection,Independent Standard Inspection,17/06/2025,07/09/2025,3,3,2,2,2,Yes,NULL,NULL,Y,All standards Met,Met,Met,Met,Met,Met,Met,Met,Met,NULL,NULL,NULL,NULL,NULL,NULL,
148189,9256058,Aspiration House School,Other Independent Special School,Independent special school,29/01/2021,Not applicable,Unknown,None,Non-faith,Ofsted,East Midlands,East Midlands,Lincolnshire,Boston and Skegness,PE22 0NX,9,NULL,NULL,NULL,NULL,NULL,NULL,NULL,NULL,NULL,NULL,NULL,NULL,NULL,NULL,10322517,Independent School standard inspection,Independent Standard Inspection,16/09/2025,06/02/2026,4,4,3,3,4,Yes,NULL,NULL,Y,Did not meet all standards,Not met,Met,Not met,Met,Met,Met,Met,Not met,10437608,Independent school Progress Monitoring inspection,21/01/2026,2025/26,01/03/2026,Did not meet all standards that were checked,
148190,3136008,Unique Academy,Other Independent School,Independent faith school,16/03/2021,Does not have a sixth form,Unknown,Muslim,Muslim,Ofsted,London,London,Hounslow,Feltham and Heston,TW5 9WA,70,NULL,NULL,NULL,NULL,NULL,NULL,NULL,NULL,NULL,NULL,NULL,NULL,NULL,NULL,10375116,Independent School standard inspection,Independent Standard Inspection,15/07/2025,16/09/2025,2,2,2,2,2,Yes,2,NULL,Y,All standards Met,Met,Met,Met,Met,Met,Met,Met,Met,NULL,NULL,NULL,NULL,NULL,NULL,
148199,3416019,Cavendish View School,Other Independent Special School,Independent special school,11/02/2021,Not applicable,None,None,Non-faith,Ofsted,North West,North West,Liverpool,Liverpool Walton,L9 1NB,44,NULL,NULL,NULL,NULL,NULL,NULL,NULL,NULL,NULL,NULL,NULL,NULL,NULL,NULL,10322518,Independent School standard inspection,Independent Standard Inspection,21/05/2024,15/07/2024,2,2,2,2,2,Yes,NULL,NULL,Y,All standards Met,Met,Met,Met,Met,Met,Met,Met,Met,NULL,NULL,NULL,NULL,NULL,NULL,
148239,8886125,Mayfield House School,Other Independent Special School,Independent special school,10/02/2021,Not applicable,Unknown,None,Non-faith,Ofsted,North West,North West,Lancashire,Chorley,PR6 0DG,23,NULL,NULL,NULL,NULL,NULL,NULL,NULL,NULL,NULL,NULL,NULL,NULL,NULL,NULL,10391799,Independent School standard inspection,Independent Standard Inspection,08/07/2025,03/12/2025,4,4,4,3,4,No,NULL,NULL,Y,Did not meet all standards,Not met,Not met,Not met,Not met,Not met,Not met,Met,Not met,NULL,NULL,NULL,NULL,NULL,NULL,
148241,3846011,Ivy Lane School,Other Independent Special School,Independent special school,15/12/2020,Not applicable,Does not apply,None,Non-faith,Ofsted,"North East, Yorkshire and the Humber",Yorkshire and the Humber,Wakefield,Wakefield and Rothwell,WF1 4AZ,40,NULL,NULL,NULL,NULL,NULL,NULL,NULL,NULL,NULL,NULL,NULL,NULL,NULL,NULL,10300172,Independent School standard inspection,Independent Standard Inspection,03/10/2023,20/11/2023,2,2,2,2,2,Yes,NULL,NULL,Y,All standards Met,Met,Met,Met,Met,Met,Met,Met,Met,NULL,NULL,NULL,NULL,NULL,NULL,
148243,9376033,THE SECRET GARDEN SCHOOL,Other Independent School,Other independent school,02/03/2021,Has a sixth form,Unknown,None,Non-faith,Ofsted,West Midlands,West Midlands,Warwickshire,North Warwickshire and Bedworth,B46 2RJ,62,NULL,NULL,NULL,NULL,NULL,NULL,NULL,NULL,NULL,NULL,NULL,NULL,NULL,NULL,10342174,Independent School standard inspection,Independent Standard Inspection,15/10/2024,24/11/2024,2,2,2,2,2,Yes,NULL,NULL,Y,All standards Met,Met,Met,Met,Met,Met,Met,Met,Met,NULL,NULL,NULL,NULL,NULL,NULL,
148245,8556054,Henry David Learning Woodfield School,Other Independent Special School,Independent special school,26/01/2021,Not applicable,None,None,Non-faith,Ofsted,East Midlands,East Midlands,Leicestershire,South Leicestershire,LE17 5EE,26,NULL,NULL,NULL,NULL,NULL,NULL,NULL,NULL,NULL,NULL,NULL,NULL,NULL,NULL,10312798,Independent School standard inspection,Independent Standard Inspection,30/01/2024,17/04/2024,3,3,2,3,3,Yes,NULL,NULL,Y,All standards Met,Met,Met,Met,Met,Met,Met,Met,Met,NULL,NULL,NULL,NULL,NULL,NULL,
148248,8606084,JP Alternative Education,Other Independent School,Other independent school,26/04/2021,Has a sixth form,Unknown,None,Non-faith,Ofsted,West Midlands,West Midlands,Staffordshire,Cannock Chase,WS15 2UB,40,NULL,NULL,NULL,NULL,NULL,NULL,NULL,NULL,NULL,NULL,NULL,NULL,NULL,NULL,10284437,Independent School standard inspection,Independent Standard Inspection,17/10/2023,20/11/2023,2,2,2,2,2,Yes,NULL,NULL,Y,All standards Met,Met,Met,Met,Met,Met,Met,Met,Met,NULL,NULL,NULL,NULL,NULL,NULL,
148255,3836014,LS-TEN,Other Independent School,Other independent school,11/01/2021,Has a sixth form,Unknown,None,Non-faith,Ofsted,"North East, Yorkshire and the Humber",Yorkshire and the Humber,Leeds,Leeds South,LS10 1NT,44,NULL,NULL,NULL,NULL,NULL,NULL,NULL,NULL,NULL,NULL,NULL,NULL,NULL,NULL,10342175,Independent School standard inspection,Independent Standard Inspection,12/11/2024,12/01/2025,3,3,2,2,3,Yes,NULL,NULL,Y,All standards Met,Met,Met,Met,Met,Met,Met,Met,Met,NULL,NULL,NULL,NULL,NULL,NULL,
148324,9366048,Cobham Montessori School,Other Independent School,Other independent school,31/03/2021,Does not have a sixth form,None,None,Non-faith,Ofsted,South East,South East,Surrey,Runnymede and Weybridge,KT11 2AF,27,NULL,NULL,NULL,NULL,NULL,NULL,NULL,NULL,NULL,NULL,NULL,NULL,NULL,NULL,10391800,Independent School standard inspection,Independent Standard Inspection,23/09/2025,25/11/2025,1,1,1,1,1,Yes,1,NULL,Y,All standards Met,Met,Met,Met,Met,Met,Met,Met,Met,NULL,NULL,NULL,NULL,NULL,NULL,
148341,8076003,Outwood Alternative Provision Eston,Other Independent School,Other independent school,18/02/2021,Does not have a sixth form,None,None,Non-faith,Ofsted,"North East, Yorkshire and the Humber",North East,Redcar and Cleveland,Redcar,TS6 9AW,91,NULL,NULL,NULL,NULL,NULL,NULL,NULL,NULL,NULL,NULL,NULL,NULL,NULL,NULL,10391801,Independent School standard inspection,Independent Standard Inspection,16/09/2025,09/11/2025,2,2,2,2,2,Yes,NULL,NULL,Y,All standards Met,Met,Met,Met,Met,Met,Met,Met,Met,NULL,NULL,NULL,NULL,NULL,NULL,
148342,9086011,The Lowen School,Other Independent Special School,Independent special school,11/03/2021,Not applicable,Unknown,None,Non-faith,Ofsted,South West,South West,Cornwall,South East Cornwall,PL18 9NS,21,NULL,NULL,NULL,NULL,NULL,NULL,NULL,NULL,NULL,NULL,NULL,NULL,NULL,NULL,10342176,Independent School standard inspection,Independent Standard Inspection,12/11/2024,15/12/2024,1,1,1,1,1,Yes,NULL,NULL,Y,All standards Met,Met,Met,Met,Met,Met,Met,Met,Met,NULL,NULL,NULL,NULL,NULL,NULL,
148346,9266030,Banks House School,Other Independent Special School,Independent special school,23/02/2021,Not applicable,None,None,Non-faith,Ofsted,East of England,East of England,Norfolk,Norwich South,NR5 9HA,8,NULL,NULL,NULL,NULL,NULL,NULL,NULL,NULL,NULL,NULL,NULL,NULL,NULL,NULL,10321512,Independent School standard inspection,Independent Standard Inspection,18/06/2024,16/07/2024,1,1,1,1,1,Yes,NULL,NULL,Y,All standards Met,Met,Met,Met,Met,Met,Met,Met,Met,NULL,NULL,NULL,NULL,NULL,NULL,
148356,9256059,Holton Sleaford Independent School,Other Independent Special School,Independent special school,12/02/2021,Has a sixth form,Unknown,None,Non-faith,Ofsted,East Midlands,East Midlands,Lincolnshire,Sleaford and North Hykeham,NG34 7RJ,79,NULL,NULL,NULL,NULL,NULL,NULL,NULL,NULL,NULL,NULL,NULL,NULL,NULL,NULL,10374827,Independent School standard inspection,Independent Standard Inspection,10/06/2025,16/07/2025,2,2,2,2,2,Yes,NULL,2,Y,All standards Met,Met,Met,Met,Met,Met,Met,Met,Met,NULL,NULL,NULL,NULL,NULL,NULL,
148358,3086015,Silverways School,Other Independent Special School,Independent special school,12/04/2021,Not applicable,Unknown,None,Non-faith,Ofsted,London,London,Enfield,Enfield North,EN1 3EG,50,NULL,NULL,NULL,NULL,NULL,NULL,NULL,NULL,NULL,NULL,NULL,NULL,NULL,NULL,10391802,Independent School standard inspection,Independent Standard Inspection,08/07/2025,17/09/2025,2,2,1,1,2,Yes,NULL,NULL,Y,All standards Met,Met,Met,Met,Met,Met,Met,Met,Met,NULL,NULL,NULL,NULL,NULL,NULL,
148360,9266031,Aurora White House School,Other Independent Special School,Independent special school,22/06/2021,Not applicable,Unknown,None,Non-faith,Ofsted,East of England,East of England,Norfolk,Mid Norfolk,NR16 2NZ,62,NULL,NULL,NULL,NULL,NULL,NULL,NULL,NULL,NULL,NULL,NULL,NULL,NULL,NULL,10374846,Independent School standard inspection,Independent Standard Inspection,24/06/2025,16/09/2025,2,2,1,1,1,Yes,NULL,NULL,Y,All standards Met,Met,Met,Met,Met,Met,Met,Met,Met,NULL,NULL,NULL,NULL,NULL,NULL,
148394,8016040,Grace Garden School,Other Independent Special School,Independent special school,13/05/2021,Not applicable,Unknown,None,Non-faith,Ofsted,South West,South West,Bristol,Bristol North West,BS9 3PE,35,NULL,NULL,NULL,NULL,NULL,NULL,NULL,NULL,NULL,NULL,NULL,NULL,NULL,NULL,10374881,Independent School standard inspection,Independent Standard Inspection,03/06/2025,13/07/2025,2,2,1,1,2,Yes,NULL,NULL,Y,All standards Met,Met,Met,Met,Met,Met,Met,Met,Met,NULL,NULL,NULL,NULL,NULL,NULL,
148395,9266032,The Damara School,Other Independent Special School,Independent special school,19/04/2021,Not applicable,None,None,Non-faith,Ofsted,East of England,East of England,Norfolk,South West Norfolk,IP24 2EA,27,NULL,NULL,NULL,NULL,NULL,NULL,NULL,NULL,NULL,NULL,NULL,NULL,NULL,NULL,10391803,Independent School standard inspection,Independent Standard Inspection,23/09/2025,09/11/2025,2,2,1,1,2,Yes,NULL,NULL,Y,All standards Met,Met,Met,Met,Met,Met,Met,Met,Met,NULL,NULL,NULL,NULL,NULL,NULL,
148397,8886126,Compass Community School Lancashire,Other Independent Special School,Independent special school,15/03/2021,Not applicable,Unknown,None,Non-faith,Ofsted,North West,North West,Lancashire,Burnley,BB10 2RA,6,NULL,NULL,NULL,NULL,NULL,NULL,NULL,NULL,NULL,NULL,NULL,NULL,NULL,NULL,10299262,Independent School standard inspection,Independent Standard Inspection,06/02/2024,24/03/2024,2,2,2,2,2,Yes,NULL,NULL,Y,All standards Met,Met,Met,Met,Met,Met,Met,Met,Met,NULL,NULL,NULL,NULL,NULL,NULL,
148398,9376034,Mill House School,Other Independent Special School,Independent special school,26/04/2021,Has a sixth form,None,None,Non-faith,Ofsted,West Midlands,West Midlands,Warwickshire,North Warwickshire and Bedworth,CV7 7JE,38,NULL,NULL,NULL,NULL,NULL,NULL,NULL,NULL,NULL,NULL,NULL,NULL,NULL,NULL,10374915,Independent School standard inspection,Independent Standard Inspection,24/06/2025,10/09/2025,2,2,1,1,2,Yes,NULL,NULL,Y,All standards Met,Met,Met,Met,Met,Met,Met,Met,Met,NULL,NULL,NULL,NULL,NULL,NULL,
148406,8306055,Spring Valley School,Other Independent Special School,Independent special school,31/03/2021,Not applicable,Unknown,None,Non-faith,Ofsted,East Midlands,East Midlands,Derbyshire,Erewash,DE72 3AU,10,NULL,NULL,NULL,NULL,NULL,NULL,NULL,NULL,NULL,NULL,NULL,NULL,NULL,NULL,10342177,Independent School standard inspection,Independent Standard Inspection,11/02/2025,23/03/2025,2,2,2,2,2,Yes,NULL,NULL,Y,All standards Met,Met,Met,Met,Met,Met,Met,Met,Met,NULL,NULL,NULL,NULL,NULL,NULL,
148415,3076012,Seva Education,Other Independent Special School,Independent special school,04/12/2020,Not applicable,None,None,Non-faith,Ofsted,London,London,Ealing,Harrow West,HA2 8LF,53,NULL,NULL,NULL,NULL,NULL,NULL,NULL,NULL,NULL,NULL,NULL,NULL,NULL,NULL,10375117,Independent School standard inspection,Independent Standard Inspection,10/06/2025,03/08/2025,2,2,1,2,2,Yes,NULL,2,Y,All standards Met,Met,Met,Met,Met,Met,Met,Met,Met,NULL,NULL,NULL,NULL,NULL,NULL,
148418,8026011,Seven Hills,Other Independent Special School,Independent special school,29/03/2021,Not applicable,Unknown,None,Non-faith,Ofsted,South West,South West,North Somerset,North Somerset,BS21 6EX,11,NULL,NULL,NULL,NULL,NULL,NULL,NULL,NULL,NULL,NULL,NULL,NULL,NULL,NULL,10286479,Independent School standard inspection,Independent Standard Inspection,01/11/2023,11/12/2023,2,2,2,1,2,Yes,NULL,NULL,Y,All standards Met,Met,Met,Met,Met,Met,Met,Met,Met,NULL,NULL,NULL,NULL,NULL,NULL,
148419,8856072,Abigail's Place,Other Independent Special School,Independent special school,20/04/2021,Not applicable,None,None,Non-faith,Ofsted,West Midlands,West Midlands,Worcestershire,Droitwich and Evesham,WR5 1RS,18,NULL,NULL,NULL,NULL,NULL,NULL,NULL,NULL,NULL,NULL,NULL,NULL,NULL,NULL,10374916,Independent School standard inspection,Independent Standard Inspection,20/05/2025,29/06/2025,2,2,1,2,2,Yes,NULL,NULL,Y,All standards Met,Met,Met,Met,Met,Met,Met,Met,Met,NULL,NULL,NULL,NULL,NULL,NULL,
148420,8266019,KWS Milton Keynes,Other Independent Special School,Independent special school,21/07/2021,Not applicable,Unknown,None,Non-faith,Ofsted,South East,South East,Milton Keynes,Buckingham and Bletchley,MK2 3HU,6,NULL,NULL,NULL,NULL,NULL,NULL,NULL,NULL,NULL,NULL,NULL,NULL,NULL,NULL,10375009,Independent School standard inspection,Independent Standard Inspection,08/07/2025,16/09/2025,2,2,1,2,2,Yes,NULL,NULL,Y,All standards Met,Met,Met,Met,Met,Met,Met,Met,Met,NULL,NULL,NULL,NULL,NULL,NULL,
148425,9356029,Ness Point School,Other Independent Special School,Independent special school,05/05/2021,Not applicable,Unknown,None,Non-faith,Ofsted,East of England,East of England,Suffolk,Lowestoft,NR32 1NL,25,NULL,NULL,NULL,NULL,NULL,NULL,NULL,NULL,NULL,NULL,NULL,NULL,NULL,NULL,10374848,Independent School standard inspection,Independent Standard Inspection,08/07/2025,18/09/2025,2,2,2,2,2,Yes,NULL,NULL,Y,All standards Met,Met,Met,Met,Met,Met,Met,Met,Met,NULL,NULL,NULL,NULL,NULL,NULL,
148472,9196018,Redbourn Park School,Other Independent Special School,Independent special school,06/05/2021,Not applicable,None,None,Non-faith,Ofsted,East of England,East of England,Hertfordshire,Hemel Hempstead,HP2 6BH,23,NULL,NULL,NULL,NULL,NULL,NULL,NULL,NULL,NULL,NULL,NULL,NULL,NULL,NULL,10321487,Independent School standard inspection,Independent Standard Inspection,11/06/2024,15/07/2024,2,2,2,2,2,Yes,NULL,NULL,Y,All standards Met,Met,Met,Met,Met,Met,Met,Met,Met,NULL,NULL,NULL,NULL,NULL,NULL,
148475,3556019,Me'or High School,Other Independent School,Independent faith school,23/02/2021,Does not have a sixth form,Unknown,Orthodox Jewish,Jewish,Ofsted,North West,North West,Salford,Bury South,M7 4NA,69,NULL,NULL,NULL,NULL,NULL,NULL,NULL,NULL,NULL,NULL,NULL,NULL,NULL,NULL,10375141,Independent School standard inspection,Independent Standard Inspection,08/07/2025,09/09/2025,2,2,2,2,2,Yes,NULL,NULL,Y,All standards Met,Met,Met,Met,Met,Met,Met,Met,Met,NULL,NULL,NULL,NULL,NULL,NULL,
148537,3816026,Brearley Hall School,Other Independent Special School,Independent special school,27/04/2021,Not applicable,Unknown,None,Non-faith,Ofsted,"North East, Yorkshire and the Humber",Yorkshire and the Humber,Calderdale,Calder Valley,HX2 6HP,38,NULL,NULL,NULL,NULL,NULL,NULL,NULL,NULL,NULL,NULL,NULL,NULL,NULL,NULL,10391804,Independent School standard inspection,Independent Standard Inspection,23/09/2025,12/11/2025,2,2,2,2,2,Yes,NULL,NULL,Y,All standards Met,Met,Met,Met,Met,Met,Met,Met,Met,NULL,NULL,NULL,NULL,NULL,NULL,
148542,3526016,Progress Schools - Gorton,Other Independent School,Other independent school,13/04/2021,Does not have a sixth form,Unknown,None,Non-faith,Ofsted,North West,North West,Manchester,Gorton and Denton,M12 5PX,20,NULL,NULL,NULL,NULL,NULL,NULL,NULL,NULL,NULL,NULL,NULL,NULL,NULL,NULL,10322520,Independent School standard inspection,Independent Standard Inspection,18/06/2024,18/07/2024,3,3,2,2,2,Yes,NULL,NULL,Y,All standards Met,Met,Met,Met,Met,Met,Met,Met,Met,NULL,NULL,NULL,NULL,NULL,NULL,
148552,8456067,ISP School,Other Independent Special School,Independent special school,05/08/2021,Not applicable,Does not apply,None,Non-faith,Ofsted,South East,South East,East Sussex,Bexhill and Battle,TN33 0TX,47,NULL,NULL,NULL,NULL,NULL,NULL,NULL,NULL,NULL,NULL,NULL,NULL,NULL,NULL,10391805,Independent School standard inspection,Independent Standard Inspection,16/09/2025,14/10/2025,2,2,1,1,2,Yes,NULL,NULL,Y,All standards Met,Met,Met,Met,Met,Met,Met,Met,Met,NULL,NULL,NULL,NULL,NULL,NULL,
148556,8946013,Rodenhurst School,Other Independent Special School,Independent special school,05/07/2021,Not applicable,Unknown,None,Non-faith,Ofsted,West Midlands,West Midlands,Telford and Wrekin,The Wrekin,SY4 4QU,14,NULL,NULL,NULL,NULL,NULL,NULL,NULL,NULL,NULL,NULL,NULL,NULL,NULL,NULL,10284438,Independent School standard inspection,Independent Standard Inspection,14/05/2024,19/06/2024,2,2,2,2,2,Yes,NULL,NULL,Y,All standards Met,Met,Met,Met,Met,Met,Met,Met,Met,NULL,NULL,NULL,NULL,NULL,NULL,
148557,8866162,ISP School Whitstable,Other Independent Special School,Independent special school,22/06/2021,Not applicable,Unknown,None,Non-faith,Ofsted,South East,South East,Kent,Canterbury,CT5 1JD,15,NULL,NULL,NULL,NULL,NULL,NULL,NULL,NULL,NULL,NULL,NULL,NULL,NULL,NULL,10391806,Independent School standard inspection,Independent Standard Inspection,23/09/2025,09/11/2025,2,2,2,1,2,Yes,NULL,NULL,Y,All standards Met,Met,Met,Met,Met,Met,Met,Met,Met,NULL,NULL,NULL,NULL,NULL,NULL,
148566,8776014,Birchwood School,Other Independent Special School,Independent special school,22/06/2021,Not applicable,Unknown,None,Non-faith,Ofsted,North West,North West,Warrington,Warrington North,WA3 7PW,38,NULL,NULL,NULL,NULL,NULL,NULL,NULL,NULL,NULL,NULL,NULL,NULL,NULL,NULL,10375142,Independent School standard inspection,Independent Standard Inspection,17/06/2025,11/09/2025,2,2,1,2,2,Yes,NULL,NULL,Y,All standards Met,Met,Met,Met,Met,Met,Met,Met,Met,NULL,NULL,NULL,NULL,NULL,NULL,
148568,8906010,Tower Learning Centre Independent School,Other Independent School,Other independent school,06/05/2021,Does not have a sixth form,Unknown,None,Non-faith,Ofsted,North West,North West,Blackpool,Blackpool South,FY1 3QE,15,NULL,NULL,NULL,NULL,NULL,NULL,NULL,NULL,NULL,NULL,NULL,NULL,NULL,NULL,10375143,Independent School standard inspection,Independent Standard Inspection,08/07/2025,23/09/2025,2,2,2,2,2,Yes,NULL,NULL,Y,All standards Met,Met,Met,Met,Met,Met,Met,Met,Met,NULL,NULL,NULL,NULL,NULL,NULL,
148587,8936079,Compass Community School Vicarage Park,Other Independent Special School,Independent special school,23/04/2021,Not applicable,Unknown,None,Non-faith,Ofsted,West Midlands,West Midlands,Shropshire,South Shropshire,DY14 8UH,15,NULL,NULL,NULL,NULL,NULL,NULL,NULL,NULL,NULL,NULL,NULL,NULL,NULL,NULL,10391808,Independent School standard inspection,Independent Standard Inspection,30/09/2025,22/10/2025,3,3,2,2,2,Yes,NULL,NULL,Y,All standards Met,Met,Met,Met,Met,Met,Met,Met,Met,NULL,NULL,NULL,NULL,NULL,NULL,
148600,3136009,Eagle Park Independent School,Other Independent Special School,Independent special school,28/07/2021,Not applicable,None,None,Non-faith,Ofsted,London,London,Hounslow,Hammersmith and Chiswick,W3 8JY,31,NULL,NULL,NULL,NULL,NULL,NULL,NULL,NULL,NULL,NULL,NULL,NULL,NULL,NULL,10226780,Independent school standard inspection - first,Independent Standard Inspection,21/09/2022,10/11/2022,2,2,2,2,2,Yes,NULL,NULL,Y,All standards Met,Met,Met,Met,Met,Met,Met,Met,Met,NULL,NULL,NULL,NULL,NULL,NULL,
148620,3416022,NexGen Academy,Other Independent School,Other independent school,19/08/2021,Not applicable,Unknown,None,Non-faith,Ofsted,North West,North West,Liverpool,Liverpool West Derby,L14 9BA,13,NULL,NULL,NULL,NULL,NULL,NULL,NULL,NULL,NULL,NULL,NULL,NULL,NULL,NULL,10375144,Independent School standard inspection,Independent Standard Inspection,10/06/2025,03/07/2025,2,2,2,2,2,Yes,NULL,NULL,Y,All standards Met,Met,Met,Met,Met,Met,Met,Met,Met,NULL,NULL,NULL,NULL,NULL,NULL,
148621,8806008,Preston Bridge School,Other Independent Special School,Independent special school,26/07/2021,Not applicable,Unknown,None,Non-faith,Ofsted,South West,South West,Torbay,Torbay,TQ3 2AF,65,NULL,NULL,NULL,NULL,NULL,NULL,NULL,NULL,NULL,NULL,NULL,NULL,NULL,NULL,10374882,Independent School standard inspection,Independent Standard Inspection,17/06/2025,08/09/2025,2,2,1,1,1,Yes,NULL,2,Y,All standards Met,Met,Met,Met,Met,Met,Met,Met,Met,NULL,NULL,NULL,NULL,NULL,NULL,
148625,9316025,Huckleberry Therapeutic School,Other Independent Special School,Independent special school,18/08/2021,Not applicable,None,None,Non-faith,Ofsted,South East,South East,Oxfordshire,Didcot and Wantage,OX12 8NE,14,NULL,NULL,NULL,NULL,NULL,NULL,NULL,NULL,NULL,NULL,NULL,NULL,NULL,NULL,10299263,Independent School standard inspection,Independent Standard Inspection,06/02/2024,14/03/2024,2,2,2,2,2,Yes,NULL,NULL,Y,All standards Met,Met,Met,Met,Met,Met,Met,Met,Met,NULL,NULL,NULL,NULL,NULL,NULL,
148631,9366051,Fernways School,Other Independent Special School,Independent special school,12/08/2021,Not applicable,Unknown,None,Non-faith,Ofsted,South East,South East,Surrey,Surrey Heath,GU20 6AB,49,NULL,NULL,NULL,NULL,NULL,NULL,NULL,NULL,NULL,NULL,NULL,NULL,NULL,NULL,10375010,Independent School standard inspection,Independent Standard Inspection,03/06/2025,10/07/2025,2,2,1,2,2,Yes,NULL,NULL,Y,All standards Met,Met,Met,Met,Met,Met,Met,Met,Met,NULL,NULL,NULL,NULL,NULL,NULL,
148632,8866164,MEPA ACADEMY,Other Independent School,Other independent school,09/09/2021,Does not have a sixth form,None,None,Non-faith,Ofsted,South East,South East,Kent,Maidstone and Malling,ME14 1PF,22,NULL,NULL,NULL,NULL,NULL,NULL,NULL,NULL,NULL,NULL,NULL,NULL,NULL,NULL,10391811,Independent School standard inspection,Independent Standard Inspection,23/09/2025,09/11/2025,2,2,1,1,2,Yes,NULL,NULL,Y,All standards Met,Met,Met,Met,Met,Met,Met,Met,Met,NULL,NULL,NULL,NULL,NULL,NULL,
148642,3326012,Priory Park Community School,Other Independent School,Other independent school,22/09/2021,Does not have a sixth form,None,None,Non-faith,Ofsted,West Midlands,West Midlands,Dudley,Dudley,DY1 3JY,33,NULL,NULL,NULL,NULL,NULL,NULL,NULL,NULL,NULL,NULL,NULL,NULL,NULL,NULL,10391812,Independent School standard inspection,Independent Standard Inspection,03/06/2025,01/07/2025,2,2,2,1,2,Yes,NULL,NULL,Y,All standards Met,Met,Met,Met,Met,Met,Met,Met,Met,NULL,NULL,NULL,NULL,NULL,NULL,
148643,3366008,Progress Schools - Wolverhampton,Other Independent School,Other independent school,10/08/2021,Does not have a sixth form,Unknown,None,Non-faith,Ofsted,West Midlands,West Midlands,Wolverhampton,Wolverhampton West,WV3 0NR,18,NULL,NULL,NULL,NULL,NULL,NULL,NULL,NULL,NULL,NULL,NULL,NULL,NULL,NULL,10299264,Independent School standard inspection,Independent Standard Inspection,23/01/2024,08/02/2024,2,2,2,2,2,Yes,NULL,NULL,Y,All standards Met,Met,Met,Met,Met,Met,Met,Met,Met,NULL,NULL,NULL,NULL,NULL,NULL,
148644,3306137,Myles Academy,Other Independent Special School,Independent special school,13/08/2021,Not applicable,Unknown,None,Non-faith,Ofsted,West Midlands,West Midlands,Birmingham,Birmingham Ladywood,B21 0PD,17,NULL,NULL,NULL,NULL,NULL,NULL,NULL,NULL,NULL,NULL,NULL,NULL,NULL,NULL,10374917,Independent School standard inspection,Independent Standard Inspection,17/06/2025,07/09/2025,1,1,1,1,1,Yes,NULL,NULL,Y,All standards Met,Met,Met,Met,Met,Met,Met,Met,Met,NULL,NULL,NULL,NULL,NULL,NULL,
148646,8906011,BFC School,Other Independent School,Other independent school,05/10/2021,Does not have a sixth form,Unknown,None,Non-faith,Ofsted,North West,North West,Blackpool,Blackpool South,FY1 6JJ,20,NULL,NULL,NULL,NULL,NULL,NULL,NULL,NULL,NULL,NULL,NULL,NULL,NULL,NULL,10342180,Independent School standard inspection,Independent Standard Inspection,26/11/2024,12/01/2025,2,2,2,2,2,Yes,NULL,NULL,Y,All standards Met,Met,Met,Met,Met,Met,Met,Met,Met,NULL,NULL,NULL,NULL,NULL,NULL,
148652,3026020,Ateres Beis Yaakov,Other Independent School,Independent faith school,16/08/2021,Does not have a sixth form,Unknown,Orthodox Jewish,Jewish,Ofsted,London,London,Barnet,Hendon,NW4 2NL,78,NULL,NULL,NULL,NULL,NULL,NULL,NULL,NULL,NULL,NULL,NULL,NULL,NULL,NULL,10322609,Independent School standard inspection,Independent Standard Inspection,18/06/2024,14/07/2024,2,2,1,1,2,Yes,2,NULL,Y,All standards Met,Met,Met,Met,Met,Met,Met,Met,Met,NULL,NULL,NULL,NULL,NULL,NULL,
148662,9166027,Aurora Severnside School,Other Independent Special School,Independent special school,27/07/2021,Not applicable,None,None,Non-faith,Ofsted,South West,South West,Gloucestershire,Stroud,GL13 9FB,39,NULL,NULL,NULL,NULL,NULL,NULL,NULL,NULL,NULL,NULL,NULL,NULL,NULL,NULL,10391813,Independent School standard inspection,Independent Standard Inspection,08/07/2025,09/09/2025,2,2,2,1,2,Yes,NULL,NULL,Y,All standards Met,Met,Met,Met,Met,Met,Met,Met,Met,NULL,NULL,NULL,NULL,NULL,NULL,
148729,8076005,Invested Education,Other Independent Special School,Independent special school,29/09/2021,Not applicable,Unknown,None,Non-faith,Ofsted,"North East, Yorkshire and the Humber",North East,Redcar and Cleveland,Redcar,TS11 6AB,19,NULL,NULL,NULL,NULL,NULL,NULL,NULL,NULL,NULL,NULL,NULL,NULL,NULL,NULL,10401990,Independent School standard inspection,Independent Standard Inspection,13/05/2025,23/06/2025,2,2,2,2,2,Yes,NULL,NULL,N,All standards Met,Met,Met,Met,Met,Met,Met,Met,Met,NULL,NULL,NULL,NULL,NULL,NULL,
148732,9376035,The Emscote School,Other Independent School,Other independent school,15/09/2021,Does not have a sixth form,Unknown,None,Non-faith,Ofsted,West Midlands,West Midlands,Warwickshire,Warwick and Leamington,CV34 5JB,32,NULL,NULL,NULL,NULL,NULL,NULL,NULL,NULL,NULL,NULL,NULL,NULL,NULL,NULL,10284439,Independent School standard inspection,Independent Standard Inspection,07/11/2023,14/12/2023,2,2,2,2,2,Yes,NULL,NULL,Y,All standards Met,Met,Met,Met,Met,Met,Met,Met,Met,NULL,NULL,NULL,NULL,NULL,NULL,
148733,8736057,Hope Tree School,Other Independent Special School,Independent special school,11/11/2021,Not applicable,None,None,Non-faith,Ofsted,East of England,East of England,Cambridgeshire,St Neots and Mid Cambridgeshire,CB24 9NG,22,NULL,NULL,NULL,NULL,NULL,NULL,NULL,NULL,NULL,NULL,NULL,NULL,NULL,NULL,10342182,Independent School standard inspection,Independent Standard Inspection,05/11/2024,04/12/2024,2,2,2,2,2,Yes,NULL,NULL,Y,All standards Met,Met,Met,Met,Met,Met,Met,Met,Met,NULL,NULL,NULL,NULL,NULL,NULL,
148734,8606087,Longridge School,Other Independent Special School,Independent special school,23/09/2021,Not applicable,Unknown,None,Non-faith,Ofsted,West Midlands,West Midlands,Staffordshire,"Stone, Great Wyrley and Penkridge",ST18 9AL,13,NULL,NULL,NULL,NULL,NULL,NULL,NULL,NULL,NULL,NULL,NULL,NULL,NULL,NULL,10322610,Independent School standard inspection,Independent Standard Inspection,27/02/2024,18/04/2024,2,2,2,2,2,Yes,NULL,NULL,Y,All standards Met,Met,Met,Met,Met,Met,Met,Met,Met,NULL,NULL,NULL,NULL,NULL,NULL,
148736,9366055,Burstow Park School,Other Independent Special School,Independent special school,06/09/2021,Not applicable,None,None,Non-faith,Ofsted,South East,South East,Surrey,East Surrey,RH6 9TF,71,NULL,NULL,NULL,NULL,NULL,NULL,NULL,NULL,NULL,NULL,NULL,NULL,NULL,NULL,10342183,Independent School standard inspection,Independent Standard Inspection,22/10/2024,01/12/2024,3,3,3,2,3,Yes,NULL,NULL,Y,All standards Met,Met,Met,Met,Met,Met,Met,Met,Met,NULL,NULL,NULL,NULL,NULL,NULL,
148756,9406000,Refocus,Other Independent School,Other independent school,29/09/2021,Does not have a sixth form,None,None,Non-faith,Ofsted,East Midlands,East Midlands,North Northamptonshire,Wellingborough and Rushden,NN8 1HW,46,NULL,NULL,NULL,NULL,NULL,NULL,NULL,NULL,NULL,NULL,NULL,NULL,NULL,NULL,10374828,Independent School standard inspection,Independent Standard Inspection,08/07/2025,10/09/2025,2,2,2,2,2,Yes,NULL,NULL,N,All standards Met,Met,Met,Met,Met,Met,Met,Met,Met,NULL,NULL,NULL,NULL,NULL,NULL,
148758,3426006,This Is My Education - TIME,Other Independent Special School,Independent special school,23/02/2022,Not applicable,Unknown,None,Non-faith,Ofsted,North West,North West,St Helens,St Helens South and Whiston,WA10 1UD,7,NULL,NULL,NULL,NULL,NULL,NULL,NULL,NULL,NULL,NULL,NULL,NULL,NULL,NULL,10342184,Independent School standard inspection,Independent Standard Inspection,01/04/2025,14/05/2025,3,3,2,2,3,Yes,NULL,3,Y,Did not meet all standards,Not met,Met,Met,Met,Met,Met,Met,Not met,10444483,Independent school Progress Monitoring inspection,05/03/2026,2025/26,27/04/2026,Met all standards that were checked,
148759,3836015,Core Training and Development limited,Other Independent School,Other independent school,11/03/2022,Does not have a sixth form,Unknown,None,Non-faith,Ofsted,"North East, Yorkshire and the Humber",Yorkshire and the Humber,Leeds,Leeds South West and Morley,LS12 5JB,9,NULL,NULL,NULL,NULL,NULL,NULL,NULL,NULL,NULL,NULL,NULL,NULL,NULL,NULL,10342185,Independent School standard inspection,Independent Standard Inspection,04/02/2025,18/03/2025,3,3,2,3,3,Yes,NULL,NULL,Y,All standards Met,Met,Met,Met,Met,Met,Met,Met,Met,NULL,NULL,NULL,NULL,NULL,NULL,
148761,8786090,Phoenix Bay School,Other Independent Special School,Independent special school,21/09/2021,Not applicable,None,None,Non-faith,Ofsted,South West,South West,Devon,Newton Abbot,TQ12 6NQ,17,NULL,NULL,NULL,NULL,NULL,NULL,NULL,NULL,NULL,NULL,NULL,NULL,NULL,NULL,10321517,Independent School standard inspection,Independent Standard Inspection,30/04/2024,09/06/2024,2,2,2,1,2,Yes,NULL,NULL,Y,All standards Met,Met,Met,Met,Met,Met,Met,Met,Met,NULL,NULL,NULL,NULL,NULL,NULL,
148767,8116023,The Becklands School,Other Independent Special School,Independent special school,30/09/2021,Not applicable,Unknown,None,Non-faith,Ofsted,"North East, Yorkshire and the Humber",Yorkshire and the Humber,East Riding of Yorkshire,Bridlington and The Wolds,YO43 3GA,19,NULL,NULL,NULL,NULL,NULL,NULL,NULL,NULL,NULL,NULL,NULL,NULL,NULL,NULL,10342186,Independent School standard inspection,Independent Standard Inspection,28/01/2025,24/03/2025,2,2,2,2,2,Yes,NULL,NULL,Y,All standards Met,Met,Met,Met,Met,Met,Met,Met,Met,NULL,NULL,NULL,NULL,NULL,NULL,
148796,9436033,Cairn Education CIC,Other Independent Special School,Independent special school,07/01/2022,Not applicable,Does not apply,None,Non-faith,Ofsted,North West,North West,Westmorland and Furness,Westmorland and Lonsdale,LA8 9LN,10,NULL,NULL,NULL,NULL,NULL,NULL,NULL,NULL,NULL,NULL,NULL,NULL,NULL,NULL,10254698,Independent school standard inspection - first,Independent Standard Inspection,14/02/2023,29/03/2023,2,2,2,2,2,Yes,NULL,NULL,N,All standards Met,Met,Met,Met,Met,Met,Met,Met,Met,NULL,NULL,NULL,NULL,NULL,NULL,
148797,3426007,Ash Meadow School,Other Independent Special School,Independent special school,02/03/2022,Not applicable,None,None,Non-faith,Ofsted,North West,North West,St Helens,St Helens South and Whiston,WA9 4RT,32,NULL,NULL,NULL,NULL,NULL,NULL,NULL,NULL,NULL,NULL,NULL,NULL,NULL,NULL,10254709,Independent school standard inspection - first,Independent Standard Inspection,11/07/2023,20/09/2023,2,2,1,2,2,Yes,NULL,NULL,Y,All standards Met,Met,Met,Met,Met,Met,Met,Met,Met,NULL,NULL,NULL,NULL,NULL,NULL,
148804,8076006,Progress Schools - Tees Valley,Other Independent School,Other independent school,16/05/2022,Does not have a sixth form,Unknown,None,Non-faith,Ofsted,"North East, Yorkshire and the Humber",North East,Redcar and Cleveland,Redcar,TS6 9RQ,16,NULL,NULL,NULL,NULL,NULL,NULL,NULL,NULL,NULL,NULL,NULL,NULL,NULL,NULL,10374865,Independent School standard inspection,Independent Standard Inspection,23/09/2025,10/11/2025,2,2,2,2,2,Yes,NULL,NULL,Y,All standards Met,Met,Met,Met,Met,Met,Met,Met,Met,NULL,NULL,NULL,NULL,NULL,NULL,
148805,8786088,On Track Education West Yarner,Other Independent Special School,Independent special school,07/12/2021,Not applicable,Unknown,None,Non-faith,Ofsted,South West,South West,Devon,South Devon,TQ9 6DX,39,NULL,NULL,NULL,NULL,NULL,NULL,NULL,NULL,NULL,NULL,NULL,NULL,NULL,NULL,10391814,Independent School standard inspection,Independent Standard Inspection,01/07/2025,15/09/2025,2,2,2,2,2,Yes,NULL,NULL,Y,All standards Met,Met,Met,Met,Met,Met,Met,Met,Met,NULL,NULL,NULL,NULL,NULL,NULL,
148807,3076014,Blooming Tree Pre Prep School,Other Independent Special School,Independent special school,13/01/2022,Not applicable,None,Does not apply,Non-faith,Ofsted,London,London,Ealing,Ealing Central and Acton,W3 9BJ,42,10427396,Independent School standard inspection,Independent standard inspection,24/02/2026,27/04/2026,Met,Exceptional,Exceptional,Exceptional,Exceptional,Exceptional,Not applicable,Not applicable,Exceptional,10254700,Independent school standard inspection - first,Independent Standard Inspection,17/01/2023,12/03/2023,2,2,1,1,2,Yes,2,NULL,Y,All standards Met,Met,Met,Met,Met,Met,Met,Met,Met,NULL,NULL,NULL,NULL,NULL,NULL,
148808,9356030,Compass Community School Aylward Park,Other Independent Special School,Independent special school,16/11/2021,Not applicable,Unknown,None,Non-faith,Ofsted,East of England,East of England,Suffolk,Suffolk Coastal,IP16 4AX,9,NULL,NULL,NULL,NULL,NULL,NULL,NULL,NULL,NULL,NULL,NULL,NULL,NULL,NULL,10374849,Independent School standard inspection,Independent Standard Inspection,08/07/2025,17/09/2025,2,2,2,2,2,Yes,NULL,NULL,Y,All standards Met,Met,Met,Met,Met,Met,Met,Met,Met,NULL,NULL,NULL,NULL,NULL,NULL,
148827,9256060,Compass Community School Lincolnshire,Other Independent Special School,Independent special school,21/10/2021,Not applicable,Unknown,None,Non-faith,Ofsted,East Midlands,East Midlands,Lincolnshire,Grantham and Bourne,NG34 0DG,17,NULL,NULL,NULL,NULL,NULL,NULL,NULL,NULL,NULL,NULL,NULL,NULL,NULL,NULL,10303421,Independent School standard inspection,Independent Standard Inspection,16/04/2024,24/06/2024,2,2,2,2,2,Yes,NULL,NULL,Y,All standards Met,Met,Met,Met,Met,Met,Met,Met,Met,NULL,NULL,NULL,NULL,NULL,NULL,
148828,9376036,The Haven School Wolston,Other Independent Special School,Independent special school,18/02/2022,Not applicable,Unknown,None,Non-faith,Ofsted,West Midlands,West Midlands,Warwickshire,Rugby,CV8 3FZ,37,NULL,NULL,NULL,NULL,NULL,NULL,NULL,NULL,NULL,NULL,NULL,NULL,NULL,NULL,10254706,Independent school standard inspection - first,Independent Standard Inspection,07/03/2023,09/05/2023,2,2,2,2,2,Yes,NULL,NULL,Y,All standards Met,Met,Met,Met,Met,Met,Met,Met,Met,NULL,NULL,NULL,NULL,NULL,NULL,
148831,8936044,The Fitzroy Academy,Other Independent Special School,Independent special school,07/02/2022,Not applicable,None,None,Non-faith,Ofsted,West Midlands,West Midlands,Shropshire,Shrewsbury,SY5 8PR,20,NULL,NULL,NULL,NULL,NULL,NULL,NULL,NULL,NULL,NULL,NULL,NULL,NULL,NULL,10342188,Independent School standard inspection,Independent Standard Inspection,08/10/2024,17/11/2024,2,2,2,2,2,Yes,NULL,NULL,Y,All standards Met,Met,Met,Met,Met,Met,Met,Met,Met,NULL,NULL,NULL,NULL,NULL,NULL,
148838,8886127,Poplar House School,Other Independent Special School,Independent special school,21/04/2022,Has a sixth form,Unknown,None,Non-faith,Ofsted,North West,North West,Lancashire,Fylde,FY8 1UR,18,NULL,NULL,NULL,NULL,NULL,NULL,NULL,NULL,NULL,NULL,NULL,NULL,NULL,NULL,10267707,Independent school standard inspection - first,Independent Standard Inspection,27/06/2023,30/07/2023,2,2,2,2,2,Yes,NULL,NULL,Y,All standards Met,Met,Met,Met,Met,Met,Met,Met,Met,NULL,NULL,NULL,NULL,NULL,NULL,
148839,8316016,Jasmine Hall School,Other Independent Special School,Independent special school,02/12/2021,Not applicable,None,None,Non-faith,Ofsted,East Midlands,East Midlands,Derby,Derby North,DE22 3FS,26,NULL,NULL,NULL,NULL,NULL,NULL,NULL,NULL,NULL,NULL,NULL,NULL,NULL,NULL,10374829,Independent School standard inspection,Independent Standard Inspection,29/04/2025,08/06/2025,2,2,1,2,2,Yes,NULL,NULL,Y,All standards Met,Met,Met,Met,Met,Met,Met,Met,Met,NULL,NULL,NULL,NULL,NULL,NULL,
148840,3426009,A.R.T.S. Education,Other Independent Special School,Independent special school,23/03/2022,Does not have a sixth form,Unknown,None,Non-faith,Ofsted,North West,North West,St Helens,St Helens North,WA11 8HR,20,NULL,NULL,NULL,NULL,NULL,NULL,NULL,NULL,NULL,NULL,NULL,NULL,NULL,NULL,10342189,Independent School standard inspection,Independent Standard Inspection,25/02/2025,02/04/2025,2,2,2,2,2,Yes,NULL,NULL,Y,All standards Met,Met,Met,Met,Met,Met,Met,Met,Met,NULL,NULL,NULL,NULL,NULL,NULL,
148843,8036011,Neptune School,Other Independent Special School,Independent special school,18/01/2022,Does not have a sixth form,None,None,Non-faith,Ofsted,South West,South West,South Gloucestershire,North East Somerset and Hanham,BS30 5JU,23,NULL,NULL,NULL,NULL,NULL,NULL,NULL,NULL,NULL,NULL,NULL,NULL,NULL,NULL,10342190,Independent School standard inspection,Independent Standard Inspection,15/10/2024,24/11/2024,2,2,2,2,2,Yes,NULL,NULL,Y,All standards Met,Met,Met,Met,Met,Met,Met,Met,Met,NULL,NULL,NULL,NULL,NULL,NULL,
148860,8866168,Life Skills Manor,Other Independent Special School,Independent special school,16/12/2021,Not applicable,None,None,Non-faith,Ofsted,South East,South East,Kent,Herne Bay and Sandwich,CT13 9QL,49,NULL,NULL,NULL,NULL,NULL,NULL,NULL,NULL,NULL,NULL,NULL,NULL,NULL,NULL,10342191,Independent School standard inspection,Independent Standard Inspection,04/03/2025,01/04/2025,1,1,1,1,1,Yes,NULL,NULL,Y,All standards Met,Met,Met,Met,Met,Met,Met,Met,Met,NULL,NULL,NULL,NULL,NULL,NULL,
148862,8866169,Maple Tree Primary School,Other Independent Special School,Independent special school,16/03/2022,Not applicable,None,None,Non-faith,Ofsted,South East,South East,Kent,East Thanet,CT10 2EW,8,NULL,NULL,NULL,NULL,NULL,NULL,NULL,NULL,NULL,NULL,NULL,NULL,NULL,NULL,10246080,Independent school standard inspection - first,Independent Standard Inspection,24/01/2023,15/03/2023,2,2,2,2,2,Yes,NULL,NULL,Y,All standards Met,Met,Met,Met,Met,Met,Met,Met,Met,NULL,NULL,NULL,NULL,NULL,NULL,
148929,3306139,New Horizon Academy,Other Independent Special School,Independent special school,06/09/2022,Not applicable,Unknown,None,Non-faith,Ofsted,West Midlands,West Midlands,Birmingham,Birmingham Erdington,B23 6DY,3,NULL,NULL,NULL,NULL,NULL,NULL,NULL,NULL,NULL,NULL,NULL,NULL,NULL,NULL,10284440,Independent school standard inspection - first,Independent Standard Inspection,14/05/2024,27/06/2024,3,3,2,3,3,Yes,NULL,NULL,Y,Did not meet all standards,Not met,Met,Met,Met,Not met,Met,Met,Not met,10366006,Independent school Progress Monitoring inspection,17/12/2024,2024/25,21/01/2025,Met all standards that were checked,
148930,9366056,Aurora Poppyfield School,Other Independent Special School,Independent special school,09/03/2022,Not applicable,Unknown,None,Non-faith,Ofsted,South East,South East,Surrey,Guildford,KT24 5JP,34,NULL,NULL,NULL,NULL,NULL,NULL,NULL,NULL,NULL,NULL,NULL,NULL,NULL,NULL,10375011,Independent School standard inspection,Independent Standard Inspection,20/05/2025,22/06/2025,2,2,2,2,2,Yes,NULL,NULL,Y,All standards Met,Met,Met,Met,Met,Met,Met,Met,Met,NULL,NULL,NULL,NULL,NULL,NULL,
148931,3436003,Educ8 Liverpool,Other Independent Special School,Independent special school,25/05/2022,Not applicable,None,None,Non-faith,Ofsted,North West,North West,Sefton,Bootle,L21 3TG,29,NULL,NULL,NULL,NULL,NULL,NULL,NULL,NULL,NULL,NULL,NULL,NULL,NULL,NULL,10375145,Independent School standard inspection,Independent Standard Inspection,20/05/2025,07/07/2025,4,3,3,3,4,No,NULL,NULL,Y,Did not meet all standards,Met,Met,Not met,Met,Met,Met,Met,Not met,10417611,Independent school Progress Monitoring inspection,22/10/2025,2025/26,18/11/2025,Did not meet all standards that were checked,
148935,8086009,Kiora Hall,Other Independent Special School,Independent special school,01/09/2022,Not applicable,Unknown,None,Non-faith,Ofsted,"North East, Yorkshire and the Humber",North East,Stockton-on-Tees,Stockton North,TS19 9JS,33,NULL,NULL,NULL,NULL,NULL,NULL,NULL,NULL,NULL,NULL,NULL,NULL,NULL,NULL,10286482,Independent school standard inspection - first,Independent Standard Inspection,26/09/2023,26/10/2023,2,2,2,2,2,Yes,NULL,NULL,Y,All standards Met,Met,Met,Met,Met,Met,Met,Met,Met,NULL,NULL,NULL,NULL,NULL,NULL,
148960,8696021,The Mile House Therapeutic School,Other Independent Special School,Independent special school,16/05/2022,Not applicable,Unknown,None,Non-faith,Ofsted,South East,South East,West Berkshire,Reading West and Mid Berkshire,RG7 5HJ,37,NULL,NULL,NULL,NULL,NULL,NULL,NULL,NULL,NULL,NULL,NULL,NULL,NULL,NULL,10375012,Independent School standard inspection,Independent Standard Inspection,01/07/2025,08/09/2025,3,3,2,2,2,Yes,NULL,NULL,Y,All standards Met,Met,Met,Met,Met,Met,Met,Met,Met,NULL,NULL,NULL,NULL,NULL,NULL,
149017,8906129,Lancashire Alternative Provision,Other Independent School,Other independent school,28/06/2022,Does not have a sixth form,None,None,Non-faith,Ofsted,North West,North West,Blackpool,Blackpool South,FY3 7UN,38,NULL,NULL,NULL,NULL,NULL,NULL,NULL,NULL,NULL,NULL,NULL,NULL,NULL,NULL,10267716,Independent school standard inspection - first,Independent Standard Inspection,20/06/2023,20/09/2023,2,2,2,2,2,Yes,NULL,NULL,Y,All standards Met,Met,Met,Met,Met,Met,Met,Met,Met,NULL,NULL,NULL,NULL,NULL,NULL,
149019,8656059,Coombe House School,Other Independent Special School,Independent special school,06/05/2022,Not applicable,Unknown,None,Non-faith,Ofsted,South West,South West,Wiltshire,Salisbury,SP7 9LP,128,NULL,NULL,NULL,NULL,NULL,NULL,NULL,NULL,NULL,NULL,NULL,NULL,NULL,NULL,10374883,Independent School standard inspection,Independent Standard Inspection,01/07/2025,07/09/2025,2,2,2,1,2,Yes,NULL,NULL,Y,All standards Met,Met,Met,Met,Met,Met,Met,Met,Met,NULL,NULL,NULL,NULL,NULL,NULL,
149020,3546041,Willow View School,Other Independent Special School,Independent special school,04/08/2022,Not applicable,None,None,Non-faith,Ofsted,North West,North West,Rochdale,Heywood and Middleton North,OL12 6BT,27,NULL,NULL,NULL,NULL,NULL,NULL,NULL,NULL,NULL,NULL,NULL,NULL,NULL,NULL,10267727,Independent school standard inspection - first,Independent Standard Inspection,03/05/2023,29/06/2023,2,2,2,2,2,Yes,NULL,NULL,Y,All standards Met,Met,Met,Met,Met,Met,Met,Met,Met,NULL,NULL,NULL,NULL,NULL,NULL,
149024,8606089,Kaleidoscope School,Other Independent Special School,Independent special school,23/08/2022,Not applicable,Unknown,None,Non-faith,Ofsted,West Midlands,West Midlands,Staffordshire,Newcastle-under-Lyme,ST5 0EZ,30,NULL,NULL,NULL,NULL,NULL,NULL,NULL,NULL,NULL,NULL,NULL,NULL,NULL,NULL,10267728,Independent school standard inspection - first,Independent Standard Inspection,07/11/2023,10/12/2023,2,2,2,1,2,Yes,NULL,NULL,Y,All standards Met,Met,Met,Met,Met,Met,Met,Met,Met,NULL,NULL,NULL,NULL,NULL,NULL,
149026,8656060,Meadow Bridge School,Other Independent Special School,Independent special school,20/07/2022,Not applicable,None,None,Non-faith,Ofsted,South West,South West,Wiltshire,South Cotswolds,SN6 6DD,46,NULL,NULL,NULL,NULL,NULL,NULL,NULL,NULL,NULL,NULL,NULL,NULL,NULL,NULL,10267721,Independent school standard inspection - first,Independent Standard Inspection,26/04/2023,15/06/2023,2,2,2,2,2,Yes,NULL,NULL,Y,All standards Met,Met,Met,Met,Met,Met,Met,Met,Met,NULL,NULL,NULL,NULL,NULL,NULL,
149028,8506106,Bere Clinic School,Other Independent School,Other independent school,19/07/2022,Has a sixth form,Unknown,None,Non-faith,Ofsted,South East,South East,Hampshire,Fareham and Waterlooville,PO8 8QT,12,NULL,NULL,NULL,NULL,NULL,NULL,NULL,NULL,NULL,NULL,NULL,NULL,NULL,NULL,10267722,Independent school standard inspection - first,Independent Standard Inspection,21/06/2023,27/07/2023,2,2,1,1,2,Yes,NULL,NULL,Y,All standards Met,Met,Met,Met,Met,Met,Met,Met,Met,NULL,NULL,NULL,NULL,NULL,NULL,
149070,8866170,King's Reach Education,Other Independent Special School,Independent special school,26/05/2022,Not applicable,Unknown,Christian,Christian,Ofsted,South East,South East,Kent,Faversham and Mid Kent,ME15 8SW,10,NULL,NULL,NULL,NULL,NULL,NULL,NULL,NULL,NULL,NULL,NULL,NULL,NULL,NULL,10267715,Independent school standard inspection - first,Independent Standard Inspection,06/06/2023,18/07/2023,2,2,2,1,2,Yes,NULL,NULL,Y,All standards Met,Met,Met,Met,Met,Met,Met,Met,Met,NULL,NULL,NULL,NULL,NULL,NULL,
149083,9166041,William Morris School,Other Independent Special School,Independent special school,04/08/2022,Not applicable,Unknown,None,Non-faith,Ofsted,South West,South West,Gloucestershire,Stroud,GL10 3SH,27,NULL,NULL,NULL,NULL,NULL,NULL,NULL,NULL,NULL,NULL,NULL,NULL,NULL,NULL,10267729,Independent school standard inspection - first,Independent Standard Inspection,13/06/2023,30/07/2023,2,2,2,2,2,Yes,NULL,NULL,Y,All standards Met,Met,Met,Met,Met,Met,Met,Met,Met,NULL,NULL,NULL,NULL,NULL,NULL,
149109,8066005,Hopefields Education CiC,Other Independent Special School,Independent special school,04/08/2022,Not applicable,None,None,Non-faith,Ofsted,"North East, Yorkshire and the Humber",North East,Middlesbrough,Middlesbrough and Thornaby East,TS2 1RH,38,NULL,NULL,NULL,NULL,NULL,NULL,NULL,NULL,NULL,NULL,NULL,NULL,NULL,NULL,10267730,Independent school standard inspection - first,Independent Standard Inspection,04/07/2023,17/09/2023,2,2,1,2,2,Yes,NULL,NULL,Y,All standards Met,Met,Met,Met,Met,Met,Met,Met,Met,NULL,NULL,NULL,NULL,NULL,NULL,
149112,8826085,Compass Community School Boleyn Park,Other Independent Special School,Independent special school,12/08/2022,Not applicable,Unknown,None,Non-faith,Ofsted,East of England,East of England,Southend on Sea,Southend East and Rochford,SS0 7PU,5,NULL,NULL,NULL,NULL,NULL,NULL,NULL,NULL,NULL,NULL,NULL,NULL,NULL,NULL,10267731,Independent school standard inspection - first,Independent Standard Inspection,13/06/2023,27/07/2023,2,2,2,2,2,Yes,NULL,0,Y,All standards Met,Met,Met,Met,Met,Met,Met,Met,Met,NULL,NULL,NULL,NULL,NULL,NULL,
149140,8506107,Inclusion School,Other Independent Special School,Independent special school,30/09/2022,Not applicable,Unknown,None,Non-faith,Ofsted,South East,South East,Hampshire,Basingstoke,RG22 4BS,41,NULL,NULL,NULL,NULL,NULL,NULL,NULL,NULL,NULL,NULL,NULL,NULL,NULL,NULL,10286485,Independent school standard inspection - first,Independent Standard Inspection,28/11/2023,22/01/2024,2,2,2,2,2,Yes,NULL,NULL,Y,All standards Met,Met,Met,Met,Met,Met,Met,Met,Met,NULL,NULL,NULL,NULL,NULL,NULL,
149145,3106016,Pathways School,Other Independent Special School,Independent special school,15/07/2022,Not applicable,None,None,Non-faith,Ofsted,London,London,Harrow,Harrow East,HA3 9LX,15,NULL,NULL,NULL,NULL,NULL,NULL,NULL,NULL,NULL,NULL,NULL,NULL,NULL,NULL,10267725,Independent school standard inspection - first,Independent Standard Inspection,16/05/2023,06/07/2023,2,2,2,2,2,Yes,NULL,NULL,Y,All standards Met,Met,Met,Met,Met,Met,Met,Met,Met,NULL,NULL,NULL,NULL,NULL,NULL,
149146,8866174,Haven Nook,Other Independent Special School,Independent special school,17/06/2022,Not applicable,Unknown,None,Non-faith,Ofsted,South East,South East,Kent,Canterbury,CT1 2QD,19,NULL,NULL,NULL,NULL,NULL,NULL,NULL,NULL,NULL,NULL,NULL,NULL,NULL,NULL,10267719,Independent school standard inspection - first,Independent Standard Inspection,11/07/2023,28/09/2023,2,2,1,2,2,Yes,NULL,NULL,Y,All standards Met,Met,Met,Met,Met,Met,Met,Met,Met,NULL,NULL,NULL,NULL,NULL,NULL,
149150,3596006,CEWE School,Other Independent Special School,Independent special school,08/08/2022,Not applicable,Unknown,None,Non-faith,Ofsted,North West,North West,Wigan,Wigan,WN1 3JW,35,NULL,NULL,NULL,NULL,NULL,NULL,NULL,NULL,NULL,NULL,NULL,NULL,NULL,NULL,10267733,Independent school standard inspection - first,Independent Standard Inspection,10/05/2023,02/07/2023,2,2,2,2,2,Yes,NULL,NULL,Y,All standards Met,Met,Met,Met,Met,Met,Met,Met,Met,NULL,NULL,NULL,NULL,NULL,NULL,
149152,3716015,Fieldgate School,Other Independent Special School,Independent special school,08/07/2022,Not applicable,Unknown,None,Non-faith,Ofsted,"North East, Yorkshire and the Humber",Yorkshire and the Humber,Doncaster,Doncaster North,DN7 5GH,31,NULL,NULL,NULL,NULL,NULL,NULL,NULL,NULL,NULL,NULL,NULL,NULL,NULL,NULL,10267726,Independent school standard inspection - first,Independent Standard Inspection,25/04/2023,20/06/2023,2,2,2,2,2,Yes,NULL,NULL,Y,All standards Met,Met,Met,Met,Met,Met,Met,Met,Met,NULL,NULL,NULL,NULL,NULL,NULL,
149157,3036004,ADO River Valley School,Other Independent Special School,Independent special school,13/09/2022,Not applicable,Unknown,None,Non-faith,Ofsted,London,London,Bexley,Old Bexley and Sidcup,DA16 3NB,14,NULL,NULL,NULL,NULL,NULL,NULL,NULL,NULL,NULL,NULL,NULL,NULL,NULL,NULL,10286486,Independent school standard inspection - first,Independent Standard Inspection,19/09/2023,22/10/2023,2,2,2,2,2,Yes,NULL,NULL,Y,All standards Met,Met,Met,Met,Met,Met,Met,Met,Met,NULL,NULL,NULL,NULL,NULL,NULL,
149160,9386010,Serenity School Crawley,Other Independent Special School,Independent special school,20/01/2023,Not applicable,Unknown,None,Non-faith,Ofsted,South East,South East,West Sussex,Crawley,RH10 1QQ,154,NULL,NULL,NULL,NULL,NULL,NULL,NULL,NULL,NULL,NULL,NULL,NULL,NULL,NULL,10299265,Independent school standard inspection - first,Independent Standard Inspection,28/11/2023,18/01/2024,2,2,2,2,2,Yes,NULL,NULL,Y,All standards Met,Met,Met,Met,Met,Met,Met,Met,Met,NULL,NULL,NULL,NULL,NULL,NULL,
149185,3196006,JUS Education,Other Independent Special School,Independent special school,25/10/2022,Not applicable,Unknown,None,Non-faith,Ofsted,London,London,Sutton,Carshalton and Wallington,SM6 0BY,1,NULL,NULL,NULL,NULL,NULL,NULL,NULL,NULL,NULL,NULL,NULL,NULL,NULL,NULL,10286497,Independent school standard inspection - first,Independent Standard Inspection,08/07/2025,23/09/2025,2,2,2,2,2,Yes,NULL,NULL,Y,All standards Met,Met,Met,Met,Met,Met,Met,Met,Met,NULL,NULL,NULL,NULL,NULL,NULL,
149186,8736060,Aurora Fairway School,Other Independent Special School,Independent special school,09/09/2022,Not applicable,Unknown,None,Non-faith,Ofsted,East of England,East of England,Cambridgeshire,Huntingdon,PE27 6AL,48,NULL,NULL,NULL,NULL,NULL,NULL,NULL,NULL,NULL,NULL,NULL,NULL,NULL,NULL,10286487,Independent school standard inspection - first,Independent Standard Inspection,14/11/2023,15/01/2024,2,2,2,1,2,Yes,NULL,NULL,Y,All standards Met,Met,Met,Met,Met,Met,Met,Met,Met,NULL,NULL,NULL,NULL,NULL,NULL,
149189,3566014,Bridge House School,Other Independent Special School,Independent special school,28/10/2022,Not applicable,Unknown,None,Non-faith,Ofsted,North West,North West,Stockport,Hazel Grove,SK6 2SR,36,10435172,Independent School standard inspection,Independent standard inspection,03/03/2026,28/04/2026,Met,Strong standard,Expected standard,Expected standard,Expected standard,Strong standard,Not applicable,Not applicable,Expected standard,10377314,Independent School standard inspection,Independent Standard Inspection,04/03/2025,28/04/2025,3,3,2,2,3,Yes,NULL,NULL,Y,All standards Met,Met,Met,Met,Met,Met,Met,Met,Met,NULL,NULL,NULL,NULL,NULL,NULL,
149194,8936045,Bettws Lifehouse,Other Independent Special School,Independent special school,23/08/2022,Not applicable,Unknown,None,Non-faith,Ofsted,West Midlands,West Midlands,Shropshire,Shrewsbury,SY3 9AH,95,NULL,NULL,NULL,NULL,NULL,NULL,NULL,NULL,NULL,NULL,NULL,NULL,NULL,NULL,10342192,Independent School standard inspection,Independent Standard Inspection,09/07/2024,11/09/2024,2,2,2,2,2,Yes,NULL,2,Y,All standards Met,Met,Met,Met,Met,Met,Met,Met,Met,NULL,NULL,NULL,NULL,NULL,NULL,
149196,8936046,The Gables Learning Centre,Other Independent Special School,Independent special school,19/01/2023,Not applicable,Unknown,None,Non-faith,Ofsted,West Midlands,West Midlands,Shropshire,The Wrekin,WV7 3AG,17,NULL,NULL,NULL,NULL,NULL,NULL,NULL,NULL,NULL,NULL,NULL,NULL,NULL,NULL,10299266,Independent school standard inspection - first,Independent Standard Inspection,23/01/2024,13/03/2024,2,2,1,1,2,Yes,NULL,NULL,Y,All standards Met,Met,Met,Met,Met,Met,Met,Met,Met,NULL,NULL,NULL,NULL,NULL,NULL,
149200,8556057,Compass Community School Mountfields Park,Other Independent Special School,Independent special school,07/09/2022,Not applicable,Unknown,None,Non-faith,Ofsted,East Midlands,East Midlands,Leicestershire,Loughborough,LE11 3GE,23,NULL,NULL,NULL,NULL,NULL,NULL,NULL,NULL,NULL,NULL,NULL,NULL,NULL,NULL,10286488,Independent school standard inspection - first,Independent Standard Inspection,27/02/2024,17/04/2024,2,2,1,2,2,Yes,NULL,NULL,Y,All standards Met,Met,Met,Met,Met,Met,Met,Met,Met,NULL,NULL,NULL,NULL,NULL,NULL,
149201,3526020,The Greens ENS,Other Independent Special School,Independent special school,12/08/2022,Not applicable,None,None,Non-faith,Ofsted,North West,North West,Manchester,Manchester Central,M40 1NZ,24,NULL,NULL,NULL,NULL,NULL,NULL,NULL,NULL,NULL,NULL,NULL,NULL,NULL,NULL,10267735,Independent school standard inspection - first,Independent Standard Inspection,11/07/2023,26/09/2023,2,2,2,2,2,Yes,NULL,NULL,Y,All standards Met,Met,Met,Met,Met,Met,Met,Met,Met,NULL,NULL,NULL,NULL,NULL,NULL,
149202,8866175,ALP Sittingbourne,Other Independent Special School,Independent special school,21/09/2022,Not applicable,Unknown,None,Non-faith,Ofsted,South East,South East,Kent,Sittingbourne and Sheppey,ME10 4HE,37,NULL,NULL,NULL,NULL,NULL,NULL,NULL,NULL,NULL,NULL,NULL,NULL,NULL,NULL,10286489,Independent school standard inspection - first,Independent Standard Inspection,12/09/2023,09/10/2023,2,2,2,1,2,Yes,NULL,NULL,Y,All standards Met,Met,Met,Met,Met,Met,Met,Met,Met,NULL,NULL,NULL,NULL,NULL,NULL,
149212,8816090,Luxborough Court School,Other Independent Special School,Independent special school,12/09/2022,Not applicable,Unknown,None,Non-faith,Ofsted,East of England,East of England,Essex,Epping Forest,IG7 5AA,62,NULL,NULL,NULL,NULL,NULL,NULL,NULL,NULL,NULL,NULL,NULL,NULL,NULL,NULL,10286490,Independent school standard inspection - first,Independent Standard Inspection,07/11/2023,17/12/2023,2,2,1,2,1,Yes,NULL,0,Y,All standards Met,Met,Met,Met,Met,Met,Met,Met,Met,NULL,NULL,NULL,NULL,NULL,NULL,
149219,8866177,The T3 School,Other Independent Special School,Independent special school,30/09/2022,Not applicable,Unknown,None,Non-faith,Ofsted,South East,South East,Kent,Ashford,TN23 1RD,7,NULL,NULL,NULL,NULL,NULL,NULL,NULL,NULL,NULL,NULL,NULL,NULL,NULL,NULL,10286492,Independent school standard inspection - first,Independent Standard Inspection,06/12/2023,22/01/2024,2,2,2,2,2,Yes,NULL,NULL,Y,All standards Met,Met,Met,Met,Met,Met,Met,Met,Met,NULL,NULL,NULL,NULL,NULL,NULL,
149220,9336027,Chilton Bridge School,Other Independent Special School,Independent special school,30/08/2022,Not applicable,None,None,Non-faith,Ofsted,South West,South West,Somerset,Glastonbury and Somerton,BA22 8BE,74,NULL,NULL,NULL,NULL,NULL,NULL,NULL,NULL,NULL,NULL,NULL,NULL,NULL,NULL,10267736,Independent school standard inspection - first,Independent Standard Inspection,07/06/2023,16/07/2023,2,2,2,2,2,Yes,NULL,NULL,Y,All standards Met,Met,Met,Met,Met,Met,Met,Met,Met,NULL,NULL,NULL,NULL,NULL,NULL,
149268,8936047,Harlescott House School,Other Independent Special School,Independent special school,07/12/2022,Not applicable,None,None,Non-faith,Ofsted,West Midlands,West Midlands,Shropshire,Shrewsbury,SY1 3BA,4,NULL,NULL,NULL,NULL,NULL,NULL,NULL,NULL,NULL,NULL,NULL,NULL,NULL,NULL,10284441,Independent school standard inspection - first,Independent Standard Inspection,19/09/2023,23/10/2023,2,2,2,2,2,Yes,NULL,NULL,Y,All standards Met,Met,Met,Met,Met,Met,Met,Met,Met,NULL,NULL,NULL,NULL,NULL,NULL,
149301,8826014,Beis Chinuch Lebonos Westcliff,Other Independent School,Independent faith school,06/09/2023,Does not have a sixth form,Unknown,Jewish,Jewish,Ofsted,East of England,East of England,Southend on Sea,Southend East and Rochford,SS0 7AH,110,NULL,NULL,NULL,NULL,NULL,NULL,NULL,NULL,NULL,NULL,NULL,NULL,NULL,NULL,10312793,Independent school standard inspection - first,Independent Standard Inspection,27/02/2024,28/04/2024,3,3,2,2,3,Yes,3,NULL,Y,Did not meet all standards,Not met,Met,Not met,Met,Met,Met,Met,Not met,10357538,Independent school Progress Monitoring inspection,26/09/2024,2024/25,03/11/2024,Met all standards that were checked,
149339,3536009,Sapience Girls Academy,Other Independent School,Independent faith school,07/02/2023,Does not have a sixth form,Unknown,Islam,Muslim,Ofsted,North West,North West,Oldham,Oldham East and Saddleworth,OL4 1ER,78,NULL,NULL,NULL,NULL,NULL,NULL,NULL,NULL,NULL,NULL,NULL,NULL,NULL,NULL,10299268,Independent school standard inspection - first,Independent Standard Inspection,06/02/2024,27/03/2024,2,2,1,1,2,Yes,NULL,NULL,Y,All standards Met,Met,Met,Met,Met,Met,Met,Met,Met,NULL,NULL,NULL,NULL,NULL,NULL,
149340,8656062,Compass Community School Athelstan Park,Other Independent Special School,Independent special school,30/08/2022,Not applicable,Unknown,None,Non-faith,Ofsted,South West,South West,Wiltshire,South West Wiltshire,BA13 3BR,18,NULL,NULL,NULL,NULL,NULL,NULL,NULL,NULL,NULL,NULL,NULL,NULL,NULL,NULL,10342193,Independent School standard inspection,Independent Standard Inspection,11/02/2025,19/03/2025,3,3,2,2,3,Yes,NULL,NULL,Y,All standards Met,Met,Met,Met,Met,Met,Met,Met,Met,NULL,NULL,NULL,NULL,NULL,NULL,
149357,8816091,Cambian Great Dunmow School,Other Independent Special School,Independent special school,11/10/2022,Not applicable,Unknown,None,Non-faith,Ofsted,East of England,East of England,Essex,North West Essex,CM6 1XJ,10,NULL,NULL,NULL,NULL,NULL,NULL,NULL,NULL,NULL,NULL,NULL,NULL,NULL,NULL,10391815,Independent School standard inspection,Independent Standard Inspection,16/09/2025,09/11/2025,2,2,2,2,2,Yes,NULL,NULL,Y,All standards Met,Met,Met,Met,Met,Met,Met,Met,Met,NULL,NULL,NULL,NULL,NULL,NULL,
149362,8896018,Rawdhatul Ilm Wal Huda,Other Independent School,Independent faith school,23/09/2022,Has a sixth form,Unknown,Islam,Muslim,Ofsted,North West,North West,Blackburn with Darwen,Blackburn,BB1 5JT,195,NULL,NULL,NULL,NULL,NULL,NULL,NULL,NULL,NULL,NULL,NULL,NULL,NULL,NULL,10286493,Independent school standard inspection - first,Education and boarding aligned inspection,26/09/2023,26/11/2023,2,2,1,2,2,Yes,NULL,NULL,Y,All standards Met,Met,Met,Met,Met,Met,Met,Met,Met,NULL,NULL,NULL,NULL,NULL,NULL,
149377,3436026,SENDSCOPE,Other Independent Special School,Independent special school,28/09/2022,Not applicable,None,None,Non-faith,Ofsted,North West,North West,Sefton,Bootle,L23 5TF,6,NULL,NULL,NULL,NULL,NULL,NULL,NULL,NULL,NULL,NULL,NULL,NULL,NULL,NULL,10286494,Independent school standard inspection - first,Independent Standard Inspection,17/10/2023,21/11/2023,2,2,2,2,2,Yes,NULL,NULL,Y,All standards Met,Met,Met,Met,Met,Met,Met,Met,Met,NULL,NULL,NULL,NULL,NULL,NULL,
149382,8916049,Easthorpe School,Other Independent Special School,Independent special school,05/10/2022,Not applicable,None,None,Non-faith,Ofsted,East Midlands,East Midlands,Nottinghamshire,Rushcliffe,NG11 6LQ,44,NULL,NULL,NULL,NULL,NULL,NULL,NULL,NULL,NULL,NULL,NULL,NULL,NULL,NULL,10286500,Independent school standard inspection - first,Independent Standard Inspection,14/11/2023,13/12/2023,1,1,1,1,1,Yes,NULL,NULL,Y,All standards Met,Met,Met,Met,Met,Met,Met,Met,Met,NULL,NULL,NULL,NULL,NULL,NULL,
149383,8066006,Reintegreat Education Solutions Ltd,Other Independent School,Other independent school,17/11/2022,Does not have a sixth form,Unknown,None,Non-faith,Ofsted,"North East, Yorkshire and the Humber",North East,Middlesbrough,Middlesbrough and Thornaby East,TS3 7AR,36,NULL,NULL,NULL,NULL,NULL,NULL,NULL,NULL,NULL,NULL,NULL,NULL,NULL,NULL,10286504,Independent school standard inspection - first,Independent Standard Inspection,05/12/2023,31/01/2024,2,2,2,1,2,Yes,NULL,NULL,Y,All standards Met,Met,Met,Met,Met,Met,Met,Met,Met,NULL,NULL,NULL,NULL,NULL,NULL,
149398,8866178,Newingate School,Other Independent Special School,Independent special school,09/02/2023,Has a sixth form,Unknown,None,Non-faith,Ofsted,South East,South East,Kent,Canterbury,CT1 3DT,27,NULL,NULL,NULL,NULL,NULL,NULL,NULL,NULL,NULL,NULL,NULL,NULL,NULL,NULL,10299269,Independent school standard inspection - first,Independent Standard Inspection,30/04/2024,09/06/2024,2,2,2,1,2,Yes,NULL,NULL,Y,All standards Met,Met,Met,Met,Met,Met,Met,Met,Met,NULL,NULL,NULL,NULL,NULL,NULL,
149400,8136014,Robert Holme Academy,Other Independent Special School,Independent special school,10/11/2022,Not applicable,None,None,Non-faith,Ofsted,"North East, Yorkshire and the Humber",Yorkshire and the Humber,North Lincolnshire,Brigg and Immingham,DN20 8DL,8,NULL,NULL,NULL,NULL,NULL,NULL,NULL,NULL,NULL,NULL,NULL,NULL,NULL,NULL,10391817,Independent School standard inspection,Independent Standard Inspection,16/09/2025,15/10/2025,2,2,2,2,2,Yes,NULL,NULL,Y,All standards Met,Met,Met,Met,Met,Met,Met,Met,Met,NULL,NULL,NULL,NULL,NULL,NULL,
149401,8156055,Strive for Education,Other Independent Special School,Independent special school,20/02/2023,Not applicable,None,None,Non-faith,Ofsted,"North East, Yorkshire and the Humber",Yorkshire and the Humber,North Yorkshire,Harrogate and Knaresborough,HG1 5PD,23,NULL,NULL,NULL,NULL,NULL,NULL,NULL,NULL,NULL,NULL,NULL,NULL,NULL,NULL,10299270,Independent school standard inspection - first,Independent Standard Inspection,07/11/2023,11/12/2023,2,2,1,2,2,Yes,NULL,NULL,Y,All standards Met,Met,Met,Met,Met,Met,Met,Met,Met,NULL,NULL,NULL,NULL,NULL,NULL,
149442,9356031,Cambian Dunbroch School,Other Independent Special School,Independent special school,05/12/2022,Has a sixth form,Unknown,Does not apply,Non-faith,Ofsted,East of England,East of England,Suffolk,West Suffolk,CB8 7LF,9,NULL,NULL,NULL,NULL,NULL,NULL,NULL,NULL,NULL,NULL,NULL,NULL,NULL,NULL,10391818,Independent School standard inspection,Independent Standard Inspection,08/07/2025,22/09/2025,2,2,2,2,2,Yes,NULL,2,Y,All standards Met,Met,Met,Met,Met,Met,Met,Met,Met,NULL,NULL,NULL,NULL,NULL,NULL,
149443,3066029,Bright Minds Creative Academy,Other Independent Special School,Independent special school,17/04/2023,Not applicable,Unknown,None,Non-faith,Ofsted,London,London,Croydon,Croydon West,CR0 1JB,34,NULL,NULL,NULL,NULL,NULL,NULL,NULL,NULL,NULL,NULL,NULL,NULL,NULL,NULL,10322611,Independent school standard inspection - first,Independent Standard Inspection,10/12/2024,10/02/2025,4,4,3,3,4,No,NULL,NULL,Y,Did not meet all standards,Not met,Met,Not met,Met,Met,Met,Met,Not met,10405985,Independent school Progress Monitoring inspection,08/07/2025,2024/25,30/09/2025,Did not meet all standards that were checked,
149444,3066030,Aspire Learning,Other Independent Special School,Independent special school,17/04/2023,Not applicable,Unknown,None,Non-faith,Ofsted,London,London,Croydon,Croydon South,CR0 5SP,38,NULL,NULL,NULL,NULL,NULL,NULL,NULL,NULL,NULL,NULL,NULL,NULL,NULL,NULL,10322612,Independent school standard inspection - first,Independent Standard Inspection,08/05/2024,26/06/2024,2,2,2,1,2,Yes,NULL,NULL,Y,All standards Met,Met,Met,Met,Met,Met,Met,Met,Met,NULL,NULL,NULL,NULL,NULL,NULL,
149445,3066031,Olympus,Other Independent Special School,Independent special school,17/04/2023,Not applicable,Unknown,None,Non-faith,Ofsted,London,London,Croydon,Croydon South,CR2 9LQ,45,NULL,NULL,NULL,NULL,NULL,NULL,NULL,NULL,NULL,NULL,NULL,NULL,NULL,NULL,10322613,Independent school standard inspection - first,Independent Standard Inspection,02/07/2024,26/09/2024,3,3,2,2,3,Yes,NULL,2,Y,All standards Met,Met,Met,Met,Met,Met,Met,Met,Met,NULL,NULL,NULL,NULL,NULL,NULL,
149448,8956025,Esland Daven School,Other Independent Special School,Independent special school,09/02/2023,Not applicable,None,None,Non-faith,Ofsted,North West,North West,Cheshire East,Congleton,CW12 2AH,33,NULL,NULL,NULL,NULL,NULL,NULL,NULL,NULL,NULL,NULL,NULL,NULL,NULL,NULL,10299272,Independent school standard inspection - first,Independent Standard Inspection,23/01/2024,06/03/2024,3,3,2,2,3,Yes,NULL,2,Y,All standards Met,Met,Met,Met,Met,Met,Met,Met,Met,NULL,NULL,NULL,NULL,NULL,NULL,
149469,8846019,G.E.M Hereford,Other Independent Special School,Independent special school,08/09/2023,Not applicable,None,None,Non-faith,Ofsted,West Midlands,West Midlands,Herefordshire,Hereford and South Herefordshire,HR4 0NU,17,NULL,NULL,NULL,NULL,NULL,NULL,NULL,NULL,NULL,NULL,NULL,NULL,NULL,NULL,10342194,Independent school standard inspection - first,Independent Standard Inspection,25/06/2024,10/09/2024,2,2,2,2,2,Yes,NULL,NULL,Y,All standards Met,Met,Met,Met,Met,Met,Met,Met,Met,NULL,NULL,NULL,NULL,NULL,NULL,
149481,3066032,Arise Academy,Other Independent Special School,Independent special school,17/04/2023,Not applicable,Unknown,None,Non-faith,Ofsted,London,London,Croydon,Croydon West,CR0 2XX,24,NULL,NULL,NULL,NULL,NULL,NULL,NULL,NULL,NULL,NULL,NULL,NULL,NULL,NULL,10322614,Independent school standard inspection - first,Independent Standard Inspection,04/06/2024,14/07/2024,3,3,3,3,3,Yes,NULL,3,Y,Did not meet all standards,Not met,Met,Met,Met,Met,Met,Met,Not met,10373321,Independent school Progress Monitoring inspection,22/01/2025,2024/25,12/03/2025,Met all standards that were checked,
149482,8056004,Wrenfield Learning Centre,Other Independent Special School,Independent special school,10/02/2023,Not applicable,Unknown,None,Non-faith,Ofsted,"North East, Yorkshire and the Humber",North East,Hartlepool,Hartlepool,TS27 3HS,5,NULL,NULL,NULL,NULL,NULL,NULL,NULL,NULL,NULL,NULL,NULL,NULL,NULL,NULL,10299273,Independent school standard inspection - first,Independent Standard Inspection,31/01/2024,19/03/2024,2,2,2,1,2,Yes,NULL,NULL,Y,All standards Met,Met,Met,Met,Met,Met,Met,Met,Met,NULL,NULL,NULL,NULL,NULL,NULL,
149506,8816092,Minerva Independent School,Other Independent Special School,Independent special school,13/03/2023,Not applicable,Unknown,None,Non-faith,Ofsted,East of England,East of England,Essex,Clacton,CO16 8DH,1,NULL,NULL,NULL,NULL,NULL,NULL,NULL,NULL,NULL,NULL,NULL,NULL,NULL,NULL,10299274,Independent school standard inspection - first,Independent Standard Inspection,06/02/2024,24/03/2024,2,2,2,2,2,Yes,NULL,0,Y,All standards Met,Met,Met,Met,Met,Met,Met,Met,Met,NULL,NULL,NULL,NULL,NULL,NULL,
149528,3306141,R.Y.A.N Education Academy Vocational Centre,Other Independent Special School,Independent special school,03/03/2023,Not applicable,Unknown,None,Non-faith,Ofsted,West Midlands,West Midlands,Birmingham,Birmingham Ladywood,B8 1BY,5,NULL,NULL,NULL,NULL,NULL,NULL,NULL,NULL,NULL,NULL,NULL,NULL,NULL,NULL,10299275,Independent school standard inspection - first,Independent Standard Inspection,12/03/2024,29/04/2024,2,2,2,2,2,Yes,NULL,NULL,Y,All standards Met,Met,Met,Met,Met,Met,Met,Met,Met,NULL,NULL,NULL,NULL,NULL,NULL,
149560,8736061,Selwyn Hall School,Other Independent Special School,Independent special school,29/03/2023,Not applicable,Unknown,None,Non-faith,Ofsted,East of England,East of England,Cambridgeshire,South Cambridgeshire,CB22 6SE,28,NULL,NULL,NULL,NULL,NULL,NULL,NULL,NULL,NULL,NULL,NULL,NULL,NULL,NULL,10299277,Independent school standard inspection - first,Independent Standard Inspection,07/02/2024,21/03/2024,2,2,2,2,2,Yes,NULL,NULL,Y,All standards Met,Met,Met,Met,Met,Met,Met,Met,Met,NULL,NULL,NULL,NULL,NULL,NULL,
149563,9216005,Forest Edge School,Other Independent Special School,Independent special school,15/02/2023,Not applicable,Unknown,None,Non-faith,Ofsted,South East,South East,Isle of Wight,Isle of Wight East,PO36 9AZ,7,NULL,NULL,NULL,NULL,NULL,NULL,NULL,NULL,NULL,NULL,NULL,NULL,NULL,NULL,10299278,Independent school standard inspection - first,Independent Standard Inspection,27/02/2024,02/05/2024,2,2,1,1,1,Yes,NULL,NULL,Y,All standards Met,Met,Met,Met,Met,Met,Met,Met,Met,NULL,NULL,NULL,NULL,NULL,NULL,
149567,8766017,Poppy Field School ,Other Independent Special School,Independent special school,22/05/2023,Not applicable,Unknown,None,Non-faith,Ofsted,North West,North West,Halton,Widnes and Halewood,WA8 6DH,27,NULL,NULL,NULL,NULL,NULL,NULL,NULL,NULL,NULL,NULL,NULL,NULL,NULL,NULL,10322521,Independent school standard inspection - first,Independent Standard Inspection,21/05/2024,09/07/2024,1,1,1,1,1,Yes,NULL,NULL,Y,All standards Met,Met,Met,Met,Met,Met,Met,Met,Met,NULL,NULL,NULL,NULL,NULL,NULL,
149571,3556044,Talmud Torah D'chassidie Belz,Other Independent School,Independent faith school,01/06/2023,Not applicable,Unknown,Orthodox Jewish,Jewish,Ofsted,North West,North West,Salford,Salford,M7 4TP,40,NULL,NULL,NULL,NULL,NULL,NULL,NULL,NULL,NULL,NULL,NULL,NULL,NULL,NULL,10322522,Independent school standard inspection - first,Independent Standard Inspection,04/06/2024,08/09/2024,2,2,2,2,2,Yes,NULL,NULL,Y,All standards Met,Met,Met,Met,Met,Met,Met,Met,Met,NULL,NULL,NULL,NULL,NULL,NULL,
149573,3446013,IMPACT Northwest Schools,Other Independent Special School,Independent special school,30/05/2023,Not applicable,Unknown,None,Non-faith,Ofsted,North West,North West,Wirral,Birkenhead,CH41 1FF,27,NULL,NULL,NULL,NULL,NULL,NULL,NULL,NULL,NULL,NULL,NULL,NULL,NULL,NULL,10322523,Independent school standard inspection - first,Independent Standard Inspection,14/05/2024,23/06/2024,2,2,2,2,2,Yes,NULL,NULL,Y,All standards Met,Met,Met,Met,Met,Met,Met,Met,Met,NULL,NULL,NULL,NULL,NULL,NULL,
149574,3826032,Fields Rise School,Other Independent Special School,Independent special school,21/04/2023,Not applicable,Unknown,None,Non-faith,Ofsted,"North East, Yorkshire and the Humber",Yorkshire and the Humber,Kirklees,Spen Valley,HD5 0LZ,16,NULL,NULL,NULL,NULL,NULL,NULL,NULL,NULL,NULL,NULL,NULL,NULL,NULL,NULL,10321507,Independent school standard inspection - first,Independent Standard Inspection,11/06/2024,09/09/2024,2,2,2,2,2,Yes,NULL,NULL,Y,All standards Met,Met,Met,Met,Met,Met,Met,Met,Met,NULL,NULL,NULL,NULL,NULL,NULL,
149577,9376044,Ashcroft School,Other Independent Special School,Independent special school,21/06/2023,Not applicable,Unknown,None,Non-faith,Ofsted,West Midlands,West Midlands,Warwickshire,North Warwickshire and Bedworth,CV7 9BP,19,NULL,NULL,NULL,NULL,NULL,NULL,NULL,NULL,NULL,NULL,NULL,NULL,NULL,NULL,10322617,Independent school standard inspection - first,Independent Standard Inspection,21/05/2024,25/06/2024,3,3,2,2,2,Yes,NULL,NULL,Y,All standards Met,Met,Met,Met,Met,Met,Met,Met,Met,NULL,NULL,NULL,NULL,NULL,NULL,
149579,3366011,Aurora Cedars School,Other Independent Special School,Independent special school,05/06/2023,Not recorded,Unknown,None,Non-faith,Ofsted,West Midlands,West Midlands,Wolverhampton,Wolverhampton West,WV3 9DW,55,NULL,NULL,NULL,NULL,NULL,NULL,NULL,NULL,NULL,NULL,NULL,NULL,NULL,NULL,10322619,Independent school standard inspection - first,Independent Standard Inspection,09/04/2024,14/05/2024,2,2,2,2,2,Yes,NULL,NULL,Y,All standards Met,Met,Met,Met,Met,Met,Met,Met,Met,NULL,NULL,NULL,NULL,NULL,NULL,
149580,9376045,Lake Haven School,Other Independent Special School,Independent special school,23/03/2023,Not applicable,None,None,Non-faith,Ofsted,West Midlands,West Midlands,Warwickshire,Rugby,CV11 6QJ,22,NULL,NULL,NULL,NULL,NULL,NULL,NULL,NULL,NULL,NULL,NULL,NULL,NULL,NULL,10299279,Independent school standard inspection - first,Independent Standard Inspection,30/01/2024,05/03/2024,2,2,1,1,1,Yes,NULL,NULL,Y,All standards Met,Met,Met,Met,Met,Met,Met,Met,Met,NULL,NULL,NULL,NULL,NULL,NULL,
149591,3596007,Infinite Schools Wigan,Other Independent Special School,Independent special school,11/04/2023,Not applicable,Unknown,None,Non-faith,Ofsted,North West,North West,Wigan,Wigan,WN5 0QL,17,NULL,NULL,NULL,NULL,NULL,NULL,NULL,NULL,NULL,NULL,NULL,NULL,NULL,NULL,10322524,Independent school standard inspection - first,Independent Standard Inspection,18/06/2024,10/09/2024,2,2,2,2,2,Yes,NULL,NULL,Y,All standards Met,Met,Met,Met,Met,Met,Met,Met,Met,NULL,NULL,NULL,NULL,NULL,NULL,
149592,8136015,Rowan Education,Other Independent Special School,Independent special school,05/06/2023,Not applicable,Unknown,None,Non-faith,Ofsted,"North East, Yorkshire and the Humber",Yorkshire and the Humber,North Lincolnshire,Scunthorpe,DN16 2AG,25,NULL,NULL,NULL,NULL,NULL,NULL,NULL,NULL,NULL,NULL,NULL,NULL,NULL,NULL,10321508,Independent school standard inspection - first,Independent Standard Inspection,11/02/2025,24/03/2025,3,3,2,2,3,Yes,NULL,NULL,Y,Did not meet all standards,Not met,Met,Met,Met,Met,Met,Met,Not met,10410042,Independent school Progress Monitoring inspection,04/11/2025,2025/26,01/12/2025,Met all standards that were checked,
149593,8796011,Chapel Bridge School,Other Independent Special School,Independent special school,07/07/2023,Not applicable,Unknown,None,Non-faith,Ofsted,South West,South West,Plymouth,Plymouth Sutton and Devonport,PL1 3JL,73,NULL,NULL,NULL,NULL,NULL,NULL,NULL,NULL,NULL,NULL,NULL,NULL,NULL,NULL,10322167,Independent school standard inspection - first,Independent Standard Inspection,25/06/2024,09/09/2024,2,2,2,2,2,Yes,NULL,NULL,Y,All standards Met,Met,Met,Met,Met,Met,Met,Met,Met,NULL,NULL,NULL,NULL,NULL,NULL,
149594,8956028,Aurora Summerfields School,Other Independent Special School,Independent special school,24/03/2023,Not applicable,Unknown,None,Non-faith,Ofsted,North West,North West,Cheshire East,Tatton,SK9 2GH,40,NULL,NULL,NULL,NULL,NULL,NULL,NULL,NULL,NULL,NULL,NULL,NULL,NULL,NULL,10299280,Independent school standard inspection - first,Independent Standard Inspection,13/02/2024,27/03/2024,2,2,1,1,2,Yes,NULL,NULL,Y,All standards Met,Met,Met,Met,Met,Met,Met,Met,Met,NULL,NULL,NULL,NULL,NULL,NULL,
149595,8786089,Heather Bridge School,Other Independent Special School,Independent special school,03/10/2023,Not applicable,None,None,Non-faith,Ofsted,South West,South West,Devon,South West Devon,PL20 6NN,40,NULL,NULL,NULL,NULL,NULL,NULL,NULL,NULL,NULL,NULL,NULL,NULL,NULL,NULL,10342195,Independent school standard inspection - first,Independent Standard Inspection,10/12/2024,20/01/2025,2,2,2,2,2,Yes,NULL,NULL,Y,All standards Met,Met,Met,Met,Met,Met,Met,Met,Met,NULL,NULL,NULL,NULL,NULL,NULL,
149597,8816094,Woodend Farm School,Other Independent Special School,Independent special school,21/04/2023,Not applicable,Unknown,None,Non-faith,Ofsted,East of England,East of England,Essex,Witham,CM8 1EH,21,NULL,NULL,NULL,NULL,NULL,NULL,NULL,NULL,NULL,NULL,NULL,NULL,NULL,NULL,10321488,Independent school standard inspection - first,Independent Standard Inspection,18/06/2024,14/07/2024,2,2,2,2,2,Yes,NULL,NULL,Y,All standards Met,Met,Met,Met,Met,Met,Met,Met,Met,NULL,NULL,NULL,NULL,NULL,NULL,
149600,3446018,Utopia,Other Independent Special School,Independent special school,26/07/2023,Not applicable,None,None,Non-faith,Ofsted,North West,North West,Wirral,Birkenhead,CH42 1NW,20,NULL,NULL,NULL,NULL,NULL,NULL,NULL,NULL,NULL,NULL,NULL,NULL,NULL,NULL,10322525,Independent school standard inspection - first,Independent Standard Inspection,02/07/2024,30/09/2024,2,2,1,2,2,Yes,NULL,NULL,Y,All standards Met,Met,Met,Met,Met,Met,Met,Met,Met,NULL,NULL,NULL,NULL,NULL,NULL,
149601,8616036,Alpha Learning Staffordshire,Other Independent Special School,Independent special school,07/06/2023,Not applicable,None,None,Non-faith,Ofsted,West Midlands,West Midlands,Stoke-on-Trent,Stoke-on-Trent North,ST6 2AW,21,NULL,NULL,NULL,NULL,NULL,NULL,NULL,NULL,NULL,NULL,NULL,NULL,NULL,NULL,10322620,Independent school standard inspection - first,Independent Standard Inspection,11/06/2024,08/07/2024,3,3,3,3,3,Yes,NULL,NULL,Y,All standards Met,Met,Met,Met,Met,Met,Met,Met,Met,NULL,NULL,NULL,NULL,NULL,NULL,
149637,8696022,The Grange School,Other Independent Special School,Independent special school,23/08/2023,Does not have a sixth form,None,None,Non-faith,Ofsted,South East,South East,West Berkshire,Newbury,RG19 3PN,34,NULL,NULL,NULL,NULL,NULL,NULL,NULL,NULL,NULL,NULL,NULL,NULL,NULL,NULL,10322076,Independent school standard inspection - first,Independent Standard Inspection,26/11/2024,13/01/2025,1,1,1,1,1,Yes,NULL,NULL,Y,All standards Met,Met,Met,Met,Met,Met,Met,Met,Met,NULL,NULL,NULL,NULL,NULL,NULL,
149638,3446019,Wirral Wrap,Other Independent Special School,Independent special school,21/06/2023,Not applicable,None,None,Non-faith,Ofsted,North West,North West,Wirral,Birkenhead,CH43 9LB,24,NULL,NULL,NULL,NULL,NULL,NULL,NULL,NULL,NULL,NULL,NULL,NULL,NULL,NULL,10401991,Independent School standard inspection,Independent Standard Inspection,24/06/2025,18/09/2025,2,2,3,2,2,Yes,NULL,NULL,Y,All standards Met,Met,Met,Met,Met,Met,Met,Met,Met,NULL,NULL,NULL,NULL,NULL,NULL,
149665,9406001,Stone Lodge Therapeutic School,Other Independent Special School,Independent special school,14/06/2023,Not applicable,None,None,Non-faith,Ofsted,East Midlands,East Midlands,North Northamptonshire,Kettering,NN16 8XF,39,NULL,NULL,NULL,NULL,NULL,NULL,NULL,NULL,NULL,NULL,NULL,NULL,NULL,NULL,10322527,Independent school standard inspection - first,Independent Standard Inspection,04/06/2024,08/07/2024,2,2,2,1,1,Yes,NULL,NULL,Y,All standards Met,Met,Met,Met,Met,Met,Met,Met,Met,NULL,NULL,NULL,NULL,NULL,NULL,
149668,8616038,Emerge School,Other Independent Special School,Independent special school,06/06/2023,Not applicable,Unknown,None,Non-faith,Ofsted,West Midlands,West Midlands,Stoke-on-Trent,Stoke-on-Trent Central,ST4 2DL,34,NULL,NULL,NULL,NULL,NULL,NULL,NULL,NULL,NULL,NULL,NULL,NULL,NULL,NULL,10322621,Independent school standard inspection - first,Independent Standard Inspection,04/06/2024,03/07/2024,2,2,1,2,2,Yes,NULL,NULL,Y,All standards Met,Met,Met,Met,Met,Met,Met,Met,Met,NULL,NULL,NULL,NULL,NULL,NULL,
149669,8116025,Falcons Learning,Other Independent Special School,Independent special school,14/06/2023,Not applicable,Unknown,None,Non-faith,Ofsted,"North East, Yorkshire and the Humber",Yorkshire and the Humber,East Riding of Yorkshire,Goole and Pocklington,DN14 6TL,26,NULL,NULL,NULL,NULL,NULL,NULL,NULL,NULL,NULL,NULL,NULL,NULL,NULL,NULL,10321509,Independent school standard inspection - first,Independent Standard Inspection,30/04/2024,23/06/2024,3,3,2,2,3,Yes,NULL,NULL,Y,Did not meet all standards,Met,Met,Not met,Met,Met,Met,Met,Not met,10393830,Independent school Progress Monitoring inspection,25/03/2025,2024/25,13/05/2025,Met all standards that were checked,
149718,8856082,Salford Farm Outdoor Learning Centre,Other Independent Special School,Independent special school,16/08/2023,Not applicable,Unknown,None,Non-faith,Ofsted,West Midlands,West Midlands,Worcestershire,West Worcestershire,WR6 6EW,5,NULL,NULL,NULL,NULL,NULL,NULL,NULL,NULL,NULL,NULL,NULL,NULL,NULL,NULL,10322624,Independent school standard inspection - first,Independent Standard Inspection,09/07/2024,18/09/2024,2,2,1,1,1,Yes,NULL,NULL,Y,All standards Met,Met,Met,Met,Met,Met,Met,Met,Met,NULL,NULL,NULL,NULL,NULL,NULL,
149725,3706009,Waterton Newstead Academy,Other Independent Special School,Independent special school,26/06/2023,Not applicable,Unknown,None,Non-faith,Ofsted,"North East, Yorkshire and the Humber",Yorkshire and the Humber,Barnsley,Barnsley North,S71 3NA,39,NULL,NULL,NULL,NULL,NULL,NULL,NULL,NULL,NULL,NULL,NULL,NULL,NULL,NULL,10321510,Independent school standard inspection - first,Independent Standard Inspection,02/07/2024,21/07/2024,2,2,1,2,2,Yes,NULL,NULL,Y,All standards Met,Met,Met,Met,Met,Met,Met,Met,Met,NULL,NULL,NULL,NULL,NULL,NULL,
149762,2056005,First Bridge School,Other Independent Special School,Independent special school,15/08/2023,Not applicable,None,None,Non-faith,Ofsted,London,London,Hammersmith and Fulham,Chelsea and Fulham,SW6 2PY,21,NULL,NULL,NULL,NULL,NULL,NULL,NULL,NULL,NULL,NULL,NULL,NULL,NULL,NULL,10322626,Independent school standard inspection - first,Independent Standard Inspection,16/04/2024,30/05/2024,2,2,1,1,2,Yes,NULL,NULL,Y,All standards Met,Met,Met,Met,Met,Met,Met,Met,Met,NULL,NULL,NULL,NULL,NULL,NULL,
149808,3536010,SEE (Oldham),Other Independent Special School,Independent special school,01/06/2023,Not applicable,Unknown,None,Non-faith,Ofsted,North West,North West,Oldham,Oldham East and Saddleworth,OL1 4AW,19,NULL,NULL,NULL,NULL,NULL,NULL,NULL,NULL,NULL,NULL,NULL,NULL,NULL,NULL,10322528,Independent school standard inspection - first,Independent Standard Inspection,18/06/2024,08/09/2024,2,2,2,2,2,Yes,NULL,NULL,Y,All standards Met,Met,Met,Met,Met,Met,Met,Met,Met,NULL,NULL,NULL,NULL,NULL,NULL,
149820,8306056,Welden School,Other Independent Special School,Independent special school,12/06/2023,Not applicable,Unknown,None,Non-faith,Ofsted,East Midlands,East Midlands,Derbyshire,South Derbyshire,DE72 2AN,7,NULL,NULL,NULL,NULL,NULL,NULL,NULL,NULL,NULL,NULL,NULL,NULL,NULL,NULL,10322529,Independent school standard inspection - first,Independent Standard Inspection,21/05/2024,01/07/2024,2,2,2,2,2,Yes,NULL,NULL,Y,All standards Met,Met,Met,Met,Met,Met,Met,Met,Met,NULL,NULL,NULL,NULL,NULL,NULL,
149835,8886130,Olive High Boys,Other Independent School,Independent faith school,11/09/2023,Does not have a sixth form,Unknown,Islam,Muslim,Ofsted,North West,North West,Lancashire,Burnley,BB11 2RU,74,NULL,NULL,NULL,NULL,NULL,NULL,NULL,NULL,NULL,NULL,NULL,NULL,NULL,NULL,10342197,Independent school standard inspection - first,Independent Standard Inspection,01/10/2024,05/11/2024,1,1,1,1,1,Yes,NULL,NULL,Y,All standards Met,Met,Met,Met,Met,Met,Met,Met,Met,NULL,NULL,NULL,NULL,NULL,NULL,
149857,3536020,Teenage Kicks,Other Independent Special School,Independent special school,04/10/2023,Not applicable,Unknown,None,Non-faith,Ofsted,North West,North West,Oldham,Manchester Central,M35 9RD,43,NULL,NULL,NULL,NULL,NULL,NULL,NULL,NULL,NULL,NULL,NULL,NULL,NULL,NULL,10342199,Independent school standard inspection - first,Independent Standard Inspection,26/11/2024,14/01/2025,2,2,2,2,2,Yes,NULL,NULL,Y,All standards Met,Met,Met,Met,Met,Met,Met,Met,Met,NULL,NULL,NULL,NULL,NULL,NULL,
149862,8506110,"Elysian, Liss",Other Independent Special School,Independent special school,27/07/2023,Not applicable,Unknown,None,Non-faith,Ofsted,South East,South East,Hampshire,East Hampshire,GU33 7LU,31,NULL,NULL,NULL,NULL,NULL,NULL,NULL,NULL,NULL,NULL,NULL,NULL,NULL,NULL,10322080,Independent school standard inspection - first,Independent Standard Inspection,25/06/2024,23/10/2024,3,3,3,2,3,Yes,NULL,NULL,Y,Did not meet all standards,Not met,Met,Met,Met,Met,Met,Met,Not met,10413824,Independent school Progress Monitoring inspection,23/10/2025,2025/26,18/11/2025,Met all standards that were checked,
149864,3306142,New Perspectives School,Other Independent Special School,Independent special school,22/09/2023,Not applicable,None,None,Non-faith,Ofsted,West Midlands,West Midlands,Birmingham,Birmingham Ladywood,B12 9LB,12,NULL,NULL,NULL,NULL,NULL,NULL,NULL,NULL,NULL,NULL,NULL,NULL,NULL,NULL,10342201,Independent school standard inspection - first,Independent Standard Inspection,10/12/2024,14/01/2025,2,2,2,2,2,Yes,NULL,NULL,Y,All standards Met,Met,Met,Met,Met,Met,Met,Met,Met,NULL,NULL,NULL,NULL,NULL,NULL,
149866,9266034,Compass Community School Eld Park,Other Independent Special School,Independent special school,20/06/2023,Not applicable,Unknown,None,Non-faith,Ofsted,East of England,East of England,Norfolk,South West Norfolk,IP24 1EF,10,NULL,NULL,NULL,NULL,NULL,NULL,NULL,NULL,NULL,NULL,NULL,NULL,NULL,NULL,10321490,Independent school standard inspection - first,Independent Standard Inspection,04/06/2024,03/07/2024,2,2,2,2,2,Yes,NULL,NULL,Y,All standards Met,Met,Met,Met,Met,Met,Met,Met,Met,NULL,NULL,NULL,NULL,NULL,NULL,
149870,8116027,Compass Community School Seacole Park,Other Independent Special School,Independent special school,09/10/2023,Not applicable,Unknown,None,Non-faith,Ofsted,"North East, Yorkshire and the Humber",Yorkshire and the Humber,East Riding of Yorkshire,Beverley and Holderness,HU17 0BS,17,NULL,NULL,NULL,NULL,NULL,NULL,NULL,NULL,NULL,NULL,NULL,NULL,NULL,NULL,10342202,Independent school standard inspection - first,Independent Standard Inspection,12/11/2024,15/12/2024,2,2,1,1,2,Yes,NULL,NULL,Y,All standards Met,Met,Met,Met,Met,Met,Met,Met,Met,NULL,NULL,NULL,NULL,NULL,NULL,
149871,8656064,Compass Community School Wheatley Park,Other Independent Special School,Independent special school,22/09/2023,Not applicable,Unknown,None,Non-faith,Ofsted,South West,South West,Wiltshire,Swindon North,SN25 3DF,12,NULL,NULL,NULL,NULL,NULL,NULL,NULL,NULL,NULL,NULL,NULL,NULL,NULL,NULL,10342203,Independent school standard inspection - first,Independent Standard Inspection,26/11/2024,13/01/2025,2,2,2,2,2,Yes,NULL,NULL,Y,All standards Met,Met,Met,Met,Met,Met,Met,Met,Met,NULL,NULL,NULL,NULL,NULL,NULL,
149881,8886131,Rainbow Hub School,Other Independent Special School,Independent special school,13/09/2023,Not applicable,Unknown,None,Non-faith,Ofsted,North West,North West,Lancashire,South Ribble,L40 2QX,7,NULL,NULL,NULL,NULL,NULL,NULL,NULL,NULL,NULL,NULL,NULL,NULL,NULL,NULL,10342204,Independent school standard inspection - first,Independent Standard Inspection,19/11/2024,12/01/2025,1,1,1,1,1,Yes,NULL,NULL,Y,All standards Met,Met,Met,Met,Met,Met,Met,Met,Met,NULL,NULL,NULL,NULL,NULL,NULL,
149884,9366069,Maypole School,Other Independent Special School,Independent special school,21/08/2023,Not applicable,Unknown,None,Non-faith,Ofsted,South East,South East,Surrey,Spelthorne,TW16 6QE,21,NULL,NULL,NULL,NULL,NULL,NULL,NULL,NULL,NULL,NULL,NULL,NULL,NULL,NULL,10322082,Independent school standard inspection - first,Independent Standard Inspection,18/06/2024,16/07/2024,2,2,2,1,2,Yes,NULL,NULL,Y,All standards Met,Met,Met,Met,Met,Met,Met,Met,Met,NULL,NULL,NULL,NULL,NULL,NULL,
149890,9386018,Courtlands Independent Special School,Other Independent Special School,Independent special school,13/11/2023,Not applicable,Unknown,None,Non-faith,Ofsted,South East,South East,West Sussex,Worthing West,BN12 4NG,23,NULL,NULL,NULL,NULL,NULL,NULL,NULL,NULL,NULL,NULL,NULL,NULL,NULL,NULL,10342205,Independent school standard inspection - first,Independent Standard Inspection,04/03/2025,30/03/2025,2,2,2,2,2,Yes,NULL,NULL,N,All standards Met,Met,Met,Met,Met,Met,Met,Met,Met,NULL,NULL,NULL,NULL,NULL,NULL,
149904,2106013,Imperial Oak School,Other Independent Special School,Independent special school,20/09/2023,Not applicable,None,None,Non-faith,Ofsted,London,London,Southwark,Peckham,SE1 6TU,0,NULL,NULL,NULL,NULL,NULL,NULL,NULL,NULL,NULL,NULL,NULL,NULL,NULL,NULL,NULL,NULL,NULL,NULL,NULL,NULL,NULL,NULL,NULL,NULL,NULL,NULL,NULL,NULL,NULL,NULL,NULL,NULL,NULL,NULL,NULL,NULL,NULL,NULL,NULL,NULL,NULL,NULL,NULL,
149906,8506112,Light Years School,Other Independent Special School,Independent special school,30/08/2023,Does not have a sixth form,None,None,Non-faith,Ofsted,South East,South East,Hampshire,Fareham and Waterlooville,PO15 6LL,19,NULL,NULL,NULL,NULL,NULL,NULL,NULL,NULL,NULL,NULL,NULL,NULL,NULL,NULL,10322083,Independent school standard inspection - first,Independent Standard Inspection,25/06/2024,12/09/2024,1,1,1,1,1,Yes,NULL,NULL,Y,All standards Met,Met,Met,Met,Met,Met,Met,Met,Met,NULL,NULL,NULL,NULL,NULL,NULL,
149907,8866179,Serenity School Maidstone,Other Independent Special School,Independent special school,15/10/2024,Not applicable,Unknown,None,Non-faith,Ofsted,South East,South East,Kent,Maidstone and Malling,ME14 2LP,36,10427401,Independent school standard inspection - first,Independent standard inspection,03/02/2026,18/03/2026,Met,Strong standard,Expected standard,Expected standard,Strong standard,Strong standard,Not applicable,Not applicable,Expected standard,NULL,NULL,NULL,NULL,NULL,NULL,NULL,NULL,NULL,NULL,NULL,NULL,NULL,Y,All standards Met,Met,Met,Met,Met,Met,Met,Met,Met,NULL,NULL,NULL,NULL,NULL,NULL,
149909,9266035,The Lighthouse,Other Independent Special School,Independent special school,12/07/2023,Not applicable,None,None,Non-faith,Ofsted,East of England,East of England,Norfolk,South Norfolk,NR9 5ES,10,NULL,NULL,NULL,NULL,NULL,NULL,NULL,NULL,NULL,NULL,NULL,NULL,NULL,NULL,10321491,Independent school standard inspection - first,Independent Standard Inspection,12/11/2024,18/12/2024,2,2,1,1,2,Yes,NULL,NULL,Y,All standards Met,Met,Met,Met,Met,Met,Met,Met,Met,NULL,NULL,NULL,NULL,NULL,NULL,
149910,3356003,Cherry Tree School,Other Independent Special School,Independent special school,23/10/2023,Not applicable,Unknown,None,Non-faith,Ofsted,West Midlands,West Midlands,Walsall,Walsall and Bloxwich,WS1 4AB,43,NULL,NULL,NULL,NULL,NULL,NULL,NULL,NULL,NULL,NULL,NULL,NULL,NULL,NULL,10342208,Independent school standard inspection - first,Independent Standard Inspection,03/12/2024,19/01/2025,1,1,1,1,1,Yes,1,NULL,Y,All standards Met,Met,Met,Met,Met,Met,Met,Met,Met,NULL,NULL,NULL,NULL,NULL,NULL,
149913,3346011,Trident Alternative Provision Ltd,Other Independent Special School,Independent special school,25/08/2023,Not applicable,Unknown,None,Non-faith,Ofsted,West Midlands,West Midlands,Solihull,Solihull West and Shirley,B27 6NX,12,NULL,NULL,NULL,NULL,NULL,NULL,NULL,NULL,NULL,NULL,NULL,NULL,NULL,NULL,10322628,Independent school standard inspection - first,Independent Standard Inspection,04/06/2024,10/07/2024,2,2,2,2,2,Yes,NULL,NULL,Y,All standards Met,Met,Met,Met,Met,Met,Met,Met,Met,NULL,NULL,NULL,NULL,NULL,NULL,
149916,9376048,Willow Park School,Other Independent Special School,Independent special school,05/09/2023,Not applicable,Does not apply,None,Non-faith,Ofsted,West Midlands,West Midlands,Warwickshire,Rugby,CV21 1EZ,12,NULL,NULL,NULL,NULL,NULL,NULL,NULL,NULL,NULL,NULL,NULL,NULL,NULL,NULL,10342209,Independent school standard inspection - first,Independent Standard Inspection,03/12/2024,13/01/2025,3,3,2,2,3,Yes,NULL,NULL,Y,Did not meet all standards,Not met,Met,Met,Met,Met,Met,Met,Not met,10437031,Independent school Progress Monitoring inspection,04/03/2026,2025/26,22/04/2026,Met all standards that were checked,
149917,2086008,Maypole School (Leigham Court),Other Independent Special School,Independent special school,30/08/2023,Not applicable,Unknown,None,Non-faith,Ofsted,London,London,Lambeth,Streatham and Croydon North,SW16 2QA,52,NULL,NULL,NULL,NULL,NULL,NULL,NULL,NULL,NULL,NULL,NULL,NULL,NULL,NULL,10342210,Independent school standard inspection - first,Independent Standard Inspection,11/06/2024,09/07/2024,2,2,1,1,2,Yes,NULL,NULL,Y,All standards Met,Met,Met,Met,Met,Met,Met,Met,Met,NULL,NULL,NULL,NULL,NULL,NULL,
149918,8696024,Haywards Farm School,Other Independent Special School,Independent special school,10/11/2023,Not applicable,Unknown,None,Non-faith,Ofsted,South East,South East,West Berkshire,Reading West and Mid Berkshire,RG7 4AS,13,NULL,NULL,NULL,NULL,NULL,NULL,NULL,NULL,NULL,NULL,NULL,NULL,NULL,NULL,10342211,Independent school standard inspection - first,Independent Standard Inspection,10/12/2024,30/01/2025,1,1,1,1,1,Yes,NULL,NULL,Y,All standards Met,Met,Met,Met,Met,Met,Met,Met,Met,NULL,NULL,NULL,NULL,NULL,NULL,
150044,9196023,East Hall School,Other Independent Special School,Independent special school,14/09/2023,Not applicable,None,None,Non-faith,Ofsted,East of England,East of England,Hertfordshire,Hitchin,SG4 8DL,13,NULL,NULL,NULL,NULL,NULL,NULL,NULL,NULL,NULL,NULL,NULL,NULL,NULL,NULL,10342213,Independent school standard inspection - first,Independent Standard Inspection,03/12/2024,19/01/2025,2,2,1,2,2,Yes,NULL,NULL,Y,All standards Met,Met,Met,Met,Met,Met,Met,Met,Met,NULL,NULL,NULL,NULL,NULL,NULL,
150053,3326014,Coombswood Special School,Other Independent Special School,Independent special school,11/10/2023,Not applicable,Unknown,None,Non-faith,Ofsted,West Midlands,West Midlands,Dudley,Halesowen,B62 8BH,26,NULL,NULL,NULL,NULL,NULL,NULL,NULL,NULL,NULL,NULL,NULL,NULL,NULL,NULL,10342214,Independent school standard inspection - first,Independent Standard Inspection,24/09/2024,16/12/2024,3,3,2,2,3,Yes,NULL,NULL,Y,Did not meet all standards,Not met,Met,Met,Met,Met,Met,Met,Not met,10394226,Independent school Progress Monitoring inspection,07/05/2025,2024/25,16/06/2025,Met all standards that were checked,
150079,3436007,Acre View Primary School,Other Independent Special School,Independent special school,19/06/2024,Does not have a sixth form,None,None,Non-faith,Ofsted,North West,North West,Sefton,Sefton Central,L31 4EQ,30,NULL,NULL,NULL,NULL,NULL,NULL,NULL,NULL,NULL,NULL,NULL,NULL,NULL,NULL,10375147,Independent school standard inspection - first,Independent Standard Inspection,20/05/2025,24/06/2025,2,2,1,1,2,Yes,NULL,NULL,Y,All standards Met,Met,Met,Met,Met,Met,Met,Met,Met,NULL,NULL,NULL,NULL,NULL,NULL,
150101,3306143,The Pioneers Academy,Other Independent School,Independent faith school,25/03/2024,Does not have a sixth form,Unknown,Islam,Muslim,Ofsted,West Midlands,West Midlands,Birmingham,Birmingham Ladywood,B6 5UH,98,NULL,NULL,NULL,NULL,NULL,NULL,NULL,NULL,NULL,NULL,NULL,NULL,NULL,NULL,10361095,Independent school standard inspection - first,Independent Standard Inspection,25/02/2025,05/05/2025,2,2,1,1,2,Yes,NULL,NULL,Y,All standards Met,Met,Met,Met,Met,Met,Met,Met,Met,NULL,NULL,NULL,NULL,NULL,NULL,
150103,8856085,Your Ideas School,Other Independent Special School,Independent special school,13/02/2024,Not applicable,Unknown,None,Non-faith,Ofsted,West Midlands,West Midlands,Worcestershire,Redditch,B98 0BU,5,NULL,NULL,NULL,NULL,NULL,NULL,NULL,NULL,NULL,NULL,NULL,NULL,NULL,NULL,10342215,Independent school standard inspection - first,Independent Standard Inspection,04/03/2025,08/04/2025,2,2,2,2,2,Yes,NULL,NULL,Y,All standards Met,Met,Met,Met,Met,Met,Met,Met,Met,NULL,NULL,NULL,NULL,NULL,NULL,
150112,9266036,Red Balloon Educational Trust-Norfolk,Other Independent Special School,Independent special school,11/01/2024,Not applicable,Unknown,None,Non-faith,Ofsted,East of England,East of England,Norfolk,Norwich South,NR2 3DF,20,NULL,NULL,NULL,NULL,NULL,NULL,NULL,NULL,NULL,NULL,NULL,NULL,NULL,NULL,10342216,Independent school standard inspection - first,Independent Standard Inspection,14/01/2025,03/03/2025,2,2,2,2,2,Yes,NULL,NULL,Y,All standards Met,Met,Met,Met,Met,Met,Met,Met,Met,NULL,NULL,NULL,NULL,NULL,NULL,
150136,8856091,Aurora Wilden View School,Other Independent Special School,Independent special school,13/02/2024,Not applicable,Unknown,None,Non-faith,Ofsted,West Midlands,West Midlands,Worcestershire,Droitwich and Evesham,DY11 7RR,52,NULL,NULL,NULL,NULL,NULL,NULL,NULL,NULL,NULL,NULL,NULL,NULL,NULL,NULL,10342217,Independent school standard inspection - first,Independent Standard Inspection,24/06/2025,23/07/2025,2,2,2,1,2,Yes,NULL,NULL,Y,All standards Met,Met,Met,Met,Met,Met,Met,Met,Met,NULL,NULL,NULL,NULL,NULL,NULL,
150171,3846014,Balance Alternative Provision,Other Independent Special School,Independent special school,27/02/2024,Not applicable,Unknown,None,Non-faith,Ofsted,"North East, Yorkshire and the Humber",Yorkshire and the Humber,Wakefield,"Pontefract, Castleford and Knottingley",WF11 8NE,26,NULL,NULL,NULL,NULL,NULL,NULL,NULL,NULL,NULL,NULL,NULL,NULL,NULL,NULL,10342218,Independent school standard inspection - first,Independent Standard Inspection,11/03/2025,28/04/2025,2,2,2,2,2,Yes,NULL,NULL,Y,All standards Met,Met,Met,Met,Met,Met,Met,Met,Met,NULL,NULL,NULL,NULL,NULL,NULL,
150182,8616041,The Valiant School,Other Independent School,Other independent school,19/10/2023,Does not have a sixth form,Unknown,None,Non-faith,Ofsted,West Midlands,West Midlands,Stoke-on-Trent,Stoke-on-Trent North,ST6 1EL,14,NULL,NULL,NULL,NULL,NULL,NULL,NULL,NULL,NULL,NULL,NULL,NULL,NULL,NULL,10342219,Independent school standard inspection - first,Independent Standard Inspection,19/11/2024,19/12/2024,2,2,2,2,2,Yes,NULL,NULL,Y,All standards Met,Met,Met,Met,Met,Met,Met,Met,Met,NULL,NULL,NULL,NULL,NULL,NULL,
150221,2046023,Clockhouse Primary School,Other Independent School,Independent faith school,04/12/2024,Not applicable,Unknown,Orthodox Jewish,Jewish,Ofsted,London,London,Hackney,Hackney North and Stoke Newington,N16 5LG,0,NULL,NULL,NULL,NULL,NULL,NULL,NULL,NULL,NULL,NULL,NULL,NULL,NULL,NULL,NULL,NULL,NULL,NULL,NULL,NULL,NULL,NULL,NULL,NULL,NULL,NULL,NULL,NULL,NULL,NULL,NULL,NULL,NULL,NULL,NULL,NULL,NULL,NULL,NULL,NULL,NULL,NULL,NULL,
150238,8816096,Athena School,Other Independent Special School,Independent special school,27/01/2023,Not applicable,Unknown,None,Non-faith,Ofsted,East of England,East of England,Essex,Castle Point,SS8 0HN,1,NULL,NULL,NULL,NULL,NULL,NULL,NULL,NULL,NULL,NULL,NULL,NULL,NULL,NULL,10323200,Independent school standard inspection - first,Independent Standard Inspection,11/06/2024,18/07/2024,0,0,0,0,0,Yes,NULL,0,Y,All standards Met,Met,Met,Met,Met,Met,Met,Met,Met,NULL,NULL,NULL,NULL,NULL,NULL,
150258,9416001,Edgewood School,Other Independent Special School,Independent special school,08/01/2024,Not applicable,Unknown,None,Non-faith,Ofsted,East Midlands,East Midlands,West Northamptonshire,Northampton North,NN3 8TA,13,NULL,NULL,NULL,NULL,NULL,NULL,NULL,NULL,NULL,NULL,NULL,NULL,NULL,NULL,10342220,Independent school standard inspection - first,Independent Standard Inspection,18/03/2025,05/05/2025,2,2,2,2,2,Yes,NULL,NULL,Y,All standards Met,Met,Met,Met,Met,Met,Met,Met,Met,NULL,NULL,NULL,NULL,NULL,NULL,
150272,8886133,Park View,Other Independent Special School,Independent special school,08/03/2024,Not applicable,Unknown,None,Non-faith,Ofsted,North West,North West,Lancashire,Hyndburn,BB5 5PJ,4,NULL,NULL,NULL,NULL,NULL,NULL,NULL,NULL,NULL,NULL,NULL,NULL,NULL,NULL,10361096,Independent school standard inspection - first,Independent Standard Inspection,28/01/2025,09/03/2025,2,2,2,2,2,Yes,NULL,NULL,Y,All standards Met,Met,Met,Met,Met,Met,Met,Met,Met,NULL,NULL,NULL,NULL,NULL,NULL,
150282,8886134,The Ribble Autism School,Other Independent Special School,Independent special school,26/06/2024,Not applicable,Unknown,None,Non-faith,Ofsted,North West,North West,Lancashire,Ribble Valley,PR5 5SZ,8,NULL,NULL,NULL,NULL,NULL,NULL,NULL,NULL,NULL,NULL,NULL,NULL,NULL,NULL,10375148,Independent school standard inspection - first,Independent Standard Inspection,01/07/2025,20/08/2025,2,2,2,2,2,Yes,NULL,NULL,Y,All standards Met,Met,Met,Met,Met,Met,Met,Met,Met,NULL,NULL,NULL,NULL,NULL,NULL,
150312,3136011,Tarbiyyah Secondary School for Boys,Other Independent School,Independent faith school,04/01/2024,Does not have a sixth form,Unknown,Islam,Muslim,Ofsted,London,London,Hounslow,Feltham and Heston,TW5 0LJ,57,NULL,NULL,NULL,NULL,NULL,NULL,NULL,NULL,NULL,NULL,NULL,NULL,NULL,NULL,10342222,Independent school standard inspection - first,Independent Standard Inspection,23/09/2025,04/11/2025,2,2,2,2,2,Yes,NULL,NULL,N,All standards Met,Met,Met,Met,Met,Met,Met,Met,Met,NULL,NULL,NULL,NULL,NULL,NULL,
150376,8406020,Forest Park School,Other Independent Special School,Independent special school,18/01/2024,Not applicable,Unknown,None,Non-faith,Ofsted,"North East, Yorkshire and the Humber",North East,Durham,Newton Aycliffe and Spennymoor,DL5 6XP,21,NULL,NULL,NULL,NULL,NULL,NULL,NULL,NULL,NULL,NULL,NULL,NULL,NULL,NULL,10342223,Independent school standard inspection - first,Independent Standard Inspection,11/03/2025,30/04/2025,2,2,1,2,2,Yes,NULL,NULL,Y,All standards Met,Met,Met,Met,Met,Met,Met,Met,Met,NULL,NULL,NULL,NULL,NULL,NULL,
150377,8036012,Castlefell School,Other Independent Special School,Independent special school,06/03/2024,Not applicable,Unknown,None,Non-faith,Ofsted,South West,South West,South Gloucestershire,Thornbury and Yate,BS35 3NS,25,NULL,NULL,NULL,NULL,NULL,NULL,NULL,NULL,NULL,NULL,NULL,NULL,NULL,NULL,10361098,Independent school standard inspection - first,Independent Standard Inspection,04/03/2025,29/04/2025,2,2,2,2,2,Yes,NULL,NULL,Y,All standards Met,Met,Met,Met,Met,Met,Met,Met,Met,NULL,NULL,NULL,NULL,NULL,NULL,
150378,8866182,Hilden Park,Other Independent Special School,Independent special school,20/03/2024,Not applicable,None,None,Non-faith,Ofsted,South East,South East,Kent,Tonbridge,TN11 8ND,11,NULL,NULL,NULL,NULL,NULL,NULL,NULL,NULL,NULL,NULL,NULL,NULL,NULL,NULL,10361099,Independent school standard inspection - first,Independent Standard Inspection,25/02/2025,30/03/2025,1,1,1,1,1,Yes,NULL,NULL,Y,All standards Met,Met,Met,Met,Met,Met,Met,Met,Met,NULL,NULL,NULL,NULL,NULL,NULL,
150379,8866183,Yew Tree Farm School,Other Independent Special School,Independent special school,30/05/2024,Not applicable,Unknown,None,Non-faith,Ofsted,South East,South East,Kent,Faversham and Mid Kent,ME9 8AT,6,NULL,NULL,NULL,NULL,NULL,NULL,NULL,NULL,NULL,NULL,NULL,NULL,NULL,NULL,10361100,Independent school standard inspection - first,Independent Standard Inspection,07/01/2025,30/01/2025,2,2,2,2,2,Yes,NULL,NULL,Y,All standards Met,Met,Met,Met,Met,Met,Met,Met,Met,NULL,NULL,NULL,NULL,NULL,NULL,
150413,8236001,Stannard School,Other Independent Special School,Independent special school,09/02/2024,Not applicable,Unknown,None,Non-faith,Ofsted,East of England,East of England,Central Bedfordshire,Dunstable and Leighton Buzzard,LU5 4QL,21,NULL,NULL,NULL,NULL,NULL,NULL,NULL,NULL,NULL,NULL,NULL,NULL,NULL,NULL,10342224,Independent school standard inspection - first,Independent Standard Inspection,04/02/2025,19/03/2025,2,2,2,2,2,Yes,NULL,0,Y,All standards Met,Met,Met,Met,Met,Met,Met,Met,Met,NULL,NULL,NULL,NULL,NULL,NULL,
150427,3446020,Edstart Schools Wirral,Other Independent Special School,Independent special school,29/02/2024,Not applicable,Unknown,None,Non-faith,Ofsted,North West,North West,Wirral,Wallasey,CH44 5TH,32,NULL,NULL,NULL,NULL,NULL,NULL,NULL,NULL,NULL,NULL,NULL,NULL,NULL,NULL,10342225,Independent school standard inspection - first,Independent Standard Inspection,14/01/2025,20/02/2025,2,2,2,2,2,Yes,NULL,NULL,Y,All standards Met,Met,Met,Met,Met,Met,Met,Met,Met,NULL,NULL,NULL,NULL,NULL,NULL,
150438,9256065,Willow School,Other Independent Special School,Independent special school,15/05/2024,Not applicable,Unknown,None,Non-faith,Ofsted,East Midlands,East Midlands,Lincolnshire,Sleaford and North Hykeham,NG34 7RU,9,NULL,NULL,NULL,NULL,NULL,NULL,NULL,NULL,NULL,NULL,NULL,NULL,NULL,NULL,10374830,Independent school standard inspection - first,Independent Standard Inspection,15/07/2025,16/09/2025,2,2,2,2,2,Yes,NULL,NULL,Y,All standards Met,Met,Met,Met,Met,Met,Met,Met,Met,NULL,NULL,NULL,NULL,NULL,NULL,
150439,3026022,The London Mechina,Other Independent School,Independent faith school,29/05/2024,Does not have a sixth form,Unknown,Orthodox Jewish,Jewish,Ofsted,London,London,Barnet,Chipping Barnet,N12 8RZ,10,10375118,Independent school standard inspection - first,Independent standard inspection,10/02/2026,19/04/2026,Met,Expected standard,Expected standard,Expected standard,Strong standard,Expected standard,Not applicable,Not applicable,Expected standard,NULL,NULL,NULL,NULL,NULL,NULL,NULL,NULL,NULL,NULL,NULL,NULL,NULL,Y,All standards Met,Met,Met,Met,Met,Met,Met,Met,Met,NULL,NULL,NULL,NULL,NULL,NULL,
150440,8566035,Educ8 Leicestershire,Other Independent Special School,Independent special school,13/05/2024,Not applicable,None,None,Non-faith,Ofsted,East Midlands,East Midlands,Leicester,Leicester West,LE3 6LP,7,NULL,NULL,NULL,NULL,NULL,NULL,NULL,NULL,NULL,NULL,NULL,NULL,NULL,NULL,10374831,Independent school standard inspection - first,Independent Standard Inspection,24/06/2025,14/09/2025,3,3,3,3,3,Yes,NULL,NULL,Y,Did not meet all standards,Not met,Met,Not met,Met,Met,Met,Met,Not met,10433934,Independent school Progress Monitoring inspection,20/01/2026,2025/26,01/03/2026,Did not meet all standards that were checked,
150446,8866185,Hawthorn,Other Independent Special School,Independent special school,30/01/2024,Not applicable,Unknown,None,Non-faith,Ofsted,South East,South East,Kent,Canterbury,CT4 7BF,4,NULL,NULL,NULL,NULL,NULL,NULL,NULL,NULL,NULL,NULL,NULL,NULL,NULL,NULL,10342226,Independent school standard inspection - first,Independent Standard Inspection,04/02/2025,18/03/2025,3,3,2,2,3,Yes,NULL,NULL,Y,All standards Met,Met,Met,Met,Met,Met,Met,Met,Met,NULL,NULL,NULL,NULL,NULL,NULL,
150449,8136017,Pledge2Learn,Other Independent Special School,Independent special school,20/03/2024,Does not have a sixth form,Unknown,None,Non-faith,Ofsted,"North East, Yorkshire and the Humber",Yorkshire and the Humber,North Lincolnshire,Scunthorpe,DN17 2TQ,19,NULL,NULL,NULL,NULL,NULL,NULL,NULL,NULL,NULL,NULL,NULL,NULL,NULL,NULL,10361101,Independent school standard inspection - first,Independent Standard Inspection,28/01/2025,11/03/2025,2,2,2,2,2,Yes,NULL,NULL,Y,All standards Met,Met,Met,Met,Met,Met,Met,Met,Met,NULL,NULL,NULL,NULL,NULL,NULL,
150515,3946006,The Poplars,Other Independent Special School,Independent special school,20/03/2024,Not applicable,Unknown,None,Non-faith,Ofsted,"North East, Yorkshire and the Humber",North East,Sunderland,Houghton and Sunderland South,DH4 7AP,3,NULL,NULL,NULL,NULL,NULL,NULL,NULL,NULL,NULL,NULL,NULL,NULL,NULL,NULL,10361103,Independent school standard inspection - first,Independent Standard Inspection,14/01/2025,04/02/2025,2,2,2,2,2,Yes,NULL,NULL,Y,All standards Met,Met,Met,Met,Met,Met,Met,Met,Met,NULL,NULL,NULL,NULL,NULL,NULL,
150525,3526034,The Watkin Centre,Other Independent Special School,Independent special school,25/04/2024,Not applicable,Unknown,None,Non-faith,Ofsted,North West,North West,Manchester,Wythenshawe and Sale East,M23 9TT,23,NULL,NULL,NULL,NULL,NULL,NULL,NULL,NULL,NULL,NULL,NULL,NULL,NULL,NULL,10361104,Independent school standard inspection - first,Independent Standard Inspection,10/12/2024,21/01/2025,3,3,2,2,3,Yes,NULL,NULL,Y,All standards Met,Met,Met,Met,Met,Met,Met,Met,Met,NULL,NULL,NULL,NULL,NULL,NULL,
150542,8106008,Life Skills Hub Central,Other Independent Special School,Independent special school,08/07/2024,Not applicable,None,None,Non-faith,Ofsted,"North East, Yorkshire and the Humber",Yorkshire and the Humber,Kingston upon Hull,Kingston upon Hull North and Cottingham,HU6 8AE,20,NULL,NULL,NULL,NULL,NULL,NULL,NULL,NULL,NULL,NULL,NULL,NULL,NULL,NULL,10374867,Independent school standard inspection - first,Independent Standard Inspection,23/09/2025,22/10/2025,2,2,2,2,2,Yes,NULL,NULL,Y,All standards Met,Met,Met,Met,Met,Met,Met,Met,Met,NULL,NULL,NULL,NULL,NULL,NULL,
150543,3056020,Woodview,Other Independent Special School,Independent special school,26/07/2024,Not applicable,Unknown,None,Non-faith,Ofsted,London,London,Bromley,Orpington,BR5 4EP,18,NULL,NULL,NULL,NULL,NULL,NULL,NULL,NULL,NULL,NULL,NULL,NULL,NULL,NULL,10375119,Independent school standard inspection - first,Independent Standard Inspection,10/06/2025,10/07/2025,2,2,1,2,2,Yes,NULL,NULL,Y,All standards Met,Met,Met,Met,Met,Met,Met,Met,Met,NULL,NULL,NULL,NULL,NULL,NULL,
150618,3356005,Bescot Hall,Other Independent Special School,Independent special school,30/04/2024,Not applicable,Unknown,None,Non-faith,Ofsted,West Midlands,West Midlands,Walsall,Walsall and Bloxwich,WS2 9TY,23,NULL,NULL,NULL,NULL,NULL,NULL,NULL,NULL,NULL,NULL,NULL,NULL,NULL,NULL,10374918,Independent school standard inspection - first,Independent Standard Inspection,11/03/2025,05/05/2025,2,2,1,1,2,Yes,NULL,NULL,Y,All standards Met,Met,Met,Met,Met,Met,Met,Met,Met,NULL,NULL,NULL,NULL,NULL,NULL,
150634,8886135,The Willows,Other Independent Special School,Independent special school,12/07/2024,Does not have a sixth form,Unknown,None,Non-faith,Ofsted,North West,North West,Lancashire,Hyndburn,BB1 4JJ,1,NULL,NULL,NULL,NULL,NULL,NULL,NULL,NULL,NULL,NULL,NULL,NULL,NULL,NULL,10375149,Independent school standard inspection - first,Independent Standard Inspection,08/07/2025,22/09/2025,2,2,2,2,2,Yes,NULL,NULL,Y,All standards Met,Met,Met,Met,Met,Met,Met,Met,Met,NULL,NULL,NULL,NULL,NULL,NULL,
150669,3536022,Ellen House Secondary,Other Independent School,Independent faith school,04/06/2024,Does not have a sixth form,Unknown,Islam,Muslim,Ofsted,North West,North West,Oldham,"Oldham West, Chadderton and Royton",OL9 6QH,24,NULL,NULL,NULL,NULL,NULL,NULL,NULL,NULL,NULL,NULL,NULL,NULL,NULL,NULL,10375150,Independent school standard inspection - first,Independent Standard Inspection,24/06/2025,08/09/2025,2,2,2,2,2,Yes,NULL,NULL,Y,All standards Met,Met,Met,Met,Met,Met,Met,Met,Met,NULL,NULL,NULL,NULL,NULL,NULL,
150671,8306059,Jasmine Grove School,Other Independent Special School,Independent special school,13/05/2024,Not applicable,Unknown,None,Non-faith,Ofsted,East Midlands,East Midlands,Derbyshire,Bolsover,S44 6DJ,12,NULL,NULL,NULL,NULL,NULL,NULL,NULL,NULL,NULL,NULL,NULL,NULL,NULL,NULL,10374832,Independent school standard inspection - first,Independent Standard Inspection,17/06/2025,22/07/2025,2,2,2,2,2,Yes,NULL,NULL,Y,All standards Met,Met,Met,Met,Met,Met,Met,Met,Met,NULL,NULL,NULL,NULL,NULL,NULL,
150681,8926029,Silver Linings School,Other Independent Special School,Independent special school,24/05/2024,Not applicable,Unknown,None,Non-faith,Ofsted,East Midlands,East Midlands,Nottingham,Nottingham South,NG8 4FR,12,NULL,NULL,NULL,NULL,NULL,NULL,NULL,NULL,NULL,NULL,NULL,NULL,NULL,NULL,10374833,Independent school standard inspection - first,Independent Standard Inspection,15/07/2025,10/09/2025,2,2,2,2,2,Yes,NULL,NULL,Y,All standards Met,Met,Met,Met,Met,Met,Met,Met,Met,NULL,NULL,NULL,NULL,NULL,NULL,
150682,3576008,Peak Forest,Other Independent Special School,Independent special school,29/05/2024,Not applicable,Unknown,None,Non-faith,Ofsted,North West,North West,Tameside,Stalybridge and Hyde,SK14 3QF,24,NULL,NULL,NULL,NULL,NULL,NULL,NULL,NULL,NULL,NULL,NULL,NULL,NULL,NULL,10366311,Independent school standard inspection - first,Independent Standard Inspection,15/10/2024,17/12/2024,3,3,3,3,3,Yes,NULL,NULL,N,Did not meet all standards,Not met,Met,Met,Met,Met,Met,Met,Not met,10397120,Independent school Progress Monitoring inspection,10/06/2025,2024/25,17/07/2025,Met all standards that were checked,
150706,9256066,Oakwood House Independent School,Other Independent Special School,Independent special school,29/05/2024,Not applicable,Unknown,None,Non-faith,Ofsted,East Midlands,East Midlands,Lincolnshire,Boston and Skegness,PE20 1DS,28,NULL,NULL,NULL,NULL,NULL,NULL,NULL,NULL,NULL,NULL,NULL,NULL,NULL,NULL,10374834,Independent school standard inspection - first,Independent Standard Inspection,01/04/2025,06/05/2025,2,2,2,2,2,Yes,NULL,NULL,Y,All standards Met,Met,Met,Met,Met,Met,Met,Met,Met,NULL,NULL,NULL,NULL,NULL,NULL,
150712,9166042,Valley Bridge School,Other Independent Special School,Independent special school,06/08/2024,Not applicable,Unknown,None,Non-faith,Ofsted,South West,South West,Gloucestershire,North Cotswolds,GL4 0UF,43,NULL,NULL,NULL,NULL,NULL,NULL,NULL,NULL,NULL,NULL,NULL,NULL,NULL,NULL,10374884,Independent school standard inspection - first,Independent Standard Inspection,20/05/2025,06/07/2025,3,3,3,3,3,Yes,NULL,NULL,Y,All standards Met,Met,Met,Met,Met,Met,Met,Met,Met,NULL,NULL,NULL,NULL,NULL,NULL,
150738,9256068,Tudor Lodge Therapeutic School,Other Independent Special School,Independent special school,22/07/2024,Not applicable,Unknown,None,Non-faith,Ofsted,East Midlands,East Midlands,Lincolnshire,South Holland and The Deepings,PE12 6RU,21,NULL,NULL,NULL,NULL,NULL,NULL,NULL,NULL,NULL,NULL,NULL,NULL,NULL,NULL,10374835,Independent school standard inspection - first,Independent Standard Inspection,17/06/2025,16/07/2025,1,1,1,1,1,Yes,NULL,NULL,Y,All standards Met,Met,Met,Met,Met,Met,Met,Met,Met,NULL,NULL,NULL,NULL,NULL,NULL,
150750,2116013,OMG Education,Other Independent School,Other independent school,17/05/2024,Has a sixth form,Unknown,None,Non-faith,Ofsted,London,London,Tower Hamlets,Bethnal Green and Stepney,E1 6BG,7,NULL,NULL,NULL,NULL,NULL,NULL,NULL,NULL,NULL,NULL,NULL,NULL,NULL,NULL,10375122,Independent school standard inspection - first,Independent Standard Inspection,20/05/2025,08/07/2025,2,2,2,2,2,Yes,NULL,NULL,Y,All standards Met,Met,Met,Met,Met,Met,Met,Met,Met,NULL,NULL,NULL,NULL,NULL,NULL,
150751,3196004,Grove Road School,Other Independent Special School,Independent special school,15/10/2024,Not applicable,None,None,Non-faith,Ofsted,London,London,Sutton,Sutton and Cheam,SM1 1BT,13,NULL,NULL,NULL,NULL,NULL,NULL,NULL,NULL,NULL,NULL,NULL,NULL,NULL,NULL,NULL,NULL,NULL,NULL,NULL,NULL,NULL,NULL,NULL,NULL,NULL,NULL,NULL,NULL,NULL,NULL,NULL,NULL,NULL,NULL,NULL,NULL,NULL,NULL,NULL,NULL,NULL,NULL,NULL,
150752,9336028,Fromefield Manor School,Other Independent Special School,Independent special school,27/08/2024,Not applicable,Unknown,None,Non-faith,Ofsted,South West,South West,Somerset,Frome and East Somerset,BA11 2AB,4,NULL,NULL,NULL,NULL,NULL,NULL,NULL,NULL,NULL,NULL,NULL,NULL,NULL,NULL,10374885,Independent school standard inspection - first,Independent Standard Inspection,29/04/2025,08/06/2025,2,2,1,2,2,Yes,NULL,NULL,Y,All standards Met,Met,Met,Met,Met,Met,Met,Met,Met,NULL,NULL,NULL,NULL,NULL,NULL,
150759,3366016,Bushbury School,Other Independent Special School,Independent special school,15/10/2024,Not applicable,Unknown,None,Non-faith,Ofsted,West Midlands,West Midlands,Wolverhampton,Wolverhampton North East,WV10 8ED,15,10427405,Independent school standard inspection - first,Independent standard inspection,03/02/2026,23/03/2026,Met,Expected standard,Expected standard,Expected standard,Expected standard,Expected standard,Not applicable,Not applicable,Expected standard,NULL,NULL,NULL,NULL,NULL,NULL,NULL,NULL,NULL,NULL,NULL,NULL,NULL,Y,All standards Met,Met,Met,Met,Met,Met,Met,Met,Met,NULL,NULL,NULL,NULL,NULL,NULL,
150760,9366072,"Elysian, West Horsley",Other Independent Special School,Independent special school,21/06/2024,Not applicable,Unknown,None,Non-faith,Ofsted,South East,South East,Surrey,Guildford,KT24 6ER,15,NULL,NULL,NULL,NULL,NULL,NULL,NULL,NULL,NULL,NULL,NULL,NULL,NULL,NULL,10375013,Independent school standard inspection - first,Independent Standard Inspection,15/07/2025,24/09/2025,2,2,2,2,2,Yes,NULL,NULL,Y,All standards Met,Met,Met,Met,Met,Met,Met,Met,Met,NULL,NULL,NULL,NULL,NULL,NULL,
150776,3336019,Tipton Green College,Other Independent Special School,Independent special school,15/10/2024,Not applicable,Unknown,None,Non-faith,Ofsted,West Midlands,West Midlands,Sandwell,Tipton and Wednesbury,DY4 9ER,13,NULL,NULL,NULL,NULL,NULL,NULL,NULL,NULL,NULL,NULL,NULL,NULL,NULL,NULL,NULL,NULL,NULL,NULL,NULL,NULL,NULL,NULL,NULL,NULL,NULL,NULL,NULL,NULL,NULL,NULL,NULL,NULL,NULL,NULL,NULL,NULL,NULL,NULL,NULL,NULL,NULL,NULL,NULL,
150798,8526015,New Avenue School,Other Independent Special School,Independent special school,15/08/2024,Not applicable,None,None,Non-faith,Ofsted,South East,South East,Southampton,Southampton Test,SO17 1XS,13,NULL,NULL,NULL,NULL,NULL,NULL,NULL,NULL,NULL,NULL,NULL,NULL,NULL,NULL,10375014,Independent school standard inspection - first,Independent Standard Inspection,01/07/2025,08/09/2025,2,2,1,1,2,Yes,NULL,NULL,Y,All standards Met,Met,Met,Met,Met,Met,Met,Met,Met,NULL,NULL,NULL,NULL,NULL,NULL,
150803,9086013,Cardrew Court School,Other Independent Special School,Independent special school,06/08/2024,Does not have a sixth form,None,None,Non-faith,Ofsted,South West,South West,Cornwall,Camborne and Redruth,TR15 1SS,37,NULL,NULL,NULL,NULL,NULL,NULL,NULL,NULL,NULL,NULL,NULL,NULL,NULL,NULL,10374886,Independent school standard inspection - first,Independent Standard Inspection,03/06/2025,24/06/2025,2,2,2,2,2,Yes,NULL,NULL,Y,All standards Met,Met,Met,Met,Met,Met,Met,Met,Met,NULL,NULL,NULL,NULL,NULL,NULL,
150806,9266039,Ortus Education Ltd - West Raynham School,Other Independent Special School,Independent special school,13/05/2024,Not applicable,Unknown,None,Non-faith,Ofsted,East of England,East of England,Norfolk,Broadland and Fakenham,NR21 7HH,15,NULL,NULL,NULL,NULL,NULL,NULL,NULL,NULL,NULL,NULL,NULL,NULL,NULL,NULL,10374850,Independent school standard inspection - first,Independent Standard Inspection,03/06/2025,09/07/2025,2,2,2,2,2,Yes,NULL,0,Y,All standards Met,Met,Met,Met,Met,Met,Met,Met,Met,NULL,NULL,NULL,NULL,NULL,NULL,
150807,3506021,Breightmet School,Other Independent Special School,Independent special school,17/09/2024,Not applicable,Unknown,None,Non-faith,Ofsted,North West,North West,Bolton,Bolton North East,BL2 6PD,9,NULL,NULL,NULL,NULL,NULL,NULL,NULL,NULL,NULL,NULL,NULL,NULL,NULL,NULL,10395740,Independent school standard inspection - first,Independent Standard Inspection,10/06/2025,14/07/2025,3,3,2,3,3,Yes,NULL,NULL,Y,Did not meet all standards,Not met,Met,Not met,Met,Not met,Met,Met,Not met,10429444,Independent school Progress Monitoring inspection,03/02/2026,2025/26,18/03/2026,Did not meet all standards that were checked,
150808,8506116,Hawley Woods School,Other Independent Special School,Independent special school,26/09/2024,Not applicable,Unknown,None,Non-faith,Ofsted,South East,South East,Hampshire,Aldershot,GU17 9HU,27,10427407,Independent school standard inspection - first,Independent standard inspection,10/02/2026,26/04/2026,Met,Expected standard,Expected standard,Expected standard,Strong standard,Expected standard,Not applicable,Not applicable,Expected standard,NULL,NULL,NULL,NULL,NULL,NULL,NULL,NULL,NULL,NULL,NULL,NULL,NULL,Y,All standards Met,Met,Met,Met,Met,Met,Met,Met,Met,NULL,NULL,NULL,NULL,NULL,NULL,
150812,8566036,The Goldhill Learning Foundation,Other Independent Special School,Independent special school,12/07/2024,Not applicable,None,None,Non-faith,Ofsted,East Midlands,East Midlands,Leicester,Leicester South,LE2 6TL,7,NULL,NULL,NULL,NULL,NULL,NULL,NULL,NULL,NULL,NULL,NULL,NULL,NULL,NULL,10374836,Independent school standard inspection - first,Independent Standard Inspection,03/06/2025,07/07/2025,2,2,2,2,2,Yes,NULL,NULL,Y,All standards Met,Met,Met,Met,Met,Met,Met,Met,Met,NULL,NULL,NULL,NULL,NULL,NULL,
150845,3546044,Healey Learning Centre,Other Independent Special School,Independent special school,01/07/2024,Not applicable,None,None,Non-faith,Ofsted,North West,North West,Rochdale,Rochdale,OL12 6LN,16,NULL,NULL,NULL,NULL,NULL,NULL,NULL,NULL,NULL,NULL,NULL,NULL,NULL,NULL,10375151,Independent school standard inspection - first,Independent Standard Inspection,23/04/2025,19/05/2025,2,2,2,1,2,Yes,NULL,NULL,N,All standards Met,Met,Met,Met,Met,Met,Met,Met,Met,NULL,NULL,NULL,NULL,NULL,NULL,
150857,8306062,Kershaw Wood,Other Independent Special School,Independent special school,13/08/2024,Not applicable,Unknown,None,Non-faith,Ofsted,East Midlands,East Midlands,Derbyshire,High Peak,SK13 7DG,9,NULL,NULL,NULL,NULL,NULL,NULL,NULL,NULL,NULL,NULL,NULL,NULL,NULL,NULL,10374837,Independent school standard inspection - first,Independent Standard Inspection,25/03/2025,07/05/2025,3,3,2,2,2,Yes,NULL,NULL,Y,All standards Met,Met,Met,Met,Met,Met,Met,Met,Met,NULL,NULL,NULL,NULL,NULL,NULL,
150863,8556060,The Divergent School Harborough,Other Independent Special School,Independent special school,09/09/2024,Not applicable,None,None,Non-faith,Ofsted,East Midlands,East Midlands,Leicestershire,"Harborough, Oadby and Wigston",LE16 7JS,5,10427408,Independent school standard inspection - first,Independent standard inspection,10/03/2026,29/04/2026,Met,Expected standard,Expected standard,Expected standard,Expected standard,Expected standard,Not applicable,Not applicable,Expected standard,NULL,NULL,NULL,NULL,NULL,NULL,NULL,NULL,NULL,NULL,NULL,NULL,NULL,Y,All standards Met,Met,Met,Met,Met,Met,Met,Met,Met,NULL,NULL,NULL,NULL,NULL,NULL,
150864,9366074,Emerald Place Clinic School (EPCS),Other Independent Special School,Independent special school,16/07/2024,Not applicable,Unknown,None,Non-faith,Ofsted,South East,South East,Surrey,Dorking and Horley,RH6 0BN,2,NULL,NULL,NULL,NULL,NULL,NULL,NULL,NULL,NULL,NULL,NULL,NULL,NULL,NULL,10375015,Independent school standard inspection - first,Independent Standard Inspection,15/07/2025,10/09/2025,1,1,1,1,1,Yes,NULL,NULL,Y,All standards Met,Met,Met,Met,Met,Met,Met,Met,Met,NULL,NULL,NULL,NULL,NULL,NULL,
150896,3826034,Becker School,Other Independent Special School,Independent special school,12/07/2024,Not applicable,None,None,Non-faith,Ofsted,"North East, Yorkshire and the Humber",Yorkshire and the Humber,Kirklees,Dewsbury and Batley,WF17 8HL,8,NULL,NULL,NULL,NULL,NULL,NULL,NULL,NULL,NULL,NULL,NULL,NULL,NULL,NULL,10374869,Independent school standard inspection - first,Independent Standard Inspection,01/07/2025,22/09/2025,2,2,2,2,2,Yes,NULL,NULL,Y,All standards Met,Met,Met,Met,Met,Met,Met,Met,Met,NULL,NULL,NULL,NULL,NULL,NULL,
150898,8706018,Groveside School,Other Independent Special School,Independent special school,11/09/2024,Not applicable,None,None,Non-faith,Ofsted,South East,South East,Reading,Reading Central,RG2 7AY,20,10427409,Independent school standard inspection - first,Independent standard inspection,10/02/2026,26/04/2026,Met,Expected standard,Expected standard,Expected standard,Expected standard,Expected standard,Not applicable,Not applicable,Expected standard,NULL,NULL,NULL,NULL,NULL,NULL,NULL,NULL,NULL,NULL,NULL,NULL,NULL,Y,All standards Met,Met,Met,Met,Met,Met,Met,Met,Met,NULL,NULL,NULL,NULL,NULL,NULL,
150899,8256053,Red Kite School,Other Independent Special School,Independent special school,10/09/2024,Not applicable,Does not apply,None,Non-faith,Ofsted,South East,South East,Buckinghamshire,Mid Buckinghamshire,HP27 0JW,18,NULL,NULL,NULL,NULL,NULL,NULL,NULL,NULL,NULL,NULL,NULL,NULL,NULL,NULL,NULL,NULL,NULL,NULL,NULL,NULL,NULL,NULL,NULL,NULL,NULL,NULL,NULL,NULL,NULL,NULL,NULL,NULL,NULL,NULL,NULL,NULL,NULL,NULL,NULL,NULL,NULL,NULL,NULL,
150900,3566036,Brinksway School,Other Independent Special School,Independent special school,23/09/2024,Not recorded,None,None,Non-faith,Ofsted,North West,North West,Stockport,Stockport,SK4 2HG,21,10427411,Independent school standard inspection - first,Independent standard inspection,10/02/2026,19/04/2026,Met,Strong standard,Expected standard,Expected standard,Strong standard,Strong standard,Not applicable,Not applicable,Expected standard,NULL,NULL,NULL,NULL,NULL,NULL,NULL,NULL,NULL,NULL,NULL,NULL,NULL,Y,All standards Met,Met,Met,Met,Met,Met,Met,Met,Met,NULL,NULL,NULL,NULL,NULL,NULL,
150902,8616044,The Registry,Other Independent School,Other independent school,10/05/2024,Does not have a sixth form,None,None,Non-faith,Ofsted,West Midlands,West Midlands,Stoke-on-Trent,Stoke-on-Trent Central,ST1 4AF,13,NULL,NULL,NULL,NULL,NULL,NULL,NULL,NULL,NULL,NULL,NULL,NULL,NULL,NULL,10374919,Independent school standard inspection - first,Independent Standard Inspection,01/07/2025,11/09/2025,2,2,2,2,2,Yes,NULL,NULL,Y,All standards Met,Met,Met,Met,Met,Met,Met,Met,Met,NULL,NULL,NULL,NULL,NULL,NULL,
150911,8506117,Bower Lodge School,Other Independent Special School,Independent special school,30/09/2024,Not applicable,Unknown,None,Non-faith,Ofsted,South East,South East,Hampshire,New Forest East,SO45 5TD,13,10427412,Independent school standard inspection - first,Independent standard inspection,24/02/2026,20/04/2026,Met,Strong standard,Strong standard,Strong standard,Strong standard,Strong standard,Strong standard,Not applicable,Strong standard,NULL,NULL,NULL,NULL,NULL,NULL,NULL,NULL,NULL,NULL,NULL,NULL,NULL,Y,All standards Met,Met,Met,Met,Met,Met,Met,Met,Met,NULL,NULL,NULL,NULL,NULL,NULL,
150914,8916050,Bestwood Village School,Other Independent Special School,Independent special school,13/08/2024,Not applicable,Unknown,None,Non-faith,Ofsted,East Midlands,East Midlands,Nottinghamshire,Gedling,NG6 8UU,18,NULL,NULL,NULL,NULL,NULL,NULL,NULL,NULL,NULL,NULL,NULL,NULL,NULL,NULL,10374838,Independent school standard inspection - first,Independent Standard Inspection,08/07/2025,15/09/2025,2,2,2,2,2,Yes,NULL,NULL,Y,All standards Met,Met,Met,Met,Met,Met,Met,Met,Met,NULL,NULL,NULL,NULL,NULL,NULL,
150920,8306063,Wellbrook School,Other Independent Special School,Independent special school,04/10/2024,Not applicable,Does not apply,None,Non-faith,Ofsted,East Midlands,East Midlands,Derbyshire,Derbyshire Dales,DE65 5EH,7,10427413,Independent school standard inspection - first,Independent standard inspection,24/02/2026,23/04/2026,Met,Expected standard,Expected standard,Expected standard,Expected standard,Expected standard,Not applicable,Not applicable,Expected standard,NULL,NULL,NULL,NULL,NULL,NULL,NULL,NULL,NULL,NULL,NULL,NULL,NULL,Y,All standards Met,Met,Met,Met,Met,Met,Met,Met,Met,NULL,NULL,NULL,NULL,NULL,NULL,
150921,3326016,INNOV4TE Independent School,Other Independent Special School,Independent special school,05/08/2024,Not applicable,Unknown,None,Non-faith,Ofsted,West Midlands,West Midlands,Dudley,Halesowen,B63 2UX,15,NULL,NULL,NULL,NULL,NULL,NULL,NULL,NULL,NULL,NULL,NULL,NULL,NULL,NULL,10374921,Independent school standard inspection - first,Independent Standard Inspection,03/06/2025,06/07/2025,2,2,2,2,2,Yes,NULL,NULL,Y,All standards Met,Met,Met,Met,Met,Met,Met,Met,Met,NULL,NULL,NULL,NULL,NULL,NULL,
150924,8386019,Kingfisher School,Other Independent Special School,Independent special school,28/10/2024,Not applicable,Unknown,None,Non-faith,Ofsted,South West,South West,Dorset,South Dorset,DT4 0JH,2,NULL,NULL,NULL,NULL,NULL,NULL,NULL,NULL,NULL,NULL,NULL,NULL,NULL,NULL,NULL,NULL,NULL,NULL,NULL,NULL,NULL,NULL,NULL,NULL,NULL,NULL,NULL,NULL,NULL,NULL,NULL,NULL,NULL,NULL,NULL,NULL,NULL,NULL,NULL,NULL,NULL,NULL,NULL,
150927,8136018,Hera House,Other Independent Special School,Independent special school,15/07/2024,Not applicable,Unknown,None,Non-faith,Ofsted,"North East, Yorkshire and the Humber",Yorkshire and the Humber,North Lincolnshire,Brigg and Immingham,DN15 0DA,34,NULL,NULL,NULL,NULL,NULL,NULL,NULL,NULL,NULL,NULL,NULL,NULL,NULL,NULL,10374870,Independent school standard inspection - first,Independent Standard Inspection,29/04/2025,09/06/2025,2,2,2,2,2,Yes,NULL,NULL,Y,All standards Met,Met,Met,Met,Met,Met,Met,Met,Met,NULL,NULL,NULL,NULL,NULL,NULL,
150928,8166014,Lord Gowthorpe's Independent School,Other Independent Special School,Independent special school,26/07/2024,Not applicable,Unknown,None,Non-faith,Ofsted,"North East, Yorkshire and the Humber",Yorkshire and the Humber,York,York Outer,YO19 5PA,15,NULL,NULL,NULL,NULL,NULL,NULL,NULL,NULL,NULL,NULL,NULL,NULL,NULL,NULL,10374871,Independent school standard inspection - first,Independent Standard Inspection,24/06/2025,29/09/2025,2,2,2,2,2,Yes,NULL,NULL,Y,All standards Met,Met,Met,Met,Met,Met,Met,Met,Met,NULL,NULL,NULL,NULL,NULL,NULL,
150939,3066037,Supreme Education AP,Other Independent Special School,Independent special school,30/10/2024,Not applicable,Unknown,None,Non-faith,Ofsted,London,London,Croydon,Croydon West,CR0 2EF,38,NULL,NULL,NULL,NULL,NULL,NULL,NULL,NULL,NULL,NULL,NULL,NULL,NULL,NULL,NULL,NULL,NULL,NULL,NULL,NULL,NULL,NULL,NULL,NULL,NULL,NULL,NULL,NULL,NULL,NULL,NULL,NULL,NULL,NULL,NULL,NULL,NULL,NULL,NULL,NULL,NULL,NULL,NULL,
150941,3566037,Agricultural and Rural Centre,Other Independent Special School,Independent special school,27/09/2024,Not applicable,Unknown,None,Non-faith,Ofsted,North West,North West,Stockport,Hazel Grove,SK6 4BA,1,NULL,NULL,NULL,NULL,NULL,NULL,NULL,NULL,NULL,NULL,NULL,NULL,NULL,NULL,NULL,NULL,NULL,NULL,NULL,NULL,NULL,NULL,NULL,NULL,NULL,NULL,NULL,NULL,NULL,NULL,NULL,NULL,NULL,NULL,NULL,NULL,NULL,NULL,NULL,NULL,NULL,NULL,NULL,
150968,3836020,Ormston School,Other Independent Special School,Independent special school,22/08/2024,Does not have a sixth form,None,None,Non-faith,Ofsted,"North East, Yorkshire and the Humber",Yorkshire and the Humber,Leeds,Leeds Central and Headingley,LS6 2AH,21,NULL,NULL,NULL,NULL,NULL,NULL,NULL,NULL,NULL,NULL,NULL,NULL,NULL,NULL,10374872,Independent school standard inspection - first,Independent Standard Inspection,01/07/2025,09/09/2025,2,2,2,2,2,Yes,NULL,NULL,Y,All standards Met,Met,Met,Met,Met,Met,Met,Met,Met,NULL,NULL,NULL,NULL,NULL,NULL,
150998,8696027,Northcroft Vocational School,Other Independent Special School,Independent special school,06/11/2024,Not applicable,Unknown,None,Non-faith,Ofsted,South East,South East,West Berkshire,Newbury,RG14 1BU,9,NULL,NULL,NULL,NULL,NULL,NULL,NULL,NULL,NULL,NULL,NULL,NULL,NULL,NULL,NULL,NULL,NULL,NULL,NULL,NULL,NULL,NULL,NULL,NULL,NULL,NULL,NULL,NULL,NULL,NULL,NULL,NULL,NULL,NULL,NULL,NULL,NULL,NULL,NULL,NULL,NULL,NULL,NULL,
151118,3316009,Park View,Other Independent Special School,Independent special school,05/12/2024,Not applicable,Unknown,None,Non-faith,Ofsted,West Midlands,West Midlands,Coventry,Coventry South,CV3 1FP,0,NULL,NULL,NULL,NULL,NULL,NULL,NULL,NULL,NULL,NULL,NULL,NULL,NULL,NULL,10416933,Independent school standard inspection - first,Independent Standard Inspection,16/09/2025,12/10/2025,2,2,2,2,2,Yes,NULL,NULL,Y,All standards Met,Met,Met,Met,Met,Met,Met,Met,Met,NULL,NULL,NULL,NULL,NULL,NULL,
151119,9316032,Aurora Rowan School,Other Independent Special School,Independent special school,30/10/2024,Not applicable,None,None,Non-faith,Ofsted,South East,South East,Oxfordshire,Henley and Thame,RG4 9EY,10,10427418,Independent school standard inspection - first,Independent standard inspection,03/02/2026,18/03/2026,Met,Strong standard,Strong standard,Strong standard,Strong standard,Strong standard,Not applicable,Not applicable,Strong standard,NULL,NULL,NULL,NULL,NULL,NULL,NULL,NULL,NULL,NULL,NULL,NULL,NULL,Y,All standards Met,Met,Met,Met,Met,Met,Met,Met,Met,NULL,NULL,NULL,NULL,NULL,NULL,
151120,8886137,New Focus Education,Other Independent Special School,Independent special school,12/02/2025,Does not have a sixth form,None,None,Non-faith,Ofsted,North West,North West,Lancashire,Preston,PR2 1AF,NULL,NULL,NULL,NULL,NULL,NULL,NULL,NULL,NULL,NULL,NULL,NULL,NULL,NULL,NULL,NULL,NULL,NULL,NULL,NULL,NULL,NULL,NULL,NULL,NULL,NULL,NULL,NULL,NULL,NULL,NULL,NULL,NULL,NULL,NULL,NULL,NULL,NULL,NULL,NULL,NULL,NULL,NULL,NULL,
151121,8566039,Spark Vale Academy,Other Independent Special School,Independent special school,04/10/2024,Not applicable,None,None,Non-faith,Ofsted,East Midlands,East Midlands,Leicester,Leicester East,LE4 5EE,0,NULL,NULL,NULL,NULL,NULL,NULL,NULL,NULL,NULL,NULL,NULL,NULL,NULL,NULL,10395736,Independent school standard inspection - first,Independent Standard Inspection,03/06/2025,02/09/2025,4,0,0,0,4,No,NULL,0,Y,Did not meet all standards,Not met,Met,Not met,Met,Not met,Met,Met,Not met,10433833,Independent school Progress Monitoring inspection,11/02/2026,2025/26,19/04/2026,Met all standards that were checked,
151122,8556062,Hinckley House,Other Independent Special School,Independent special school,26/11/2024,Not applicable,Unknown,None,Non-faith,Ofsted,East Midlands,East Midlands,Leicestershire,Hinckley and Bosworth,CV13 0LS,15,NULL,NULL,NULL,NULL,NULL,NULL,NULL,NULL,NULL,NULL,NULL,NULL,NULL,NULL,10395742,Independent school standard inspection - first,Independent Standard Inspection,16/09/2025,16/10/2025,2,2,2,2,2,Yes,NULL,NULL,Y,All standards Met,Met,Met,Met,Met,Met,Met,Met,Met,NULL,NULL,NULL,NULL,NULL,NULL,
151139,3836021,Cockburn Reach Academy,Other Independent Special School,Independent special school,14/11/2024,Not applicable,None,None,Non-faith,Ofsted,"North East, Yorkshire and the Humber",Yorkshire and the Humber,Leeds,Leeds South,LS11 6NN,0,10427420,Independent school standard inspection - first,Independent standard inspection,03/02/2026,26/03/2026,Met,Strong standard,Expected standard,Expected standard,Strong standard,Strong standard,Not applicable,Not applicable,Strong standard,NULL,NULL,NULL,NULL,NULL,NULL,NULL,NULL,NULL,NULL,NULL,NULL,NULL,Y,All standards Met,Met,Met,Met,Met,Met,Met,Met,Met,NULL,NULL,NULL,NULL,NULL,NULL,
151140,8606099,Little Kinvaston School,Other Independent Special School,Independent special school,08/10/2024,Not applicable,None,None,Non-faith,Ofsted,West Midlands,West Midlands,Staffordshire,"Stone, Great Wyrley and Penkridge",ST19 5PR,0,NULL,NULL,NULL,NULL,NULL,NULL,NULL,NULL,NULL,NULL,NULL,NULL,NULL,NULL,10406245,Independent school standard inspection - first,Independent Standard Inspection,16/09/2025,12/10/2025,2,2,2,1,2,Yes,NULL,NULL,N,All standards Met,Met,Met,Met,Met,Met,Met,Met,Met,NULL,NULL,NULL,NULL,NULL,NULL,
151141,8306065,The Bayleaf Hub,Other Independent Special School,Independent special school,04/10/2024,Not applicable,Unknown,None,Non-faith,Ofsted,East Midlands,East Midlands,Derbyshire,South Derbyshire,DE65 6GZ,3,10427421,Independent school standard inspection - first,Independent standard inspection,03/02/2026,19/04/2026,Met,Expected standard,Needs attention,Needs attention,Expected standard,Expected standard,Not applicable,Not applicable,Needs attention,NULL,NULL,NULL,NULL,NULL,NULL,NULL,NULL,NULL,NULL,NULL,NULL,NULL,Y,Did not meet all standards,Not met,Met,Met,Met,Met,Met,Met,Not met,NULL,NULL,NULL,NULL,NULL,NULL,
151197,8936048,Esland Shropshire School,Other Independent Special School,Independent special school,24/12/2024,Not applicable,Unknown,None,Non-faith,Ofsted,West Midlands,West Midlands,Shropshire,South Shropshire,WV16 6SU,5,NULL,NULL,NULL,NULL,NULL,NULL,NULL,NULL,NULL,NULL,NULL,NULL,NULL,NULL,NULL,NULL,NULL,NULL,NULL,NULL,NULL,NULL,NULL,NULL,NULL,NULL,NULL,NULL,NULL,NULL,NULL,NULL,NULL,NULL,NULL,NULL,NULL,NULL,NULL,NULL,NULL,NULL,NULL,
151200,8106009,Felix House School,Other Independent Special School,Independent special school,19/11/2024,Has a sixth form,None,None,Non-faith,Ofsted,"North East, Yorkshire and the Humber",Yorkshire and the Humber,Kingston upon Hull,Kingston upon Hull North and Cottingham,HU7 4BS,5,10427423,Independent school standard inspection - first,Independent standard inspection,24/02/2026,22/04/2026,Met,Expected standard,Expected standard,Expected standard,Expected standard,Expected standard,Not applicable,Not applicable,Expected standard,NULL,NULL,NULL,NULL,NULL,NULL,NULL,NULL,NULL,NULL,NULL,NULL,NULL,Y,All standards Met,Met,Met,Met,Met,Met,Met,Met,Met,NULL,NULL,NULL,NULL,NULL,NULL,
151203,3306144,Maple House School,Other Independent Special School,Independent special school,16/01/2025,Not applicable,None,None,Non-faith,Ofsted,West Midlands,West Midlands,Birmingham,Birmingham Selly Oak,B30 2AE,29,NULL,NULL,NULL,NULL,NULL,NULL,NULL,NULL,NULL,NULL,NULL,NULL,NULL,NULL,10404500,Independent school standard inspection - first,Independent Standard Inspection,01/07/2025,14/09/2025,2,2,2,2,2,Yes,NULL,NULL,Y,All standards Met,Met,Met,Met,Met,Met,Met,Met,Met,NULL,NULL,NULL,NULL,NULL,NULL,
151204,2096008,The Anchor SENDfriendly Centre,Other Independent Special School,Independent special school,20/11/2024,Not applicable,Unknown,None,Non-faith,Ofsted,London,London,Lewisham,Lewisham East,SE13 6TJ,26,NULL,NULL,NULL,NULL,NULL,NULL,NULL,NULL,NULL,NULL,NULL,NULL,NULL,NULL,NULL,NULL,NULL,NULL,NULL,NULL,NULL,NULL,NULL,NULL,NULL,NULL,NULL,NULL,NULL,NULL,NULL,NULL,NULL,NULL,NULL,NULL,NULL,NULL,NULL,NULL,NULL,NULL,NULL,
151208,3436010,Educ8 Southport,Other Independent Special School,Independent special school,29/11/2024,Not applicable,Unknown,None,Non-faith,Ofsted,North West,North West,Sefton,Southport,PR8 6DG,25,NULL,NULL,NULL,NULL,NULL,NULL,NULL,NULL,NULL,NULL,NULL,NULL,NULL,NULL,NULL,NULL,NULL,NULL,NULL,NULL,NULL,NULL,NULL,NULL,NULL,NULL,NULL,NULL,NULL,NULL,NULL,NULL,NULL,NULL,NULL,NULL,NULL,NULL,NULL,NULL,NULL,NULL,NULL,
151218,8236003,Claystone School,Other Independent Special School,Independent special school,26/11/2024,Not applicable,Unknown,None,Non-faith,Ofsted,East of England,East of England,Central Bedfordshire,Luton South and South Bedfordshire,LU1 4LL,1,10427427,Independent school standard inspection - first,Independent standard inspection,03/02/2026,23/03/2026,Met,Expected standard,Expected standard,Expected standard,Expected standard,Expected standard,Not applicable,Not applicable,Expected standard,NULL,NULL,NULL,NULL,NULL,NULL,NULL,NULL,NULL,NULL,NULL,NULL,NULL,Y,All standards Met,Met,Met,Met,Met,Met,Met,Met,Met,NULL,NULL,NULL,NULL,NULL,NULL,
151219,3536026,Chances Mentoring,Other Independent Special School,Independent special school,27/09/2024,Not applicable,Unknown,None,Non-faith,Ofsted,North West,North West,Oldham,"Oldham West, Chadderton and Royton",OL9 9JT,2,NULL,NULL,NULL,NULL,NULL,NULL,NULL,NULL,NULL,NULL,NULL,NULL,NULL,NULL,NULL,NULL,NULL,NULL,NULL,NULL,NULL,NULL,NULL,NULL,NULL,NULL,NULL,NULL,NULL,NULL,NULL,NULL,NULL,NULL,NULL,NULL,NULL,NULL,NULL,NULL,NULL,NULL,NULL,
151231,9376049,Fortitude School,Other Independent Special School,Independent special school,19/11/2024,Not applicable,Unknown,None,Non-faith,Ofsted,West Midlands,West Midlands,Warwickshire,Stratford-on-Avon,B49 5HJ,27,NULL,NULL,NULL,NULL,NULL,NULL,NULL,NULL,NULL,NULL,NULL,NULL,NULL,NULL,10395741,Independent school standard inspection - first,Independent Standard Inspection,24/06/2025,14/07/2025,3,3,2,2,2,Yes,NULL,NULL,Y,All standards Met,Met,Met,Met,Met,Met,Met,Met,Met,NULL,NULL,NULL,NULL,NULL,NULL,
151237,9416003,Hampton Bridge School,Other Independent Special School,Independent special school,26/03/2025,Not applicable,None,None,Non-faith,Ofsted,East Midlands,East Midlands,West Northamptonshire,Northampton North,NN2 6AF,NULL,10427429,Independent school standard inspection - first,Independent standard inspection,27/01/2026,12/03/2026,Met,Expected standard,Expected standard,Expected standard,Expected standard,Expected standard,Not applicable,Not applicable,Expected standard,NULL,NULL,NULL,NULL,NULL,NULL,NULL,NULL,NULL,NULL,NULL,NULL,NULL,Y,All standards Met,Met,Met,Met,Met,Met,Met,Met,Met,NULL,NULL,NULL,NULL,NULL,NULL,
151242,3716016,Journey Education Group,Other Independent Special School,Independent special school,28/01/2025,Not applicable,None,None,Non-faith,Ofsted,"North East, Yorkshire and the Humber",Yorkshire and the Humber,Doncaster,Doncaster Central,DN4 8QN,9,NULL,NULL,NULL,NULL,NULL,NULL,NULL,NULL,NULL,NULL,NULL,NULL,NULL,NULL,NULL,NULL,NULL,NULL,NULL,NULL,NULL,NULL,NULL,NULL,NULL,NULL,NULL,NULL,NULL,NULL,NULL,NULL,NULL,NULL,NULL,NULL,NULL,NULL,NULL,NULL,NULL,NULL,NULL,
151243,3536027,Supreme Start Ltd,Other Independent Special School,Independent special school,24/09/2024,Not applicable,None,None,Non-faith,Ofsted,North West,North West,Oldham,"Oldham West, Chadderton and Royton",OL2 5PJ,5,10427431,Independent school standard inspection - first,Independent standard inspection,27/01/2026,23/03/2026,Not met,Urgent improvement,Urgent improvement,Urgent improvement,Urgent improvement,Urgent improvement,Not applicable,Not applicable,Urgent improvement,NULL,NULL,NULL,NULL,NULL,NULL,NULL,NULL,NULL,NULL,NULL,NULL,NULL,Y,Did not meet all standards,Not met,Not met,Not met,Met,Not met,Not met,Not met,Not met,NULL,NULL,NULL,NULL,NULL,NULL,
151319,8836004,The Light Christian School,Other Independent School,Independent faith school,10/02/2025,Does not have a sixth form,Unknown,Christian,Christian,Ofsted,East of England,East of England,Thurrock,Thurrock,RM17 5DF,NULL,10427432,Independent school standard inspection - first,Independent standard inspection,03/02/2026,19/04/2026,Met,Needs attention,Urgent improvement,Needs attention,Strong standard,Needs attention,Urgent improvement,Not applicable,Urgent improvement,NULL,NULL,NULL,NULL,NULL,NULL,NULL,NULL,NULL,NULL,NULL,NULL,NULL,Y,Did not meet all standards,Not met,Met,Met,Met,Met,Met,Met,Not met,NULL,NULL,NULL,NULL,NULL,NULL,
151332,8016041,Elmtree Grove School Ltd,Other Independent Special School,Independent special school,18/11/2024,Not applicable,Unknown,None,Non-faith,Ofsted,South West,South West,Bristol,Bristol North East,BS16 2RG,19,NULL,NULL,NULL,NULL,NULL,NULL,NULL,NULL,NULL,NULL,NULL,NULL,NULL,NULL,NULL,NULL,NULL,NULL,NULL,NULL,NULL,NULL,NULL,NULL,NULL,NULL,NULL,NULL,NULL,NULL,NULL,NULL,NULL,NULL,NULL,NULL,NULL,NULL,NULL,NULL,NULL,NULL,NULL,
151334,3716017,Thorneberry School,Other Independent Special School,Independent special school,12/06/2025,Not applicable,Unknown,None,Non-faith,Ofsted,"North East, Yorkshire and the Humber",Yorkshire and the Humber,Doncaster,Doncaster East and the Isle of Axholme,DN8 5LH,NULL,NULL,NULL,NULL,NULL,NULL,NULL,NULL,NULL,NULL,NULL,NULL,NULL,NULL,NULL,NULL,NULL,NULL,NULL,NULL,NULL,NULL,NULL,NULL,NULL,NULL,NULL,NULL,NULL,NULL,NULL,NULL,NULL,NULL,NULL,NULL,NULL,NULL,NULL,NULL,NULL,NULL,NULL,NULL,
151335,8316018,Include - St Matthews,Other Independent Special School,Independent special school,27/12/2024,Not applicable,Unknown,None,Non-faith,Ofsted,East Midlands,East Midlands,Derby,Derby North,DE22 1DQ,12,10427434,Independent school standard inspection - first,Independent standard inspection,03/02/2026,19/04/2026,Met,Needs attention,Needs attention,Needs attention,Needs attention,Needs attention,Not applicable,Not applicable,Needs attention,NULL,NULL,NULL,NULL,NULL,NULL,NULL,NULL,NULL,NULL,NULL,NULL,NULL,Y,Did not meet all standards,Not met,Met,Met,Met,Met,Met,Met,Not met,NULL,NULL,NULL,NULL,NULL,NULL,
151336,8506118,All's Well,Other Independent Special School,Independent special school,07/04/2025,Not applicable,None,None,Non-faith,Ofsted,South East,South East,Hampshire,Fareham and Waterlooville,PO16 7AF,NULL,NULL,NULL,NULL,NULL,NULL,NULL,NULL,NULL,NULL,NULL,NULL,NULL,NULL,NULL,NULL,NULL,NULL,NULL,NULL,NULL,NULL,NULL,NULL,NULL,NULL,NULL,NULL,NULL,NULL,NULL,NULL,NULL,NULL,NULL,NULL,NULL,NULL,NULL,NULL,NULL,NULL,NULL,NULL,
151346,3446026,Horizons Independent School,Other Independent Special School,Independent special school,13/02/2025,Not applicable,Unknown,None,Non-faith,Ofsted,North West,North West,Wirral,Birkenhead,CH42 8NU,21,NULL,NULL,NULL,NULL,NULL,NULL,NULL,NULL,NULL,NULL,NULL,NULL,NULL,NULL,NULL,NULL,NULL,NULL,NULL,NULL,NULL,NULL,NULL,NULL,NULL,NULL,NULL,NULL,NULL,NULL,NULL,NULL,NULL,NULL,NULL,NULL,NULL,NULL,NULL,NULL,NULL,NULL,NULL,
151376,3436011,Foundations for LIFE School,Other Independent Special School,Independent special school,14/02/2025,Not applicable,Unknown,None,Non-faith,Ofsted,North West,North West,Sefton,Bootle,L30 4UE,NULL,10427437,Independent school standard inspection - first,Independent standard inspection,10/02/2026,26/04/2026,Met,Expected standard,Expected standard,Expected standard,Strong standard,Expected standard,Not applicable,Not applicable,Expected standard,NULL,NULL,NULL,NULL,NULL,NULL,NULL,NULL,NULL,NULL,NULL,NULL,NULL,Y,All standards Met,Met,Met,Met,Met,Met,Met,Met,Met,NULL,NULL,NULL,NULL,NULL,NULL,
151387,3596008,My Oasis Therapeutic Alternative Provision,Other Independent Special School,Independent special school,16/01/2025,Does not have a sixth form,None,None,Non-faith,Ofsted,North West,North West,Wigan,Wigan,WN6 0DA,NULL,NULL,NULL,NULL,NULL,NULL,NULL,NULL,NULL,NULL,NULL,NULL,NULL,NULL,NULL,NULL,NULL,NULL,NULL,NULL,NULL,NULL,NULL,NULL,NULL,NULL,NULL,NULL,NULL,NULL,NULL,NULL,NULL,NULL,NULL,NULL,NULL,NULL,NULL,NULL,NULL,NULL,NULL,NULL,
151391,3546048,Whitehall Academy,Other Independent Special School,Independent special school,05/03/2025,Not applicable,Unknown,None,Non-faith,Ofsted,North West,North West,Rochdale,Rochdale,OL12 0LN,7,NULL,NULL,NULL,NULL,NULL,NULL,NULL,NULL,NULL,NULL,NULL,NULL,NULL,NULL,NULL,NULL,NULL,NULL,NULL,NULL,NULL,NULL,NULL,NULL,NULL,NULL,NULL,NULL,NULL,NULL,NULL,NULL,NULL,NULL,NULL,NULL,NULL,NULL,NULL,NULL,NULL,NULL,NULL,
151393,3536028,EdStart Schools Oldham and Rochdale,Other Independent Special School,Independent special school,13/03/2025,Not applicable,Unknown,None,Non-faith,Ofsted,North West,North West,Oldham,"Oldham West, Chadderton and Royton",OL9 6TR,NULL,NULL,NULL,NULL,NULL,NULL,NULL,NULL,NULL,NULL,NULL,NULL,NULL,NULL,NULL,NULL,NULL,NULL,NULL,NULL,NULL,NULL,NULL,NULL,NULL,NULL,NULL,NULL,NULL,NULL,NULL,NULL,NULL,NULL,NULL,NULL,NULL,NULL,NULL,NULL,NULL,NULL,NULL,NULL,
151426,3536029,Path 4,Other Independent Special School,Independent special school,03/02/2025,Not applicable,None,None,Non-faith,Ofsted,North West,North West,Oldham,"Oldham West, Chadderton and Royton",OL9 6QH,NULL,10427441,Independent school standard inspection - first,Independent standard inspection,10/02/2026,19/04/2026,Met,Needs attention,Needs attention,Needs attention,Needs attention,Needs attention,Not applicable,Not applicable,Needs attention,NULL,NULL,NULL,NULL,NULL,NULL,NULL,NULL,NULL,NULL,NULL,NULL,NULL,N,Did not meet all standards,Not met,Met,Met,Met,Met,Met,Met,Not met,NULL,NULL,NULL,NULL,NULL,NULL,
151427,8856094,Graduately Developing Futures,Other Independent Special School,Independent special school,28/05/2025,Not applicable,Unknown,None,Non-faith,Ofsted,West Midlands,West Midlands,Worcestershire,Bromsgrove,B48 7BB,NULL,NULL,NULL,NULL,NULL,NULL,NULL,NULL,NULL,NULL,NULL,NULL,NULL,NULL,NULL,NULL,NULL,NULL,NULL,NULL,NULL,NULL,NULL,NULL,NULL,NULL,NULL,NULL,NULL,NULL,NULL,NULL,NULL,NULL,NULL,NULL,NULL,NULL,NULL,NULL,NULL,NULL,NULL,NULL,
151434,3826036,Barraclough Hall School,Other Independent Special School,Independent special school,28/01/2025,Not applicable,Unknown,None,Non-faith,Ofsted,"North East, Yorkshire and the Humber",Yorkshire and the Humber,Kirklees,Huddersfield,HD2 2AL,NULL,10427442,Independent school standard inspection - first,Independent standard inspection,03/02/2026,19/04/2026,Met,Strong standard,Expected standard,Expected standard,Strong standard,Expected standard,Not applicable,Not applicable,Strong standard,NULL,NULL,NULL,NULL,NULL,NULL,NULL,NULL,NULL,NULL,NULL,NULL,NULL,Y,All standards Met,Met,Met,Met,Met,Met,Met,Met,Met,NULL,NULL,NULL,NULL,NULL,NULL,
151437,8966024,Oak Cottage,Other Independent Special School,Independent special school,02/04/2025,Not applicable,Unknown,None,Non-faith,Ofsted,North West,North West,Cheshire West and Chester,Tatton,WA16 9LU,NULL,NULL,NULL,NULL,NULL,NULL,NULL,NULL,NULL,NULL,NULL,NULL,NULL,NULL,NULL,NULL,NULL,NULL,NULL,NULL,NULL,NULL,NULL,NULL,NULL,NULL,NULL,NULL,NULL,NULL,NULL,NULL,NULL,NULL,NULL,NULL,NULL,NULL,NULL,NULL,NULL,NULL,NULL,NULL,
151438,8616045,Wonder Star School,Other Independent Special School,Independent special school,25/04/2025,Not applicable,Unknown,None,Non-faith,Ofsted,West Midlands,West Midlands,Stoke-on-Trent,Congleton,ST7 3SD,NULL,NULL,NULL,NULL,NULL,NULL,NULL,NULL,NULL,NULL,NULL,NULL,NULL,NULL,NULL,NULL,NULL,NULL,NULL,NULL,NULL,NULL,NULL,NULL,NULL,NULL,NULL,NULL,NULL,NULL,NULL,NULL,NULL,NULL,NULL,NULL,NULL,NULL,NULL,NULL,NULL,NULL,NULL,NULL,
151440,8966026,Fern House School and College,Other Independent Special School,Independent special school,14/05/2025,Not applicable,Unknown,None,Non-faith,Ofsted,North West,North West,Cheshire West and Chester,Runcorn and Helsby,WA6 6LB,NULL,NULL,NULL,NULL,NULL,NULL,NULL,NULL,NULL,NULL,NULL,NULL,NULL,NULL,NULL,NULL,NULL,NULL,NULL,NULL,NULL,NULL,NULL,NULL,NULL,NULL,NULL,NULL,NULL,NULL,NULL,NULL,NULL,NULL,NULL,NULL,NULL,NULL,NULL,NULL,NULL,NULL,NULL,NULL,
151446,3056021,Woodside Park School,Other Independent Special School,Independent special school,03/04/2025,Not applicable,Unknown,None,Non-faith,Ofsted,London,London,Bromley,Beckenham and Penge,SE20 8QU,NULL,NULL,NULL,NULL,NULL,NULL,NULL,NULL,NULL,NULL,NULL,NULL,NULL,NULL,NULL,NULL,NULL,NULL,NULL,NULL,NULL,NULL,NULL,NULL,NULL,NULL,NULL,NULL,NULL,NULL,NULL,NULL,NULL,NULL,NULL,NULL,NULL,NULL,NULL,NULL,NULL,NULL,NULL,NULL,
151449,8606101,Sycamore Meadow Outdoor Learning Centre,Other Independent Special School,Independent special school,02/05/2025,Not applicable,Unknown,None,Non-faith,Ofsted,West Midlands,West Midlands,Staffordshire,Stoke-on-Trent South,ST10 2NT,NULL,NULL,NULL,NULL,NULL,NULL,NULL,NULL,NULL,NULL,NULL,NULL,NULL,NULL,NULL,NULL,NULL,NULL,NULL,NULL,NULL,NULL,NULL,NULL,NULL,NULL,NULL,NULL,NULL,NULL,NULL,NULL,NULL,NULL,NULL,NULL,NULL,NULL,NULL,NULL,NULL,NULL,NULL,NULL,
151452,3546049,Nuqtah Primary School,Other Independent School,Independent faith school,29/01/2025,Does not have a sixth form,Unknown,Islam,Muslim,Ofsted,North West,North West,Rochdale,Rochdale,OL11 1QH,NULL,10427443,Independent school standard inspection - first,Independent standard inspection,10/02/2026,07/04/2026,Met,Strong standard,Strong standard,Strong standard,Strong standard,Strong standard,Not applicable,Not applicable,Strong standard,NULL,NULL,NULL,NULL,NULL,NULL,NULL,NULL,NULL,NULL,NULL,NULL,NULL,Y,All standards Met,Met,Met,Met,Met,Met,Met,Met,Met,NULL,NULL,NULL,NULL,NULL,NULL,
151474,3176016,Apex Secondary School for Girls,Other Independent School,Other independent school,06/02/2025,Does not have a sixth form,Unknown,None,Non-faith,Ofsted,London,London,Redbridge,Ilford North,IG1 4UA,NULL,NULL,NULL,NULL,NULL,NULL,NULL,NULL,NULL,NULL,NULL,NULL,NULL,NULL,NULL,NULL,NULL,NULL,NULL,NULL,NULL,NULL,NULL,NULL,NULL,NULL,NULL,NULL,NULL,NULL,NULL,NULL,NULL,NULL,NULL,NULL,NULL,NULL,NULL,NULL,NULL,NULL,NULL,NULL,
151475,3176017,Apex Secondary School for Boys,Other Independent School,Other independent school,06/02/2025,Does not have a sixth form,Unknown,None,Non-faith,Ofsted,London,London,Redbridge,Ilford North,IG1 4UA,NULL,10427445,Independent school standard inspection - first,Independent standard inspection,24/02/2026,28/04/2026,Met,Expected standard,Expected standard,Expected standard,Expected standard,Expected standard,Not applicable,Not applicable,Expected standard,NULL,NULL,NULL,NULL,NULL,NULL,NULL,NULL,NULL,NULL,NULL,NULL,NULL,Y,All standards Met,Met,Met,Met,Met,Met,Met,Met,Met,NULL,NULL,NULL,NULL,NULL,NULL,
151476,3046013,Mapesbury School,Other Independent Special School,Independent special school,18/03/2025,Not applicable,Unknown,None,Non-faith,Ofsted,London,London,Brent,Brent East,NW2 3BS,NULL,10427446,Independent school standard inspection - first,Independent standard inspection,03/02/2026,25/03/2026,Met,Expected standard,Expected standard,Expected standard,Expected standard,Expected standard,Not applicable,Not applicable,Expected standard,NULL,NULL,NULL,NULL,NULL,NULL,NULL,NULL,NULL,NULL,NULL,NULL,NULL,Y,All standards Met,Met,Met,Met,Met,Met,Met,Met,Met,NULL,NULL,NULL,NULL,NULL,NULL,
151477,3926002,Benton House School,Other Independent Special School,Independent special school,09/06/2025,Not applicable,Unknown,None,Non-faith,Ofsted,"North East, Yorkshire and the Humber",North East,North Tyneside,Newcastle upon Tyne North,NE7 7XE,NULL,NULL,NULL,NULL,NULL,NULL,NULL,NULL,NULL,NULL,NULL,NULL,NULL,NULL,NULL,NULL,NULL,NULL,NULL,NULL,NULL,NULL,NULL,NULL,NULL,NULL,NULL,NULL,NULL,NULL,NULL,NULL,NULL,NULL,NULL,NULL,NULL,NULL,NULL,NULL,NULL,NULL,NULL,NULL,
151478,8716011,Hillingdon Grange School,Other Independent Special School,Independent special school,28/05/2025,Not applicable,None,None,Non-faith,Ofsted,South East,South East,Slough,Slough,SL3 7LR,NULL,NULL,NULL,NULL,NULL,NULL,NULL,NULL,NULL,NULL,NULL,NULL,NULL,NULL,NULL,NULL,NULL,NULL,NULL,NULL,NULL,NULL,NULL,NULL,NULL,NULL,NULL,NULL,NULL,NULL,NULL,NULL,NULL,NULL,NULL,NULL,NULL,NULL,NULL,NULL,NULL,NULL,NULL,NULL,
151489,9366077,Minerva May School,Other Independent Special School,Independent special school,08/04/2025,Not applicable,Unknown,None,Non-faith,Ofsted,South East,South East,Surrey,Dorking and Horley,RH6 9UU,NULL,NULL,NULL,NULL,NULL,NULL,NULL,NULL,NULL,NULL,NULL,NULL,NULL,NULL,NULL,NULL,NULL,NULL,NULL,NULL,NULL,NULL,NULL,NULL,NULL,NULL,NULL,NULL,NULL,NULL,NULL,NULL,NULL,NULL,NULL,NULL,NULL,NULL,NULL,NULL,NULL,NULL,NULL,NULL,
151492,3116005,Edullect Academy Independent School,Other Independent School,Independent faith school,05/06/2025,Does not have a sixth form,Islam,Islam,Muslim,Ofsted,London,London,Havering,Hornchurch and Upminster,RM3 8SB,NULL,NULL,NULL,NULL,NULL,NULL,NULL,NULL,NULL,NULL,NULL,NULL,NULL,NULL,NULL,NULL,NULL,NULL,NULL,NULL,NULL,NULL,NULL,NULL,NULL,NULL,NULL,NULL,NULL,NULL,NULL,NULL,NULL,NULL,NULL,NULL,NULL,NULL,NULL,NULL,NULL,NULL,NULL,NULL,
151493,8866187,Kings Park School,Other Independent Special School,Independent special school,26/03/2025,Not applicable,None,Christian,Christian,Ofsted,South East,South East,Kent,Ashford,TN23 3NZ,3,NULL,NULL,NULL,NULL,NULL,NULL,NULL,NULL,NULL,NULL,NULL,NULL,NULL,NULL,NULL,NULL,NULL,NULL,NULL,NULL,NULL,NULL,NULL,NULL,NULL,NULL,NULL,NULL,NULL,NULL,NULL,NULL,NULL,NULL,NULL,NULL,NULL,NULL,NULL,NULL,NULL,NULL,NULL,
151496,3366020,School of Coding AEP Limited,Other Independent School,Other independent school,04/06/2025,Does not have a sixth form,Unknown,None,Non-faith,Ofsted,West Midlands,West Midlands,Wolverhampton,Wolverhampton West,WV9 5HB,NULL,NULL,NULL,NULL,NULL,NULL,NULL,NULL,NULL,NULL,NULL,NULL,NULL,NULL,NULL,NULL,NULL,NULL,NULL,NULL,NULL,NULL,NULL,NULL,NULL,NULL,NULL,NULL,NULL,NULL,NULL,NULL,NULL,NULL,NULL,NULL,NULL,NULL,NULL,NULL,NULL,NULL,NULL,NULL,
151502,8136022,Tle Independent School,Other Independent Special School,Independent special school,27/03/2025,Not applicable,Unknown,None,Non-faith,Ofsted,"North East, Yorkshire and the Humber",Yorkshire and the Humber,North Lincolnshire,Scunthorpe,DN16 1SA,NULL,NULL,NULL,NULL,NULL,NULL,NULL,NULL,NULL,NULL,NULL,NULL,NULL,NULL,NULL,NULL,NULL,NULL,NULL,NULL,NULL,NULL,NULL,NULL,NULL,NULL,NULL,NULL,NULL,NULL,NULL,NULL,NULL,NULL,NULL,NULL,NULL,NULL,NULL,NULL,NULL,NULL,NULL,NULL,
151506,8656068,Robins Way School,Other Independent Special School,Independent special school,04/07/2025,Not applicable,None,None,Non-faith,Ofsted,South West,South West,Wiltshire,East Wiltshire,SP4 8JT,NULL,NULL,NULL,NULL,NULL,NULL,NULL,NULL,NULL,NULL,NULL,NULL,NULL,NULL,NULL,NULL,NULL,NULL,NULL,NULL,NULL,NULL,NULL,NULL,NULL,NULL,NULL,NULL,NULL,NULL,NULL,NULL,NULL,NULL,NULL,NULL,NULL,NULL,NULL,NULL,NULL,NULL,NULL,NULL,
151553,9256070,Three Chestnuts,Other Independent Special School,Independent special school,19/05/2025,Not applicable,Unknown,None,Non-faith,Ofsted,East Midlands,East Midlands,Lincolnshire,South Holland and The Deepings,PE12 8QD,NULL,NULL,NULL,NULL,NULL,NULL,NULL,NULL,NULL,NULL,NULL,NULL,NULL,NULL,NULL,NULL,NULL,NULL,NULL,NULL,NULL,NULL,NULL,NULL,NULL,NULL,NULL,NULL,NULL,NULL,NULL,NULL,NULL,NULL,NULL,NULL,NULL,NULL,NULL,NULL,NULL,NULL,NULL,NULL,
151568,9256071,Car Dyke School,Other Independent Special School,Independent special school,09/07/2025,Not applicable,Unknown,None,Non-faith,Ofsted,East Midlands,East Midlands,Lincolnshire,Grantham and Bourne,PE10 0TL,NULL,NULL,NULL,NULL,NULL,NULL,NULL,NULL,NULL,NULL,NULL,NULL,NULL,NULL,NULL,NULL,NULL,NULL,NULL,NULL,NULL,NULL,NULL,NULL,NULL,NULL,NULL,NULL,NULL,NULL,NULL,NULL,NULL,NULL,NULL,NULL,NULL,NULL,NULL,NULL,NULL,NULL,NULL,NULL,
151569,3436013,The Motiv8 School,Other Independent Special School,Independent special school,09/04/2025,Not applicable,Unknown,None,Non-faith,Ofsted,North West,North West,Sefton,Bootle,L30 1RQ,NULL,NULL,NULL,NULL,NULL,NULL,NULL,NULL,NULL,NULL,NULL,NULL,NULL,NULL,NULL,NULL,NULL,NULL,NULL,NULL,NULL,NULL,NULL,NULL,NULL,NULL,NULL,NULL,NULL,NULL,NULL,NULL,NULL,NULL,NULL,NULL,NULL,NULL,NULL,NULL,NULL,NULL,NULL,NULL,
151571,8856097,St Michael Abbey School,Other Independent School,Other independent school,14/08/2025,Has a sixth form,Unknown,None,Non-faith,Ofsted,West Midlands,West Midlands,Worcestershire,West Worcestershire,WR15 8PH,6,NULL,NULL,NULL,NULL,NULL,NULL,NULL,NULL,NULL,NULL,NULL,NULL,NULL,NULL,NULL,NULL,NULL,NULL,NULL,NULL,NULL,NULL,NULL,NULL,NULL,NULL,NULL,NULL,NULL,NULL,NULL,NULL,NULL,NULL,NULL,NULL,NULL,NULL,NULL,NULL,NULL,NULL,NULL,
151613,8906013,Norman House Independent School,Other Independent Special School,Independent special school,02/06/2025,Not applicable,Unknown,None,Non-faith,Ofsted,North West,North West,Blackpool,Fylde,FY3 7PP,NULL,NULL,NULL,NULL,NULL,NULL,NULL,NULL,NULL,NULL,NULL,NULL,NULL,NULL,NULL,NULL,NULL,NULL,NULL,NULL,NULL,NULL,NULL,NULL,NULL,NULL,NULL,NULL,NULL,NULL,NULL,NULL,NULL,NULL,NULL,NULL,NULL,NULL,NULL,NULL,NULL,NULL,NULL,NULL,
151616,8956040,TILT Education,Other Independent Special School,Independent special school,23/06/2025,Not applicable,Unknown,None,Non-faith,Ofsted,North West,North West,Cheshire East,Congleton,ST7 2UX,NULL,NULL,NULL,NULL,NULL,NULL,NULL,NULL,NULL,NULL,NULL,NULL,NULL,NULL,NULL,NULL,NULL,NULL,NULL,NULL,NULL,NULL,NULL,NULL,NULL,NULL,NULL,NULL,NULL,NULL,NULL,NULL,NULL,NULL,NULL,NULL,NULL,NULL,NULL,NULL,NULL,NULL,NULL,NULL,
151618,8156059,Darwin School,Other Independent School,Other independent school,22/05/2025,Does not have a sixth form,Unknown,None,Non-faith,Ofsted,"North East, Yorkshire and the Humber",Yorkshire and the Humber,North Yorkshire,Skipton and Ripon,YO7 4PT,NULL,NULL,NULL,NULL,NULL,NULL,NULL,NULL,NULL,NULL,NULL,NULL,NULL,NULL,NULL,NULL,NULL,NULL,NULL,NULL,NULL,NULL,NULL,NULL,NULL,NULL,NULL,NULL,NULL,NULL,NULL,NULL,NULL,NULL,NULL,NULL,NULL,NULL,NULL,NULL,NULL,NULL,NULL,NULL,
151619,8956041,Cheshire Hall School,Other Independent Special School,Independent special school,26/06/2025,Not applicable,None,None,Non-faith,Ofsted,North West,North West,Cheshire East,Congleton,CW11 4TF,NULL,NULL,NULL,NULL,NULL,NULL,NULL,NULL,NULL,NULL,NULL,NULL,NULL,NULL,NULL,NULL,NULL,NULL,NULL,NULL,NULL,NULL,NULL,NULL,NULL,NULL,NULL,NULL,NULL,NULL,NULL,NULL,NULL,NULL,NULL,NULL,NULL,NULL,NULL,NULL,NULL,NULL,NULL,NULL,
151622,8966034,Adventure Wellbeing School,Other Independent Special School,Independent special school,07/05/2025,Not applicable,None,None,Non-faith,Ofsted,North West,North West,Cheshire West and Chester,Mid Cheshire,CW9 7TN,NULL,NULL,NULL,NULL,NULL,NULL,NULL,NULL,NULL,NULL,NULL,NULL,NULL,NULL,NULL,NULL,NULL,NULL,NULL,NULL,NULL,NULL,NULL,NULL,NULL,NULL,NULL,NULL,NULL,NULL,NULL,NULL,NULL,NULL,NULL,NULL,NULL,NULL,NULL,NULL,NULL,NULL,NULL,NULL,
151624,9256072,Meadows View School,Other Independent Special School,Independent special school,01/05/2025,Not applicable,Unknown,None,Non-faith,Ofsted,East Midlands,East Midlands,Lincolnshire,Rutland and Stamford,PE9 2JL,NULL,NULL,NULL,NULL,NULL,NULL,NULL,NULL,NULL,NULL,NULL,NULL,NULL,NULL,NULL,NULL,NULL,NULL,NULL,NULL,NULL,NULL,NULL,NULL,NULL,NULL,NULL,NULL,NULL,NULL,NULL,NULL,NULL,NULL,NULL,NULL,NULL,NULL,NULL,NULL,NULL,NULL,NULL,NULL,
151629,8006019,Hambling View Independent School,Other Independent Special School,Independent special school,21/02/2025,Not applicable,Unknown,None,Non-faith,Ofsted,South West,South West,Bath and North East Somerset,Bath,BA2 7AE,NULL,10427449,Independent school standard inspection - first,Independent standard inspection,03/02/2026,23/03/2026,Met,Strong standard,Expected standard,Expected standard,Strong standard,Expected standard,Not applicable,Not applicable,Expected standard,NULL,NULL,NULL,NULL,NULL,NULL,NULL,NULL,NULL,NULL,NULL,NULL,NULL,Y,All standards Met,Met,Met,Met,Met,Met,Insufficient evidence,Met,Met,NULL,NULL,NULL,NULL,NULL,NULL,
151646,8656069,Melksham House School,Other Independent Special School,Independent special school,23/07/2025,Not applicable,Unknown,None,Non-faith,Ofsted,South West,South West,Wiltshire,Melksham and Devizes,SN12 6ES,NULL,NULL,NULL,NULL,NULL,NULL,NULL,NULL,NULL,NULL,NULL,NULL,NULL,NULL,NULL,NULL,NULL,NULL,NULL,NULL,NULL,NULL,NULL,NULL,NULL,NULL,NULL,NULL,NULL,NULL,NULL,NULL,NULL,NULL,NULL,NULL,NULL,NULL,NULL,NULL,NULL,NULL,NULL,NULL,
151647,8726016,Riseley Green School,Other Independent Special School,Independent special school,21/07/2025,Not applicable,Unknown,None,Non-faith,Ofsted,South East,South East,Wokingham,Wokingham,RG7 1QF,NULL,NULL,NULL,NULL,NULL,NULL,NULL,NULL,NULL,NULL,NULL,NULL,NULL,NULL,NULL,NULL,NULL,NULL,NULL,NULL,NULL,NULL,NULL,NULL,NULL,NULL,NULL,NULL,NULL,NULL,NULL,NULL,NULL,NULL,NULL,NULL,NULL,NULL,NULL,NULL,NULL,NULL,NULL,NULL,
151653,3576010,Tame Bank,Other Independent Special School,Independent special school,27/06/2025,Not applicable,Unknown,None,Non-faith,Ofsted,North West,North West,Tameside,Stalybridge and Hyde,SK15 2JE,8,NULL,NULL,NULL,NULL,NULL,NULL,NULL,NULL,NULL,NULL,NULL,NULL,NULL,NULL,NULL,NULL,NULL,NULL,NULL,NULL,NULL,NULL,NULL,NULL,NULL,NULL,NULL,NULL,NULL,NULL,NULL,NULL,NULL,NULL,NULL,NULL,NULL,NULL,NULL,NULL,NULL,NULL,NULL,
151670,3576050,Stansfield House,Other Independent Special School,Independent special school,28/08/2025,Not applicable,Unknown,None,Non-faith,Ofsted,North West,North West,Tameside,Ashton-under-Lyne,SK16 4HG,NULL,NULL,NULL,NULL,NULL,NULL,NULL,NULL,NULL,NULL,NULL,NULL,NULL,NULL,NULL,NULL,NULL,NULL,NULL,NULL,NULL,NULL,NULL,NULL,NULL,NULL,NULL,NULL,NULL,NULL,NULL,NULL,NULL,NULL,NULL,NULL,NULL,NULL,NULL,NULL,NULL,NULL,NULL,NULL,
151690,3826038,Edan Court School,Other Independent Special School,Independent special school,19/06/2025,Not applicable,Unknown,None,Non-faith,Ofsted,"North East, Yorkshire and the Humber",Yorkshire and the Humber,Kirklees,Ossett and Denby Dale,HD8 9TR,NULL,NULL,NULL,NULL,NULL,NULL,NULL,NULL,NULL,NULL,NULL,NULL,NULL,NULL,NULL,NULL,NULL,NULL,NULL,NULL,NULL,NULL,NULL,NULL,NULL,NULL,NULL,NULL,NULL,NULL,NULL,NULL,NULL,NULL,NULL,NULL,NULL,NULL,NULL,NULL,NULL,NULL,NULL,NULL,
151698,2056006,Wetherby Pembridge,Other Independent School,Other independent school,22/08/2025,Has a sixth form,Unknown,None,Non-faith,Ofsted,London,London,Hammersmith and Fulham,Hammersmith and Chiswick,W14 8UX,98,NULL,NULL,NULL,NULL,NULL,NULL,NULL,NULL,NULL,NULL,NULL,NULL,NULL,NULL,NULL,NULL,NULL,NULL,NULL,NULL,NULL,NULL,NULL,NULL,NULL,NULL,NULL,NULL,NULL,NULL,NULL,NULL,NULL,NULL,NULL,NULL,NULL,NULL,NULL,NULL,NULL,NULL,NULL,
151708,8406023,Trimdon Hill School,Other Independent Special School,Independent special school,11/07/2025,Not applicable,Unknown,None,Non-faith,Ofsted,"North East, Yorkshire and the Humber",North East,Durham,Newton Aycliffe and Spennymoor,TS29 6EY,NULL,NULL,NULL,NULL,NULL,NULL,NULL,NULL,NULL,NULL,NULL,NULL,NULL,NULL,NULL,NULL,NULL,NULL,NULL,NULL,NULL,NULL,NULL,NULL,NULL,NULL,NULL,NULL,NULL,NULL,NULL,NULL,NULL,NULL,NULL,NULL,NULL,NULL,NULL,NULL,NULL,NULL,NULL,NULL,
151727,8406027,Strawberry Lane,Other Independent Special School,Independent special school,29/08/2025,Not applicable,Unknown,None,Non-faith,Ofsted,"North East, Yorkshire and the Humber",North East,Durham,Newton Aycliffe and Spennymoor,DH6 5BE,NULL,NULL,NULL,NULL,NULL,NULL,NULL,NULL,NULL,NULL,NULL,NULL,NULL,NULL,NULL,NULL,NULL,NULL,NULL,NULL,NULL,NULL,NULL,NULL,NULL,NULL,NULL,NULL,NULL,NULL,NULL,NULL,NULL,NULL,NULL,NULL,NULL,NULL,NULL,NULL,NULL,NULL,NULL,NULL,
151738,3366025,Park Lodge School,Other Independent Special School,Independent special school,15/10/2025,Not applicable,Unknown,None,Non-faith,Ofsted,West Midlands,West Midlands,Wolverhampton,Wolverhampton West,WV1 4AH,1,NULL,NULL,NULL,NULL,NULL,NULL,NULL,NULL,NULL,NULL,NULL,NULL,NULL,NULL,NULL,NULL,NULL,NULL,NULL,NULL,NULL,NULL,NULL,NULL,NULL,NULL,NULL,NULL,NULL,NULL,NULL,NULL,NULL,NULL,NULL,NULL,NULL,NULL,NULL,NULL,NULL,NULL,NULL,
151740,8846020,Pathway Schools Limited,Other Independent Special School,Independent special school,29/08/2025,Not applicable,Unknown,None,Non-faith,Ofsted,West Midlands,West Midlands,Herefordshire,Hereford and South Herefordshire,HR2 6JL,NULL,NULL,NULL,NULL,NULL,NULL,NULL,NULL,NULL,NULL,NULL,NULL,NULL,NULL,NULL,NULL,NULL,NULL,NULL,NULL,NULL,NULL,NULL,NULL,NULL,NULL,NULL,NULL,NULL,NULL,NULL,NULL,NULL,NULL,NULL,NULL,NULL,NULL,NULL,NULL,NULL,NULL,NULL,NULL,
151747,8506119,Miniland Farm,Other Independent Special School,Independent special school,20/08/2025,Does not have a sixth form,Unknown,None,Non-faith,Ofsted,South East,South East,Hampshire,Farnham and Bordon,GU30 7RS,NULL,NULL,NULL,NULL,NULL,NULL,NULL,NULL,NULL,NULL,NULL,NULL,NULL,NULL,NULL,NULL,NULL,NULL,NULL,NULL,NULL,NULL,NULL,NULL,NULL,NULL,NULL,NULL,NULL,NULL,NULL,NULL,NULL,NULL,NULL,NULL,NULL,NULL,NULL,NULL,NULL,NULL,NULL,NULL,
151749,9386022,Aurora Vincent House School,Other Independent Special School,Independent special school,15/08/2025,Not applicable,Unknown,None,Non-faith,Ofsted,South East,South East,West Sussex,Horsham,RH12 2DA,NULL,NULL,NULL,NULL,NULL,NULL,NULL,NULL,NULL,NULL,NULL,NULL,NULL,NULL,NULL,NULL,NULL,NULL,NULL,NULL,NULL,NULL,NULL,NULL,NULL,NULL,NULL,NULL,NULL,NULL,NULL,NULL,NULL,NULL,NULL,NULL,NULL,NULL,NULL,NULL,NULL,NULL,NULL,NULL,
151750,8316019,Aurora Ryefields School,Other Independent Special School,Independent special school,09/07/2025,Not applicable,Unknown,None,Non-faith,Ofsted,East Midlands,East Midlands,Derby,Derby North,DE1 3HF,NULL,NULL,NULL,NULL,NULL,NULL,NULL,NULL,NULL,NULL,NULL,NULL,NULL,NULL,NULL,NULL,NULL,NULL,NULL,NULL,NULL,NULL,NULL,NULL,NULL,NULL,NULL,NULL,NULL,NULL,NULL,NULL,NULL,NULL,NULL,NULL,NULL,NULL,NULL,NULL,NULL,NULL,NULL,NULL,
151766,8956042,Opal Education,Other Independent Special School,Independent special school,16/06/2025,Not applicable,Unknown,None,Non-faith,Ofsted,North West,North West,Cheshire East,Congleton,CW12 1PN,NULL,NULL,NULL,NULL,NULL,NULL,NULL,NULL,NULL,NULL,NULL,NULL,NULL,NULL,NULL,NULL,NULL,NULL,NULL,NULL,NULL,NULL,NULL,NULL,NULL,NULL,NULL,NULL,NULL,NULL,NULL,NULL,NULL,NULL,NULL,NULL,NULL,NULL,NULL,NULL,NULL,NULL,NULL,NULL,
151768,8866189,Maple Haven Ltd,Other Independent Special School,Independent special school,20/08/2025,Not applicable,Unknown,None,Non-faith,Ofsted,South East,South East,Kent,Herne Bay and Sandwich,CT7 0BH,NULL,NULL,NULL,NULL,NULL,NULL,NULL,NULL,NULL,NULL,NULL,NULL,NULL,NULL,NULL,NULL,NULL,NULL,NULL,NULL,NULL,NULL,NULL,NULL,NULL,NULL,NULL,NULL,NULL,NULL,NULL,NULL,NULL,NULL,NULL,NULL,NULL,NULL,NULL,NULL,NULL,NULL,NULL,NULL,
151772,9386025,Amberley Court School,Other Independent Special School,Independent special school,15/10/2025,Not applicable,None,None,Non-faith,Ofsted,South East,South East,West Sussex,Crawley,RH11 7XL,NULL,NULL,NULL,NULL,NULL,NULL,NULL,NULL,NULL,NULL,NULL,NULL,NULL,NULL,NULL,NULL,NULL,NULL,NULL,NULL,NULL,NULL,NULL,NULL,NULL,NULL,NULL,NULL,NULL,NULL,NULL,NULL,NULL,NULL,NULL,NULL,NULL,NULL,NULL,NULL,NULL,NULL,NULL,NULL,
151773,9366079,Leith Hill School,Other Independent Special School,Independent special school,15/08/2025,Not applicable,Unknown,None,Non-faith,Ofsted,South East,South East,Surrey,Dorking and Horley,RH5 6LQ,NULL,NULL,NULL,NULL,NULL,NULL,NULL,NULL,NULL,NULL,NULL,NULL,NULL,NULL,NULL,NULL,NULL,NULL,NULL,NULL,NULL,NULL,NULL,NULL,NULL,NULL,NULL,NULL,NULL,NULL,NULL,NULL,NULL,NULL,NULL,NULL,NULL,NULL,NULL,NULL,NULL,NULL,NULL,NULL,
151774,8906014,Blackpool Skills Academy,Other Independent Special School,Independent special school,29/08/2025,Not applicable,Unknown,None,Non-faith,Ofsted,North West,North West,Blackpool,Blackpool South,FY1 4QL,NULL,NULL,NULL,NULL,NULL,NULL,NULL,NULL,NULL,NULL,NULL,NULL,NULL,NULL,NULL,NULL,NULL,NULL,NULL,NULL,NULL,NULL,NULL,NULL,NULL,NULL,NULL,NULL,NULL,NULL,NULL,NULL,NULL,NULL,NULL,NULL,NULL,NULL,NULL,NULL,NULL,NULL,NULL,NULL,
151775,9366082,Aurora Chaldon School,Other Independent Special School,Independent special school,15/08/2025,Not applicable,Unknown,None,Non-faith,Ofsted,South East,South East,Surrey,East Surrey,RH1 3DB,56,NULL,NULL,NULL,NULL,NULL,NULL,NULL,NULL,NULL,NULL,NULL,NULL,NULL,NULL,NULL,NULL,NULL,NULL,NULL,NULL,NULL,NULL,NULL,NULL,NULL,NULL,NULL,NULL,NULL,NULL,NULL,NULL,NULL,NULL,NULL,NULL,NULL,NULL,NULL,NULL,NULL,NULL,NULL,
151776,8956044,The Lodge AP,Other Independent School,Other independent school,17/07/2025,Not applicable,None,None,Non-faith,Ofsted,North West,North West,Cheshire East,Congleton,CW11 4NE,NULL,NULL,NULL,NULL,NULL,NULL,NULL,NULL,NULL,NULL,NULL,NULL,NULL,NULL,NULL,NULL,NULL,NULL,NULL,NULL,NULL,NULL,NULL,NULL,NULL,NULL,NULL,NULL,NULL,NULL,NULL,NULL,NULL,NULL,NULL,NULL,NULL,NULL,NULL,NULL,NULL,NULL,NULL,NULL,
151794,3596010,Martha H School,Other Independent Special School,Independent special school,30/06/2025,Not applicable,Unknown,None,Non-faith,Ofsted,North West,North West,Wigan,Makerfield,WN4 0LZ,NULL,NULL,NULL,NULL,NULL,NULL,NULL,NULL,NULL,NULL,NULL,NULL,NULL,NULL,NULL,NULL,NULL,NULL,NULL,NULL,NULL,NULL,NULL,NULL,NULL,NULL,NULL,NULL,NULL,NULL,NULL,NULL,NULL,NULL,NULL,NULL,NULL,NULL,NULL,NULL,NULL,NULL,NULL,NULL,
151802,9266042,Orchard Manor School,Other Independent Special School,Independent special school,22/07/2025,Not applicable,Unknown,None,Non-faith,Ofsted,East of England,East of England,Norfolk,South West Norfolk,PE34 3HT,NULL,NULL,NULL,NULL,NULL,NULL,NULL,NULL,NULL,NULL,NULL,NULL,NULL,NULL,NULL,NULL,NULL,NULL,NULL,NULL,NULL,NULL,NULL,NULL,NULL,NULL,NULL,NULL,NULL,NULL,NULL,NULL,NULL,NULL,NULL,NULL,NULL,NULL,NULL,NULL,NULL,NULL,NULL,NULL,
151803,8016042,Manor Wood School,Other Independent Special School,Independent special school,22/08/2025,Not applicable,Unknown,None,Non-faith,Ofsted,South West,South West,Bristol,Bristol South,BS13 9AB,NULL,NULL,NULL,NULL,NULL,NULL,NULL,NULL,NULL,NULL,NULL,NULL,NULL,NULL,NULL,NULL,NULL,NULL,NULL,NULL,NULL,NULL,NULL,NULL,NULL,NULL,NULL,NULL,NULL,NULL,NULL,NULL,NULL,NULL,NULL,NULL,NULL,NULL,NULL,NULL,NULL,NULL,NULL,NULL,
151835,3016010,Northstar Nurture School,Other Independent Special School,Independent special school,17/09/2025,Not applicable,Unknown,None,Non-faith,Ofsted,London,London,Barking and Dagenham,Barking,RM9 6TD,NULL,NULL,NULL,NULL,NULL,NULL,NULL,NULL,NULL,NULL,NULL,NULL,NULL,NULL,NULL,NULL,NULL,NULL,NULL,NULL,NULL,NULL,NULL,NULL,NULL,NULL,NULL,NULL,NULL,NULL,NULL,NULL,NULL,NULL,NULL,NULL,NULL,NULL,NULL,NULL,NULL,NULL,NULL,NULL,
151837,8166015,Inspire Academy,Other Independent Special School,Independent special school,23/07/2025,Not applicable,Unknown,None,Non-faith,Ofsted,"North East, Yorkshire and the Humber",Yorkshire and the Humber,York,York Central,YO24 3WZ,20,NULL,NULL,NULL,NULL,NULL,NULL,NULL,NULL,NULL,NULL,NULL,NULL,NULL,NULL,NULL,NULL,NULL,NULL,NULL,NULL,NULL,NULL,NULL,NULL,NULL,NULL,NULL,NULL,NULL,NULL,NULL,NULL,NULL,NULL,NULL,NULL,NULL,NULL,NULL,NULL,NULL,NULL,NULL,
151846,8736083,Walnut Tree School Ltd,Other Independent Special School,Independent special school,03/09/2025,Not applicable,Unknown,None,Non-faith,Ofsted,East of England,East of England,Cambridgeshire,North East Cambridgeshire,PE13 5BL,NULL,NULL,NULL,NULL,NULL,NULL,NULL,NULL,NULL,NULL,NULL,NULL,NULL,NULL,NULL,NULL,NULL,NULL,NULL,NULL,NULL,NULL,NULL,NULL,NULL,NULL,NULL,NULL,NULL,NULL,NULL,NULL,NULL,NULL,NULL,NULL,NULL,NULL,NULL,NULL,NULL,NULL,NULL,NULL,
151847,8616047,Spruce House School,Other Independent Special School,Independent special school,17/11/2025,Not applicable,Unknown,None,Non-faith,Ofsted,West Midlands,West Midlands,Stoke-on-Trent,Stoke-on-Trent Central,ST1 6HD,NULL,NULL,NULL,NULL,NULL,NULL,NULL,NULL,NULL,NULL,NULL,NULL,NULL,NULL,NULL,NULL,NULL,NULL,NULL,NULL,NULL,NULL,NULL,NULL,NULL,NULL,NULL,NULL,NULL,NULL,NULL,NULL,NULL,NULL,NULL,NULL,NULL,NULL,NULL,NULL,NULL,NULL,NULL,NULL,
151860,8566040,Miller House School,Other Independent Special School,Independent special school,26/09/2025,Not applicable,Unknown,None,Non-faith,Ofsted,East Midlands,East Midlands,Leicester,Leicester South,LE2 2BN,NULL,NULL,NULL,NULL,NULL,NULL,NULL,NULL,NULL,NULL,NULL,NULL,NULL,NULL,NULL,NULL,NULL,NULL,NULL,NULL,NULL,NULL,NULL,NULL,NULL,NULL,NULL,NULL,NULL,NULL,NULL,NULL,NULL,NULL,NULL,NULL,NULL,NULL,NULL,NULL,NULL,NULL,NULL,NULL,
151862,8666007,Connex,Other Independent Special School,Independent special school,30/06/2025,Not applicable,Unknown,None,Non-faith,Ofsted,South West,South West,Swindon,Swindon North,SN2 7JQ,NULL,NULL,NULL,NULL,NULL,NULL,NULL,NULL,NULL,NULL,NULL,NULL,NULL,NULL,NULL,NULL,NULL,NULL,NULL,NULL,NULL,NULL,NULL,NULL,NULL,NULL,NULL,NULL,NULL,NULL,NULL,NULL,NULL,NULL,NULL,NULL,NULL,NULL,NULL,NULL,NULL,NULL,NULL,NULL,
151870,8736089,Cambridge Muslim Secondary School,Other Independent School,Independent faith school,17/07/2025,Not applicable,Unknown,Muslim,Muslim,Ofsted,East of England,East of England,Cambridgeshire,Cambridge,CB1 3RH,NULL,NULL,NULL,NULL,NULL,NULL,NULL,NULL,NULL,NULL,NULL,NULL,NULL,NULL,NULL,NULL,NULL,NULL,NULL,NULL,NULL,NULL,NULL,NULL,NULL,NULL,NULL,NULL,NULL,NULL,NULL,NULL,NULL,NULL,NULL,NULL,NULL,NULL,NULL,NULL,NULL,NULL,NULL,NULL,
151871,8916051,Bright Fields School,Other Independent Special School,Independent special school,29/08/2025,Not applicable,None,None,Non-faith,Ofsted,East Midlands,East Midlands,Nottinghamshire,Newark,DN22 0DJ,NULL,NULL,NULL,NULL,NULL,NULL,NULL,NULL,NULL,NULL,NULL,NULL,NULL,NULL,NULL,NULL,NULL,NULL,NULL,NULL,NULL,NULL,NULL,NULL,NULL,NULL,NULL,NULL,NULL,NULL,NULL,NULL,NULL,NULL,NULL,NULL,NULL,NULL,NULL,NULL,NULL,NULL,NULL,NULL,
151879,3806021,Bradford Beacon School,Other Independent Special School,Independent special school,23/09/2025,Not applicable,None,None,Non-faith,Ofsted,"North East, Yorkshire and the Humber",Yorkshire and the Humber,Bradford,Bradford East,BD5 8LJ,NULL,NULL,NULL,NULL,NULL,NULL,NULL,NULL,NULL,NULL,NULL,NULL,NULL,NULL,NULL,NULL,NULL,NULL,NULL,NULL,NULL,NULL,NULL,NULL,NULL,NULL,NULL,NULL,NULL,NULL,NULL,NULL,NULL,NULL,NULL,NULL,NULL,NULL,NULL,NULL,NULL,NULL,NULL,NULL,
151881,8016044,Avonside School,Other Independent Special School,Independent special school,13/11/2025,Not applicable,Unknown,None,Non-faith,Ofsted,South West,South West,Bristol,Bristol East,BS4 5PS,15,NULL,NULL,NULL,NULL,NULL,NULL,NULL,NULL,NULL,NULL,NULL,NULL,NULL,NULL,NULL,NULL,NULL,NULL,NULL,NULL,NULL,NULL,NULL,NULL,NULL,NULL,NULL,NULL,NULL,NULL,NULL,NULL,NULL,NULL,NULL,NULL,NULL,NULL,NULL,NULL,NULL,NULL,NULL,
151892,8606104,Beacon Independent School,Other Independent Special School,Independent special school,05/09/2025,Not applicable,Unknown,None,Non-faith,Ofsted,West Midlands,West Midlands,Staffordshire,Lichfield,WS12 4TS,3,NULL,NULL,NULL,NULL,NULL,NULL,NULL,NULL,NULL,NULL,NULL,NULL,NULL,NULL,NULL,NULL,NULL,NULL,NULL,NULL,NULL,NULL,NULL,NULL,NULL,NULL,NULL,NULL,NULL,NULL,NULL,NULL,NULL,NULL,NULL,NULL,NULL,NULL,NULL,NULL,NULL,NULL,NULL,
151896,8616048,The Avenue,Other Independent Special School,Independent special school,23/09/2025,Not applicable,Unknown,None,Non-faith,Ofsted,West Midlands,West Midlands,Stoke-on-Trent,Stoke-on-Trent Central,ST4 5RF,NULL,NULL,NULL,NULL,NULL,NULL,NULL,NULL,NULL,NULL,NULL,NULL,NULL,NULL,NULL,NULL,NULL,NULL,NULL,NULL,NULL,NULL,NULL,NULL,NULL,NULL,NULL,NULL,NULL,NULL,NULL,NULL,NULL,NULL,NULL,NULL,NULL,NULL,NULL,NULL,NULL,NULL,NULL,NULL,
151898,3066040,"Serenity School, Old Palace Croydon",Other Independent Special School,Independent special school,18/09/2025,Not applicable,Unknown,None,Non-faith,Ofsted,London,London,Croydon,Croydon West,CR0 1AX,NULL,NULL,NULL,NULL,NULL,NULL,NULL,NULL,NULL,NULL,NULL,NULL,NULL,NULL,NULL,NULL,NULL,NULL,NULL,NULL,NULL,NULL,NULL,NULL,NULL,NULL,NULL,NULL,NULL,NULL,NULL,NULL,NULL,NULL,NULL,NULL,NULL,NULL,NULL,NULL,NULL,NULL,NULL,NULL,
151899,8866191,Life Skills Enterprise,Other Independent Special School,Independent special school,11/09/2025,Not applicable,Unknown,None,Non-faith,Ofsted,South East,South East,Kent,East Thanet,CT9 3TP,NULL,NULL,NULL,NULL,NULL,NULL,NULL,NULL,NULL,NULL,NULL,NULL,NULL,NULL,NULL,NULL,NULL,NULL,NULL,NULL,NULL,NULL,NULL,NULL,NULL,NULL,NULL,NULL,NULL,NULL,NULL,NULL,NULL,NULL,NULL,NULL,NULL,NULL,NULL,NULL,NULL,NULL,NULL,NULL,
151900,9386031,Conifers House School,Other Independent Special School,Independent special school,05/02/2026,Not applicable,Unknown,None,Non-faith,Ofsted,South East,South East,West Sussex,Arundel and South Downs,GU29 9BG,NULL,NULL,NULL,NULL,NULL,NULL,NULL,NULL,NULL,NULL,NULL,NULL,NULL,NULL,NULL,NULL,NULL,NULL,NULL,NULL,NULL,NULL,NULL,NULL,NULL,NULL,NULL,NULL,NULL,NULL,NULL,NULL,NULL,NULL,NULL,NULL,NULL,NULL,NULL,NULL,NULL,NULL,NULL,NULL,
151911,3186012,Seva Education Twickenham,Other Independent Special School,Independent special school,17/09/2025,Not applicable,Unknown,None,Non-faith,Ofsted,London,London,Richmond upon Thames,Twickenham,TW1 4TL,NULL,NULL,NULL,NULL,NULL,NULL,NULL,NULL,NULL,NULL,NULL,NULL,NULL,NULL,NULL,NULL,NULL,NULL,NULL,NULL,NULL,NULL,NULL,NULL,NULL,NULL,NULL,NULL,NULL,NULL,NULL,NULL,NULL,NULL,NULL,NULL,NULL,NULL,NULL,NULL,NULL,NULL,NULL,NULL,
151912,3546051,Darul Madinah Rochdale Ltd,Other Independent School,Independent faith school,13/11/2025,Not applicable,Unknown,Islam,Muslim,Ofsted,North West,North West,Rochdale,Rochdale,OL12 0JR,NULL,NULL,NULL,NULL,NULL,NULL,NULL,NULL,NULL,NULL,NULL,NULL,NULL,NULL,NULL,NULL,NULL,NULL,NULL,NULL,NULL,NULL,NULL,NULL,NULL,NULL,NULL,NULL,NULL,NULL,NULL,NULL,NULL,NULL,NULL,NULL,NULL,NULL,NULL,NULL,NULL,NULL,NULL,NULL,
151913,3546052,Darul Madinah Rochdale Ltd,Other Independent School,Independent faith school,13/11/2025,Not applicable,Unknown,Islam,Muslim,Ofsted,North West,North West,Rochdale,Rochdale,OL12 0JR,NULL,NULL,NULL,NULL,NULL,NULL,NULL,NULL,NULL,NULL,NULL,NULL,NULL,NULL,NULL,NULL,NULL,NULL,NULL,NULL,NULL,NULL,NULL,NULL,NULL,NULL,NULL,NULL,NULL,NULL,NULL,NULL,NULL,NULL,NULL,NULL,NULL,NULL,NULL,NULL,NULL,NULL,NULL,NULL,
151914,8566041,Darul Madinah Leicester Ltd,Other Independent School,Independent faith school,09/12/2025,Does not have a sixth form,Unknown,Islam,Muslim,Ofsted,East Midlands,East Midlands,Leicester,Leicester South,LE1 2LG,NULL,NULL,NULL,NULL,NULL,NULL,NULL,NULL,NULL,NULL,NULL,NULL,NULL,NULL,NULL,NULL,NULL,NULL,NULL,NULL,NULL,NULL,NULL,NULL,NULL,NULL,NULL,NULL,NULL,NULL,NULL,NULL,NULL,NULL,NULL,NULL,NULL,NULL,NULL,NULL,NULL,NULL,NULL,NULL,
151916,9256073,Acacia School,Other Independent Special School,Independent special school,19/01/2026,Not applicable,Unknown,None,Non-faith,Ofsted,East Midlands,East Midlands,Lincolnshire,Gainsborough,LN3 5AL,NULL,NULL,NULL,NULL,NULL,NULL,NULL,NULL,NULL,NULL,NULL,NULL,NULL,NULL,NULL,NULL,NULL,NULL,NULL,NULL,NULL,NULL,NULL,NULL,NULL,NULL,NULL,NULL,NULL,NULL,NULL,NULL,NULL,NULL,NULL,NULL,NULL,NULL,NULL,NULL,NULL,NULL,NULL,NULL,
151919,8786093,Redwood River School,Other Independent Special School,Independent special school,17/10/2025,Not applicable,Unknown,None,Non-faith,Ofsted,South West,South West,Devon,South Devon,TQ9 6EA,NULL,NULL,NULL,NULL,NULL,NULL,NULL,NULL,NULL,NULL,NULL,NULL,NULL,NULL,NULL,NULL,NULL,NULL,NULL,NULL,NULL,NULL,NULL,NULL,NULL,NULL,NULL,NULL,NULL,NULL,NULL,NULL,NULL,NULL,NULL,NULL,NULL,NULL,NULL,NULL,NULL,NULL,NULL,NULL,
152051,3946011,Endeavour SR,Other Independent Special School,Independent special school,20/11/2025,Not applicable,Unknown,None,Non-faith,Ofsted,"North East, Yorkshire and the Humber",North East,Sunderland,Sunderland Central,SR1 1QH,NULL,NULL,NULL,NULL,NULL,NULL,NULL,NULL,NULL,NULL,NULL,NULL,NULL,NULL,NULL,NULL,NULL,NULL,NULL,NULL,NULL,NULL,NULL,NULL,NULL,NULL,NULL,NULL,NULL,NULL,NULL,NULL,NULL,NULL,NULL,NULL,NULL,NULL,NULL,NULL,NULL,NULL,NULL,NULL,
152052,3506023,EdStart Schools Bolton,Other Independent Special School,Independent special school,25/09/2025,Not applicable,Unknown,None,Non-faith,Ofsted,North West,North West,Bolton,Bolton South and Walkden,BL2 1ES,NULL,NULL,NULL,NULL,NULL,NULL,NULL,NULL,NULL,NULL,NULL,NULL,NULL,NULL,NULL,NULL,NULL,NULL,NULL,NULL,NULL,NULL,NULL,NULL,NULL,NULL,NULL,NULL,NULL,NULL,NULL,NULL,NULL,NULL,NULL,NULL,NULL,NULL,NULL,NULL,NULL,NULL,NULL,NULL,
152055,8856100,Kimichi Worcester,Other Independent School,Other independent school,23/09/2025,Not applicable,None,None,Non-faith,Ofsted,West Midlands,West Midlands,Worcestershire,Worcester,WR5 2HP,NULL,NULL,NULL,NULL,NULL,NULL,NULL,NULL,NULL,NULL,NULL,NULL,NULL,NULL,NULL,NULL,NULL,NULL,NULL,NULL,NULL,NULL,NULL,NULL,NULL,NULL,NULL,NULL,NULL,NULL,NULL,NULL,NULL,NULL,NULL,NULL,NULL,NULL,NULL,NULL,NULL,NULL,NULL,NULL,
152089,8866193,Curly's Farm and School,Other Independent Special School,Independent special school,22/09/2025,Not applicable,Unknown,None,Non-faith,Ofsted,South East,South East,Kent,Sittingbourne and Sheppey,ME12 4AN,NULL,NULL,NULL,NULL,NULL,NULL,NULL,NULL,NULL,NULL,NULL,NULL,NULL,NULL,NULL,NULL,NULL,NULL,NULL,NULL,NULL,NULL,NULL,NULL,NULL,NULL,NULL,NULL,NULL,NULL,NULL,NULL,NULL,NULL,NULL,NULL,NULL,NULL,NULL,NULL,NULL,NULL,NULL,NULL,
152091,8836005,OA - North View,Other Independent Special School,Independent special school,24/11/2025,Not applicable,Unknown,None,Non-faith,Ofsted,East of England,East of England,Thurrock,Thurrock,RM18 7RT,NULL,NULL,NULL,NULL,NULL,NULL,NULL,NULL,NULL,NULL,NULL,NULL,NULL,NULL,NULL,NULL,NULL,NULL,NULL,NULL,NULL,NULL,NULL,NULL,NULL,NULL,NULL,NULL,NULL,NULL,NULL,NULL,NULL,NULL,NULL,NULL,NULL,NULL,NULL,NULL,NULL,NULL,NULL,NULL,
152094,9296012,The Apex Academy,Other Independent Special School,Independent special school,10/11/2025,Not applicable,Unknown,None,Non-faith,Ofsted,"North East, Yorkshire and the Humber",North East,Northumberland,Cramlington and Killingworth,NE23 3AR,NULL,NULL,NULL,NULL,NULL,NULL,NULL,NULL,NULL,NULL,NULL,NULL,NULL,NULL,NULL,NULL,NULL,NULL,NULL,NULL,NULL,NULL,NULL,NULL,NULL,NULL,NULL,NULL,NULL,NULL,NULL,NULL,NULL,NULL,NULL,NULL,NULL,NULL,NULL,NULL,NULL,NULL,NULL,NULL,
152101,8506123,Newton Wood Barn School,Other Independent Special School,Independent special school,05/02/2026,Not applicable,Unknown,None,Non-faith,Ofsted,South East,South East,Hampshire,East Hampshire,GU34 3EW,10,NULL,NULL,NULL,NULL,NULL,NULL,NULL,NULL,NULL,NULL,NULL,NULL,NULL,NULL,NULL,NULL,NULL,NULL,NULL,NULL,NULL,NULL,NULL,NULL,NULL,NULL,NULL,NULL,NULL,NULL,NULL,NULL,NULL,NULL,NULL,NULL,NULL,NULL,NULL,NULL,NULL,NULL,NULL,
152102,8306068,Oaklands Manor School,Other Independent Special School,Independent special school,18/12/2025,Not applicable,Unknown,None,Non-faith,Ofsted,East Midlands,East Midlands,Derbyshire,High Peak,SK17 6SS,NULL,NULL,NULL,NULL,NULL,NULL,NULL,NULL,NULL,NULL,NULL,NULL,NULL,NULL,NULL,NULL,NULL,NULL,NULL,NULL,NULL,NULL,NULL,NULL,NULL,NULL,NULL,NULL,NULL,NULL,NULL,NULL,NULL,NULL,NULL,NULL,NULL,NULL,NULL,NULL,NULL,NULL,NULL,NULL,
152107,8886139,Moss View School,Other Independent Special School,Independent special school,20/11/2025,Not applicable,None,None,Non-faith,Ofsted,North West,North West,Lancashire,West Lancashire,WN8 9TL,NULL,NULL,NULL,NULL,NULL,NULL,NULL,NULL,NULL,NULL,NULL,NULL,NULL,NULL,NULL,NULL,NULL,NULL,NULL,NULL,NULL,NULL,NULL,NULL,NULL,NULL,NULL,NULL,NULL,NULL,NULL,NULL,NULL,NULL,NULL,NULL,NULL,NULL,NULL,NULL,NULL,NULL,NULL,NULL,
152127,8026012,Sky Vale,Other Independent Special School,Independent special school,24/11/2025,Not applicable,Unknown,None,Non-faith,Ofsted,South West,South West,North Somerset,North Somerset,BS40 5TD,NULL,NULL,NULL,NULL,NULL,NULL,NULL,NULL,NULL,NULL,NULL,NULL,NULL,NULL,NULL,NULL,NULL,NULL,NULL,NULL,NULL,NULL,NULL,NULL,NULL,NULL,NULL,NULL,NULL,NULL,NULL,NULL,NULL,NULL,NULL,NULL,NULL,NULL,NULL,NULL,NULL,NULL,NULL,NULL,
152132,8886140,Silver Birch School,Other Independent Special School,Independent special school,17/11/2025,Not applicable,Unknown,None,Non-faith,Ofsted,North West,North West,Lancashire,Burnley,BB10 2HA,NULL,NULL,NULL,NULL,NULL,NULL,NULL,NULL,NULL,NULL,NULL,NULL,NULL,NULL,NULL,NULL,NULL,NULL,NULL,NULL,NULL,NULL,NULL,NULL,NULL,NULL,NULL,NULL,NULL,NULL,NULL,NULL,NULL,NULL,NULL,NULL,NULL,NULL,NULL,NULL,NULL,NULL,NULL,NULL,
152150,8566042,Indie Education,Other Independent Special School,Independent special school,22/01/2026,Not applicable,Unknown,None,Non-faith,Ofsted,East Midlands,East Midlands,Leicester,Leicester South,LE1 3DL,NULL,NULL,NULL,NULL,NULL,NULL,NULL,NULL,NULL,NULL,NULL,NULL,NULL,NULL,NULL,NULL,NULL,NULL,NULL,NULL,NULL,NULL,NULL,NULL,NULL,NULL,NULL,NULL,NULL,NULL,NULL,NULL,NULL,NULL,NULL,NULL,NULL,NULL,NULL,NULL,NULL,NULL,NULL,NULL,
152153,9376052,Chestnut Place,Other Independent Special School,Independent special school,18/02/2026,Not applicable,Unknown,Christian,Christian,Ofsted,West Midlands,West Midlands,Warwickshire,Stratford-on-Avon,B96 6EW,NULL,NULL,NULL,NULL,NULL,NULL,NULL,NULL,NULL,NULL,NULL,NULL,NULL,NULL,NULL,NULL,NULL,NULL,NULL,NULL,NULL,NULL,NULL,NULL,NULL,NULL,NULL,NULL,NULL,NULL,NULL,NULL,NULL,NULL,NULL,NULL,NULL,NULL,NULL,NULL,NULL,NULL,NULL,NULL,
152154,3436014,PANDA Schools,Other Independent Special School,Independent special school,05/12/2025,Not applicable,Unknown,None,Non-faith,Ofsted,North West,North West,Sefton,Bootle,L30 9SY,NULL,NULL,NULL,NULL,NULL,NULL,NULL,NULL,NULL,NULL,NULL,NULL,NULL,NULL,NULL,NULL,NULL,NULL,NULL,NULL,NULL,NULL,NULL,NULL,NULL,NULL,NULL,NULL,NULL,NULL,NULL,NULL,NULL,NULL,NULL,NULL,NULL,NULL,NULL,NULL,NULL,NULL,NULL,NULL,
152155,8506126,Inclusion School Aldershot,Other Independent Special School,Independent special school,04/03/2026,Not applicable,Unknown,None,Non-faith,Ofsted,South East,South East,Hampshire,Aldershot,GU11 1WT,NULL,NULL,NULL,NULL,NULL,NULL,NULL,NULL,NULL,NULL,NULL,NULL,NULL,NULL,NULL,NULL,NULL,NULL,NULL,NULL,NULL,NULL,NULL,NULL,NULL,NULL,NULL,NULL,NULL,NULL,NULL,NULL,NULL,NULL,NULL,NULL,NULL,NULL,NULL,NULL,NULL,NULL,NULL,NULL,
152161,8606108,Ladybird Manor School,Other Independent Special School,Independent special school,22/12/2025,Not applicable,Unknown,None,Non-faith,Ofsted,West Midlands,West Midlands,Staffordshire,Kingswinford and South Staffordshire,WV4 5NN,NULL,NULL,NULL,NULL,NULL,NULL,NULL,NULL,NULL,NULL,NULL,NULL,NULL,NULL,NULL,NULL,NULL,NULL,NULL,NULL,NULL,NULL,NULL,NULL,NULL,NULL,NULL,NULL,NULL,NULL,NULL,NULL,NULL,NULL,NULL,NULL,NULL,NULL,NULL,NULL,NULL,NULL,NULL,NULL,
152162,8566043,Avicenna School,Other Independent School,Independent faith school,16/01/2026,Not applicable,Unknown,Islam,Muslim,Ofsted,East Midlands,East Midlands,Leicester,Leicester South,LE2 1EF,NULL,NULL,NULL,NULL,NULL,NULL,NULL,NULL,NULL,NULL,NULL,NULL,NULL,NULL,NULL,NULL,NULL,NULL,NULL,NULL,NULL,NULL,NULL,NULL,NULL,NULL,NULL,NULL,NULL,NULL,NULL,NULL,NULL,NULL,NULL,NULL,NULL,NULL,NULL,NULL,NULL,NULL,NULL,NULL,
152163,3306149,Blossom Rose School,Other Independent Special School,Independent special school,25/11/2025,Not applicable,Unknown,None,Non-faith,Ofsted,West Midlands,West Midlands,Birmingham,Hackney North and Stoke Newington,N16 5LG,NULL,NULL,NULL,NULL,NULL,NULL,NULL,NULL,NULL,NULL,NULL,NULL,NULL,NULL,NULL,NULL,NULL,NULL,NULL,NULL,NULL,NULL,NULL,NULL,NULL,NULL,NULL,NULL,NULL,NULL,NULL,NULL,NULL,NULL,NULL,NULL,NULL,NULL,NULL,NULL,NULL,NULL,NULL,NULL,
152165,8916052,Longdale Lodge Outdoor Learning Centre,Other Independent Special School,Independent special school,13/01/2026,Not applicable,Unknown,None,Non-faith,Ofsted,East Midlands,East Midlands,Nottinghamshire,Sherwood Forest,NG15 9AH,NULL,NULL,NULL,NULL,NULL,NULL,NULL,NULL,NULL,NULL,NULL,NULL,NULL,NULL,NULL,NULL,NULL,NULL,NULL,NULL,NULL,NULL,NULL,NULL,NULL,NULL,NULL,NULL,NULL,NULL,NULL,NULL,NULL,NULL,NULL,NULL,NULL,NULL,NULL,NULL,NULL,NULL,NULL,NULL,
152171,3556046,Edintervention School,Other Independent Special School,Independent special school,08/12/2025,Not applicable,None,None,Non-faith,Ofsted,North West,North West,Salford,Salford,M27 4FG,NULL,NULL,NULL,NULL,NULL,NULL,NULL,NULL,NULL,NULL,NULL,NULL,NULL,NULL,NULL,NULL,NULL,NULL,NULL,NULL,NULL,NULL,NULL,NULL,NULL,NULL,NULL,NULL,NULL,NULL,NULL,NULL,NULL,NULL,NULL,NULL,NULL,NULL,NULL,NULL,NULL,NULL,NULL,NULL,
152172,8556066,Huntingdon House School,Other Independent Special School,Independent special school,24/12/2025,Not applicable,Unknown,None,Non-faith,Ofsted,East Midlands,East Midlands,Leicestershire,North West Leicestershire,LE65 1AH,NULL,NULL,NULL,NULL,NULL,NULL,NULL,NULL,NULL,NULL,NULL,NULL,NULL,NULL,NULL,NULL,NULL,NULL,NULL,NULL,NULL,NULL,NULL,NULL,NULL,NULL,NULL,NULL,NULL,NULL,NULL,NULL,NULL,NULL,NULL,NULL,NULL,NULL,NULL,NULL,NULL,NULL,NULL,NULL,
152180,8506127,New Forest Alternative Provision,Other Independent Special School,Independent special school,05/02/2026,Not applicable,Unknown,None,Non-faith,Ofsted,South East,South East,Hampshire,New Forest East,SO40 2LF,NULL,NULL,NULL,NULL,NULL,NULL,NULL,NULL,NULL,NULL,NULL,NULL,NULL,NULL,NULL,NULL,NULL,NULL,NULL,NULL,NULL,NULL,NULL,NULL,NULL,NULL,NULL,NULL,NULL,NULL,NULL,NULL,NULL,NULL,NULL,NULL,NULL,NULL,NULL,NULL,NULL,NULL,NULL,NULL,
152185,3716020,Sutherland House School Braithwell,Other Independent Special School,Independent special school,11/12/2025,Not applicable,Unknown,None,Non-faith,Ofsted,"North East, Yorkshire and the Humber",Yorkshire and the Humber,Doncaster,Doncaster Central,S66 7AF,NULL,NULL,NULL,NULL,NULL,NULL,NULL,NULL,NULL,NULL,NULL,NULL,NULL,NULL,NULL,NULL,NULL,NULL,NULL,NULL,NULL,NULL,NULL,NULL,NULL,NULL,NULL,NULL,NULL,NULL,NULL,NULL,NULL,NULL,NULL,NULL,NULL,NULL,NULL,NULL,NULL,NULL,NULL,NULL,
152186,3816029,Pennine,Other Independent Special School,Independent special school,13/01/2026,Not applicable,Unknown,None,Non-faith,Ofsted,"North East, Yorkshire and the Humber",Yorkshire and the Humber,Calderdale,Calder Valley,OL14 5LB,NULL,NULL,NULL,NULL,NULL,NULL,NULL,NULL,NULL,NULL,NULL,NULL,NULL,NULL,NULL,NULL,NULL,NULL,NULL,NULL,NULL,NULL,NULL,NULL,NULL,NULL,NULL,NULL,NULL,NULL,NULL,NULL,NULL,NULL,NULL,NULL,NULL,NULL,NULL,NULL,NULL,NULL,NULL,NULL,
152187,8306069,Bluebank School,Other Independent Special School,Independent special school,23/01/2026,Not applicable,Unknown,None,Non-faith,Ofsted,East Midlands,East Midlands,Derbyshire,Chesterfield,S41 8LQ,NULL,NULL,NULL,NULL,NULL,NULL,NULL,NULL,NULL,NULL,NULL,NULL,NULL,NULL,NULL,NULL,NULL,NULL,NULL,NULL,NULL,NULL,NULL,NULL,NULL,NULL,NULL,NULL,NULL,NULL,NULL,NULL,NULL,NULL,NULL,NULL,NULL,NULL,NULL,NULL,NULL,NULL,NULL,NULL,
152215,3336021,Blackwater Academy Sandwell,Other Independent School,Other independent school,09/12/2025,Not applicable,Unknown,None,Non-faith,Ofsted,West Midlands,West Midlands,Sandwell,Tipton and Wednesbury,DY4 7NB,NULL,NULL,NULL,NULL,NULL,NULL,NULL,NULL,NULL,NULL,NULL,NULL,NULL,NULL,NULL,NULL,NULL,NULL,NULL,NULL,NULL,NULL,NULL,NULL,NULL,NULL,NULL,NULL,NULL,NULL,NULL,NULL,NULL,NULL,NULL,NULL,NULL,NULL,NULL,NULL,NULL,NULL,NULL,NULL,
152218,8106011,Harte's Academy,Other Independent Special School,Independent special school,13/01/2026,Not applicable,Unknown,None,Non-faith,Ofsted,"North East, Yorkshire and the Humber",Yorkshire and the Humber,Kingston upon Hull,Kingston upon Hull West and Haltemprice,HU3 3PF,NULL,NULL,NULL,NULL,NULL,NULL,NULL,NULL,NULL,NULL,NULL,NULL,NULL,NULL,NULL,NULL,NULL,NULL,NULL,NULL,NULL,NULL,NULL,NULL,NULL,NULL,NULL,NULL,NULL,NULL,NULL,NULL,NULL,NULL,NULL,NULL,NULL,NULL,NULL,NULL,NULL,NULL,NULL,NULL,
152223,3726007,River Valley,Other Independent Special School,Independent special school,24/03/2026,Not applicable,Unknown,None,Non-faith,Ofsted,"North East, Yorkshire and the Humber",Yorkshire and the Humber,Rotherham,Rother Valley,S26 5QW,NULL,NULL,NULL,NULL,NULL,NULL,NULL,NULL,NULL,NULL,NULL,NULL,NULL,NULL,NULL,NULL,NULL,NULL,NULL,NULL,NULL,NULL,NULL,NULL,NULL,NULL,NULL,NULL,NULL,NULL,NULL,NULL,NULL,NULL,NULL,NULL,NULL,NULL,NULL,NULL,NULL,NULL,NULL,NULL,
152224,8816103,High Trees,Other Independent Special School,Independent special school,13/01/2026,Not applicable,Unknown,None,Non-faith,Ofsted,East of England,East of England,Essex,Cities of London and Westminster,W1W 7LT,NULL,NULL,NULL,NULL,NULL,NULL,NULL,NULL,NULL,NULL,NULL,NULL,NULL,NULL,NULL,NULL,NULL,NULL,NULL,NULL,NULL,NULL,NULL,NULL,NULL,NULL,NULL,NULL,NULL,NULL,NULL,NULL,NULL,NULL,NULL,NULL,NULL,NULL,NULL,NULL,NULL,NULL,NULL,NULL,
152225,9316033,Aspris Ridgeway School,Other Independent Special School,Independent special school,10/11/2025,Not applicable,None,None,Non-faith,Ofsted,South East,South East,Oxfordshire,Witney,SN6 8AD,NULL,NULL,NULL,NULL,NULL,NULL,NULL,NULL,NULL,NULL,NULL,NULL,NULL,NULL,NULL,NULL,NULL,NULL,NULL,NULL,NULL,NULL,NULL,NULL,NULL,NULL,NULL,NULL,NULL,NULL,NULL,NULL,NULL,NULL,NULL,NULL,NULL,NULL,NULL,NULL,NULL,NULL,NULL,NULL,
152230,9426002,Old Windebrowe,Other Independent Special School,Independent special school,20/01/2026,Not applicable,Unknown,None,Non-faith,Ofsted,North West,North West,Cumberland,Penrith and Solway,CA12 4NT,NULL,NULL,NULL,NULL,NULL,NULL,NULL,NULL,NULL,NULL,NULL,NULL,NULL,NULL,NULL,NULL,NULL,NULL,NULL,NULL,NULL,NULL,NULL,NULL,NULL,NULL,NULL,NULL,NULL,NULL,NULL,NULL,NULL,NULL,NULL,NULL,NULL,NULL,NULL,NULL,NULL,NULL,NULL,NULL,
152232,3016011,SENARP Vibe Independent School,Other Independent Special School,Independent special school,19/01/2026,Not applicable,Unknown,None,Non-faith,Ofsted,London,London,Barking and Dagenham,Barking,RM8 2UT,NULL,NULL,NULL,NULL,NULL,NULL,NULL,NULL,NULL,NULL,NULL,NULL,NULL,NULL,NULL,NULL,NULL,NULL,NULL,NULL,NULL,NULL,NULL,NULL,NULL,NULL,NULL,NULL,NULL,NULL,NULL,NULL,NULL,NULL,NULL,NULL,NULL,NULL,NULL,NULL,NULL,NULL,NULL,NULL,
152242,9196027,Felden Hall School,Other Independent Special School,Independent special school,17/04/2026,Not applicable,Unknown,None,Non-faith,Ofsted,East of England,East of England,Hertfordshire,Hemel Hempstead,HP3 0BN,NULL,NULL,NULL,NULL,NULL,NULL,NULL,NULL,NULL,NULL,NULL,NULL,NULL,NULL,NULL,NULL,NULL,NULL,NULL,NULL,NULL,NULL,NULL,NULL,NULL,NULL,NULL,NULL,NULL,NULL,NULL,NULL,NULL,NULL,NULL,NULL,NULL,NULL,NULL,NULL,NULL,NULL,NULL,NULL,
152246,3526073,Oakbrook School,Other Independent Special School,Independent special school,23/04/2026,Not applicable,Unknown,None,Non-faith,Ofsted,North West,North West,Manchester,Wythenshawe and Sale East,M22 4JN,NULL,NULL,NULL,NULL,NULL,NULL,NULL,NULL,NULL,NULL,NULL,NULL,NULL,NULL,NULL,NULL,NULL,NULL,NULL,NULL,NULL,NULL,NULL,NULL,NULL,NULL,NULL,NULL,NULL,NULL,NULL,NULL,NULL,NULL,NULL,NULL,NULL,NULL,NULL,NULL,NULL,NULL,NULL,NULL,
152278,8006021,The Universal Farm,Other Independent Special School,Independent special school,13/04/2026,Not applicable,Unknown,None,Non-faith,Ofsted,South West,South West,Bath and North East Somerset,Frome and East Somerset,BA3 2BW,NULL,NULL,NULL,NULL,NULL,NULL,NULL,NULL,NULL,NULL,NULL,NULL,NULL,NULL,NULL,NULL,NULL,NULL,NULL,NULL,NULL,NULL,NULL,NULL,NULL,NULL,NULL,NULL,NULL,NULL,NULL,NULL,NULL,NULL,NULL,NULL,NULL,NULL,NULL,NULL,NULL,NULL,NULL,NULL,
152280,3576012,Minds Education,Other Independent Special School,Independent special school,08/04/2026,Not applicable,Unknown,None,Non-faith,Ofsted,North West,North West,Tameside,Stalybridge and Hyde,OL5 0BA,NULL,NULL,NULL,NULL,NULL,NULL,NULL,NULL,NULL,NULL,NULL,NULL,NULL,NULL,NULL,NULL,NULL,NULL,NULL,NULL,NULL,NULL,NULL,NULL,NULL,NULL,NULL,NULL,NULL,NULL,NULL,NULL,NULL,NULL,NULL,NULL,NULL,NULL,NULL,NULL,NULL,NULL,NULL,NULL,
152281,9256077,The Willows School,Other Independent Special School,Independent special school,16/12/2025,Not applicable,None,None,Non-faith,Ofsted,East Midlands,East Midlands,Lincolnshire,Sleaford and North Hykeham,LN6 3QN,12,NULL,NULL,NULL,NULL,NULL,NULL,NULL,NULL,NULL,NULL,NULL,NULL,NULL,NULL,NULL,NULL,NULL,NULL,NULL,NULL,NULL,NULL,NULL,NULL,NULL,NULL,NULL,NULL,NULL,NULL,NULL,NULL,NULL,NULL,NULL,NULL,NULL,NULL,NULL,NULL,NULL,NULL,NULL,
152282,8506128,Brook School,Other Independent Special School,Independent special school,27/04/2026,Not applicable,Unknown,None,Non-faith,Ofsted,South East,South East,Hampshire,Eastleigh,SO53 4SD,NULL,NULL,NULL,NULL,NULL,NULL,NULL,NULL,NULL,NULL,NULL,NULL,NULL,NULL,NULL,NULL,NULL,NULL,NULL,NULL,NULL,NULL,NULL,NULL,NULL,NULL,NULL,NULL,NULL,NULL,NULL,NULL,NULL,NULL,NULL,NULL,NULL,NULL,NULL,NULL,NULL,NULL,NULL,NULL,
152314,8786094,Beyond Creative Education,Other Independent Special School,Independent special school,26/02/2026,Not applicable,Unknown,None,Non-faith,Ofsted,South West,South West,Devon,Central Devon,TQ13 7EF,NULL,NULL,NULL,NULL,NULL,NULL,NULL,NULL,NULL,NULL,NULL,NULL,NULL,NULL,NULL,NULL,NULL,NULL,NULL,NULL,NULL,NULL,NULL,NULL,NULL,NULL,NULL,NULL,NULL,NULL,NULL,NULL,NULL,NULL,NULL,NULL,NULL,NULL,NULL,NULL,NULL,NULL,NULL,NULL,
152315,3066041,Maypole School - Melville,Other Independent Special School,Independent special school,12/03/2026,Not applicable,Unknown,None,Non-faith,Ofsted,London,London,Croydon,Croydon South,CR2 7HY,NULL,NULL,NULL,NULL,NULL,NULL,NULL,NULL,NULL,NULL,NULL,NULL,NULL,NULL,NULL,NULL,NULL,NULL,NULL,NULL,NULL,NULL,NULL,NULL,NULL,NULL,NULL,NULL,NULL,NULL,NULL,NULL,NULL,NULL,NULL,NULL,NULL,NULL,NULL,NULL,NULL,NULL,NULL,NULL,
152316,8736091,In Toto Ed Cambridge,Other Independent Special School,Independent special school,11/03/2026,Not applicable,Unknown,None,Non-faith,Ofsted,East of England,East of England,Cambridgeshire,Ely and East Cambridgeshire,CB7 5LL,NULL,NULL,NULL,NULL,NULL,NULL,NULL,NULL,NULL,NULL,NULL,NULL,NULL,NULL,NULL,NULL,NULL,NULL,NULL,NULL,NULL,NULL,NULL,NULL,NULL,NULL,NULL,NULL,NULL,NULL,NULL,NULL,NULL,NULL,NULL,NULL,NULL,NULL,NULL,NULL,NULL,NULL,NULL,NULL,
152321,8266023,Redwood Park School,Other Independent Special School,Independent special school,10/11/2025,Not applicable,Unknown,None,Non-faith,Ofsted,South East,South East,Milton Keynes,Milton Keynes Central,MK5 8HD,NULL,NULL,NULL,NULL,NULL,NULL,NULL,NULL,NULL,NULL,NULL,NULL,NULL,NULL,NULL,NULL,NULL,NULL,NULL,NULL,NULL,NULL,NULL,NULL,NULL,NULL,NULL,NULL,NULL,NULL,NULL,NULL,NULL,NULL,NULL,NULL,NULL,NULL,NULL,NULL,NULL,NULL,NULL,NULL,
152324,3366027,Kingsley Academy,Other Independent Special School,Independent special school,12/03/2026,Not applicable,Unknown,None,Non-faith,Ofsted,West Midlands,West Midlands,Wolverhampton,Wolverhampton West,WV3 0LA,NULL,NULL,NULL,NULL,NULL,NULL,NULL,NULL,NULL,NULL,NULL,NULL,NULL,NULL,NULL,NULL,NULL,NULL,NULL,NULL,NULL,NULL,NULL,NULL,NULL,NULL,NULL,NULL,NULL,NULL,NULL,NULL,NULL,NULL,NULL,NULL,NULL,NULL,NULL,NULL,NULL,NULL,NULL,NULL,
152328,8866195,Earley Springs,Other Independent Special School,Independent special school,10/02/2026,Not applicable,Unknown,None,Non-faith,Ofsted,South East,South East,Kent,Faversham and Mid Kent,ME17 1BL,NULL,NULL,NULL,NULL,NULL,NULL,NULL,NULL,NULL,NULL,NULL,NULL,NULL,NULL,NULL,NULL,NULL,NULL,NULL,NULL,NULL,NULL,NULL,NULL,NULL,NULL,NULL,NULL,NULL,NULL,NULL,NULL,NULL,NULL,NULL,NULL,NULL,NULL,NULL,NULL,NULL,NULL,NULL,NULL,
152331,3846017,Hammer Lane Academy,Other Independent Special School,Independent special school,11/02/2026,Not applicable,Unknown,None,Non-faith,Ofsted,"North East, Yorkshire and the Humber",Yorkshire and the Humber,Wakefield,Normanton and Hemsworth,WF4 1DH,NULL,NULL,NULL,NULL,NULL,NULL,NULL,NULL,NULL,NULL,NULL,NULL,NULL,NULL,NULL,NULL,NULL,NULL,NULL,NULL,NULL,NULL,NULL,NULL,NULL,NULL,NULL,NULL,NULL,NULL,NULL,NULL,NULL,NULL,NULL,NULL,NULL,NULL,NULL,NULL,NULL,NULL,NULL,NULL,
152334,2036012,In Toto Ed London,Other Independent Special School,Independent special school,18/03/2026,Not applicable,Unknown,None,Non-faith,Ofsted,London,London,Greenwich,Greenwich and Woolwich,SE3 9RD,NULL,NULL,NULL,NULL,NULL,NULL,NULL,NULL,NULL,NULL,NULL,NULL,NULL,NULL,NULL,NULL,NULL,NULL,NULL,NULL,NULL,NULL,NULL,NULL,NULL,NULL,NULL,NULL,NULL,NULL,NULL,NULL,NULL,NULL,NULL,NULL,NULL,NULL,NULL,NULL,NULL,NULL,NULL,NULL,
152336,8786095,The Wildings Lovaton,Other Independent Special School,Independent special school,07/01/2026,Not applicable,Unknown,None,Non-faith,Ofsted,South West,South West,Devon,South West Devon,PL20 6PT,NULL,NULL,NULL,NULL,NULL,NULL,NULL,NULL,NULL,NULL,NULL,NULL,NULL,NULL,NULL,NULL,NULL,NULL,NULL,NULL,NULL,NULL,NULL,NULL,NULL,NULL,NULL,NULL,NULL,NULL,NULL,NULL,NULL,NULL,NULL,NULL,NULL,NULL,NULL,NULL,NULL,NULL,NULL,NULL,
152341,8916054,Hemlock Stone School,Other Independent Special School,Independent special school,30/03/2026,Not applicable,Unknown,None,Non-faith,Ofsted,East Midlands,East Midlands,Nottinghamshire,Broxtowe,NG9 8GA,NULL,NULL,NULL,NULL,NULL,NULL,NULL,NULL,NULL,NULL,NULL,NULL,NULL,NULL,NULL,NULL,NULL,NULL,NULL,NULL,NULL,NULL,NULL,NULL,NULL,NULL,NULL,NULL,NULL,NULL,NULL,NULL,NULL,NULL,NULL,NULL,NULL,NULL,NULL,NULL,NULL,NULL,NULL,NULL,
152344,9356037,Pushforward Secondary School,Other Independent Special School,Independent special school,24/03/2026,Not applicable,None,None,Non-faith,Ofsted,East of England,East of England,Suffolk,Bury St Edmunds and Stowmarket,IP14 1JF,NULL,NULL,NULL,NULL,NULL,NULL,NULL,NULL,NULL,NULL,NULL,NULL,NULL,NULL,NULL,NULL,NULL,NULL,NULL,NULL,NULL,NULL,NULL,NULL,NULL,NULL,NULL,NULL,NULL,NULL,NULL,NULL,NULL,NULL,NULL,NULL,NULL,NULL,NULL,NULL,NULL,NULL,NULL,NULL,
152347,9356040,Redstone Hall School,Other Independent Special School,Independent special school,11/02/2026,Not applicable,Unknown,None,Non-faith,Ofsted,East of England,East of England,Suffolk,Ipswich,IP4 1JW,NULL,NULL,NULL,NULL,NULL,NULL,NULL,NULL,NULL,NULL,NULL,NULL,NULL,NULL,NULL,NULL,NULL,NULL,NULL,NULL,NULL,NULL,NULL,NULL,NULL,NULL,NULL,NULL,NULL,NULL,NULL,NULL,NULL,NULL,NULL,NULL,NULL,NULL,NULL,NULL,NULL,NULL,NULL,NULL,
152350,9356041,Pushforward Primary School,Other Independent Special School,Independent special school,19/02/2026,Not applicable,None,None,Non-faith,Ofsted,East of England,East of England,Suffolk,Bury St Edmunds and Stowmarket,IP30 9HZ,NULL,NULL,NULL,NULL,NULL,NULL,NULL,NULL,NULL,NULL,NULL,NULL,NULL,NULL,NULL,NULL,NULL,NULL,NULL,NULL,NULL,NULL,NULL,NULL,NULL,NULL,NULL,NULL,NULL,NULL,NULL,NULL,NULL,NULL,NULL,NULL,NULL,NULL,NULL,NULL,NULL,NULL,NULL,NULL,
152357,8456086,Bexhill Independent Special School,Other Independent Special School,Independent special school,03/03/2026,Not applicable,None,None,Non-faith,Ofsted,South East,South East,East Sussex,Bexhill and Battle,TN39 5JD,NULL,NULL,NULL,NULL,NULL,NULL,NULL,NULL,NULL,NULL,NULL,NULL,NULL,NULL,NULL,NULL,NULL,NULL,NULL,NULL,NULL,NULL,NULL,NULL,NULL,NULL,NULL,NULL,NULL,NULL,NULL,NULL,NULL,NULL,NULL,NULL,NULL,NULL,NULL,NULL,NULL,NULL,NULL,NULL,
152358,8016046,MIAG (Meeting Individual Aspirations & Goals),Other Independent Special School,Independent special school,07/04/2026,Not applicable,None,None,Non-faith,Ofsted,South West,South West,Bristol,Bristol East,BS4 5RG,NULL,NULL,NULL,NULL,NULL,NULL,NULL,NULL,NULL,NULL,NULL,NULL,NULL,NULL,NULL,NULL,NULL,NULL,NULL,NULL,NULL,NULL,NULL,NULL,NULL,NULL,NULL,NULL,NULL,NULL,NULL,NULL,NULL,NULL,NULL,NULL,NULL,NULL,NULL,NULL,NULL,NULL,NULL,NULL,
152359,8606110,Sutherland School,Other Independent Special School,Independent special school,31/03/2026,Not applicable,Unknown,None,Non-faith,Ofsted,West Midlands,West Midlands,Staffordshire,Tamworth,B79 7EE,NULL,NULL,NULL,NULL,NULL,NULL,NULL,NULL,NULL,NULL,NULL,NULL,NULL,NULL,NULL,NULL,NULL,NULL,NULL,NULL,NULL,NULL,NULL,NULL,NULL,NULL,NULL,NULL,NULL,NULL,NULL,NULL,NULL,NULL,NULL,NULL,NULL,NULL,NULL,NULL,NULL,NULL,NULL,NULL,
152370,8966035,Elmy Hall School,Other Independent Special School,Independent special school,08/04/2026,Not applicable,Unknown,None,Non-faith,Ofsted,North West,North West,Cheshire West and Chester,Mid Cheshire,CW8 1HW,NULL,NULL,NULL,NULL,NULL,NULL,NULL,NULL,NULL,NULL,NULL,NULL,NULL,NULL,NULL,NULL,NULL,NULL,NULL,NULL,NULL,NULL,NULL,NULL,NULL,NULL,NULL,NULL,NULL,NULL,NULL,NULL,NULL,NULL,NULL,NULL,NULL,NULL,NULL,NULL,NULL,NULL,NULL,NULL,
152373,8816104,Learn and Prosper School,Other Independent Special School,Independent special school,20/04/2026,Not applicable,Unknown,None,Non-faith,Ofsted,East of England,East of England,Essex,Clacton,CO15 3AY,NULL,NULL,NULL,NULL,NULL,NULL,NULL,NULL,NULL,NULL,NULL,NULL,NULL,NULL,NULL,NULL,NULL,NULL,NULL,NULL,NULL,NULL,NULL,NULL,NULL,NULL,NULL,NULL,NULL,NULL,NULL,NULL,NULL,NULL,NULL,NULL,NULL,NULL,NULL,NULL,NULL,NULL,NULL,NULL,
