Web Link (opens in new window),URN,LAESTAB,School name,Ofsted phase,Type of education,School open date,Admissions policy,Sixth form,Designated religious character,Religious ethos,Faith grouping,Ofsted region,Region,Local authority,Parliamentary constituency,Postcode,Multi-academy trust UID,Multi-academy trust name,Academy sponsor UID,Academy Sponsor Name,The income deprivation affecting children index (IDACI) quintile,Total number of pupils,Statutory lowest age,Statutory highest age,Inspection number,Inspection type,Inspection type grouping,Event type grouping,Inspection start date,Publication date,Category of concern,Safeguarding standards,Inclusion,Curriculum and teaching,Achievement,Attendance and behaviour,Personal development and wellbeing,Early years (where applicable),Post-16 provision (where applicable),Leadership and governance
http://www.ofsted.gov.uk/inspection-reports/find-inspection-report/provider/149496,149496,8023351,Burrington Church of England Primary School,Primary,Academy Converter,01/01/2023,Not applicable,Does not have a sixth form,Church of England,Does not apply,Christian,South West,South West,North Somerset,Wells and Mendip Hills,BS40 7AD,16340,Lighthouse Schools Partnership,16180,Lighthouse Schools Partnership,1,103,3,11,10426105,S5 Inspection,S5 Inspection,Schools - S5,11/11/2025,15/01/2026,,Met,Expected standard,Expected standard,Expected standard,Expected standard,Strong standard,Expected standard,Not applicable,Expected standard
http://www.ofsted.gov.uk/inspection-reports/find-inspection-report/provider/141686,141686,8054002,Manor Community Academy,Secondary,Academy Sponsor Led,01/03/2015,Non-selective,Does not have a sixth form,None,None,Non-faith,"North East, Yorkshire and the Humber",North East,Hartlepool,Hartlepool,TS25 3PS,4036,NORTHERN EDUCATION TRUST,4035,Northern Education Trust,5,995,11,16,10426064,S5 Inspection,S5 Inspection,Schools - S5,11/11/2025,11/01/2026,,Met,Strong standard,Expected standard,Strong standard,Expected standard,Expected standard,Not applicable,Not applicable,Strong standard
http://www.ofsted.gov.uk/inspection-reports/find-inspection-report/provider/119510,119510,8893500,Sacred Heart Roman Catholic Primary School Blackburn,Primary,Voluntary Aided School,NULL,Not applicable,Does not have a sixth form,Roman Catholic,Does not apply,Christian,North West,North West,Blackburn with Darwen,Blackburn,BB2 6HQ,NULL,NULL,NULL,NULL,4,180,4,11,10426037,S5 Inspection,S5 Inspection,Schools - S5,11/11/2025,11/01/2026,,Met,Strong standard,Expected standard,Expected standard,Expected standard,Expected standard,Expected standard,Not applicable,Expected standard
http://www.ofsted.gov.uk/inspection-reports/find-inspection-report/provider/138409,138409,8012056,Oasis Academy Bank Leaze,Primary,Academy Sponsor Led,01/09/2012,Not applicable,Not applicable,None,None,Non-faith,South West,South West,Bristol,Bristol North West,BS11 0SN,4076,OASIS COMMUNITY LEARNING,4075,Oasis Community Learning,5,214,3,11,10426049,S5 Inspection,S5 Inspection,Schools - S5,11/11/2025,11/01/2026,,Met,Strong standard,Expected standard,Strong standard,Expected standard,Strong standard,Expected standard,Not applicable,Strong standard
http://www.ofsted.gov.uk/inspection-reports/find-inspection-report/provider/122767,122767,8913126,St Peter's CofE Junior School,Primary,Voluntary Controlled School,NULL,Not applicable,Does not have a sixth form,Church of England,Does not apply,Christian,East Midlands,East Midlands,Nottinghamshire,Rushcliffe,NG11 6GB,NULL,NULL,NULL,NULL,1,355,7,11,10426038,S5 Inspection,S5 Inspection,Schools - S5,11/11/2025,28/01/2026,,Met,Strong standard,Strong standard,Expected standard,Strong standard,Strong standard,Not applicable,Not applicable,Strong standard
http://www.ofsted.gov.uk/inspection-reports/find-inspection-report/provider/151432,151432,9262276,Iceni Primary Academy,Primary,Academy Sponsor Led,01/09/2024,Unknown,Does not have a sixth form,Unknown,None,Non-faith,East of England,East of England,Norfolk,South West Norfolk,IP26 4LP,2062,Academy Transformation Trust,2061,Academy Transformation Trust,NULL,105,4,11,10426117,Academy First Section 5,Academy First Section 5,Schools - S5,11/11/2025,11/01/2026,,Met,Strong standard,Expected standard,Expected standard,Strong standard,Expected standard,Expected standard,Not applicable,Strong standard
http://www.ofsted.gov.uk/inspection-reports/find-inspection-report/provider/137386,137386,3025402,Mill Hill County High School,Secondary,Academy Converter,01/09/2011,Non-selective,Has a sixth form,None,Does not apply,Non-faith,London,London,Barnet,Chipping Barnet,NW7 4LL,NULL,NULL,NULL,NULL,2,1651,11,18,10426045,S5 Inspection,S5 Inspection,Schools - S5,11/11/2025,26/01/2026,,Met,Expected standard,Expected standard,Strong standard,Strong standard,Expected standard,Not applicable,Expected standard,Expected standard
http://www.ofsted.gov.uk/inspection-reports/find-inspection-report/provider/145315,145315,2034007,Leigh Academy Halley,Secondary,Academy Sponsor Led,01/03/2018,Unknown,Has a sixth form,None,None,Non-faith,London,London,Greenwich,Eltham and Chislehurst,SE3 8EP,3725,Leigh Academies Trust,3724,Leigh Academies Trust,4,952,11,19,10426091,S5 Inspection,S5 Inspection,Schools - S5,11/11/2025,11/01/2026,,Met,Exceptional,Strong standard,Strong standard,Exceptional,Exceptional,Not applicable,Exceptional,Exceptional
http://www.ofsted.gov.uk/inspection-reports/find-inspection-report/provider/138836,138836,8304197,The Bolsover School,Secondary,Academy Converter,01/10/2012,Non-selective,Does not have a sixth form,Does not apply,Does not apply,Non-faith,East Midlands,East Midlands,Derbyshire,Bolsover,S44 6XA,4338,REDHILL ACADEMY TRUST,5015,Redhill Academy Trust,4,908,11,16,10426050,S5 Inspection,S5 Inspection,Schools - S5,11/11/2025,11/01/2026,,Met,Expected standard,Expected standard,Expected standard,Expected standard,Expected standard,Not applicable,Not applicable,Expected standard
http://www.ofsted.gov.uk/inspection-reports/find-inspection-report/provider/140245,140245,8102403,Longhill Primary School,Primary,Academy Converter,01/10/2013,Not applicable,Does not have a sixth form,Does not apply,Does not apply,Non-faith,"North East, Yorkshire and the Humber",Yorkshire and the Humber,Kingston upon Hull,Kingston upon Hull East,HU8 9RW,3502,Hull Collaborative Academy Trust,3501,Hull Collaborative Academy Trust,5,326,3,11,10426058,S5 Inspection,S5 Inspection,Schools - S5,11/11/2025,15/01/2026,,Met,Expected standard,Expected standard,Needs attention,Needs attention,Expected standard,Expected standard,Not applicable,Expected standard
http://www.ofsted.gov.uk/inspection-reports/find-inspection-report/provider/144083,144083,8452025,Ark Castledown Primary Academy,Primary,Academy Sponsor Led,01/09/2017,Not applicable,Does not have a sixth form,Does not apply,Does not apply,Non-faith,South East,South East,East Sussex,Hastings and Rye,TN34 3QT,2157,ARK SCHOOLS,2156,ARK Schools,5,396,2,11,10426079,S5 Inspection,S5 Inspection,Schools - S5,11/11/2025,11/01/2026,,Met,Exceptional,Strong standard,Strong standard,Strong standard,Strong standard,Strong standard,Not applicable,Strong standard
http://www.ofsted.gov.uk/inspection-reports/find-inspection-report/provider/149847,149847,3332135,Moat Farm Infant School,Primary,Academy Converter,01/06/2024,Not applicable,Does not have a sixth form,Does not apply,Does not apply,Non-faith,West Midlands,West Midlands,Sandwell,Smethwick,B68 9QR,16572,Stour Vale Academy Trust,16807,Stour Vale Academy Trust,5,416,2,7,10426709,S5 Inspection,S5 Inspection,Schools - S5,11/11/2025,11/01/2026,,Met,Expected standard,Expected standard,Expected standard,Expected standard,Expected standard,Expected standard,Not applicable,Strong standard
http://www.ofsted.gov.uk/inspection-reports/find-inspection-report/provider/149635,149635,3364011,Smestow Academy,Secondary,Academy Converter,01/01/2023,Unknown,Has a sixth form,None,Does not apply,Non-faith,West Midlands,West Midlands,Wolverhampton,Wolverhampton West,WV3 8HU,3878,MATRIX ACADEMY TRUST,3877,Matrix Academy Trust,5,552,11,18,10426108,S5 Inspection,S5 Inspection,Schools - S5,11/11/2025,11/01/2026,,Met,Expected standard,Expected standard,Expected standard,Strong standard,Strong standard,Not applicable,Expected standard,Strong standard
http://www.ofsted.gov.uk/inspection-reports/find-inspection-report/provider/139160,139160,8224085,Mark Rutherford School,Secondary,Academy Converter,01/01/2013,Non-selective,Has a sixth form,None,Does not apply,Non-faith,East of England,East of England,Bedford,Bedford,MK41 8PX,NULL,NULL,NULL,NULL,3,1180,11,18,10426053,Requires Improvement S5 Reinspection Visit 1,Requires Improvement S5 Reinspection Visit 1,Schools - S5,11/11/2025,11/01/2026,,Met,Strong standard,Expected standard,Expected standard,Strong standard,Expected standard,Not applicable,Needs attention,Expected standard
http://www.ofsted.gov.uk/inspection-reports/find-inspection-report/provider/112869,112869,8303110,St Andrew's CofE Junior School,Primary,Voluntary Controlled School,NULL,Non-selective,Does not have a sixth form,Church of England,Does not apply,Christian,East Midlands,East Midlands,Derbyshire,High Peak,SK13 2DR,NULL,NULL,NULL,NULL,4,205,7,11,10426029,S5 Inspection,S5 Inspection,Schools - S5,11/11/2025,15/01/2026,,Met,Expected standard,Needs attention,Needs attention,Expected standard,Strong standard,Not applicable,Not applicable,Expected standard
http://www.ofsted.gov.uk/inspection-reports/find-inspection-report/provider/139170,139170,9165213,St David's Church of England Primary School,Primary,Academy Converter,01/01/2013,Not applicable,Does not have a sixth form,Church of England,Does not apply,Christian,South West,South West,Gloucestershire,North Cotswolds,GL56 0LQ,2907,The Diocese of Gloucester Academies Trust,2906,Diocese of Gloucester Academies Trust,2,248,4,11,10426054,S5 Inspection,S5 Inspection,Schools - S5,11/11/2025,11/01/2026,,Met,Expected standard,Expected standard,Needs attention,Expected standard,Expected standard,Expected standard,Not applicable,Expected standard
http://www.ofsted.gov.uk/inspection-reports/find-inspection-report/provider/151128,151128,8552170,Badgerbrook Primary School,Primary,Academy Converter,01/09/2024,Not applicable,Does not have a sixth form,Does not apply,Does not apply,Non-faith,East Midlands,East Midlands,Leicestershire,South Leicestershire,LE8 6ZW,2932,DISCOVERY SCHOOLS ACADEMIES TRUST LTD,2933,Discovery Schools Academies Trust Ltd,1,405,4,11,10426114,S5 Inspection,S5 Inspection,Schools - S5,11/11/2025,12/01/2026,,Met,Strong standard,Expected standard,Expected standard,Strong standard,Expected standard,Needs attention,Not applicable,Expected standard
http://www.ofsted.gov.uk/inspection-reports/find-inspection-report/provider/145627,145627,3162064,Shaftesbury Primary School,Primary,Academy Converter,01/04/2018,Not applicable,Does not have a sixth form,Does not apply,Does not apply,Non-faith,London,London,Newham,East Ham,E7 8PF,16534,THE BOLEYN TRUST,16535,Boleyn Trust,3,637,3,11,10426093,S5 Inspection,S5 Inspection,Schools - S5,11/11/2025,11/01/2026,,Met,Strong standard,Exceptional,Exceptional,Strong standard,Strong standard,Exceptional,Not applicable,Strong standard
http://www.ofsted.gov.uk/inspection-reports/find-inspection-report/provider/138087,138087,3804041,Belle Vue Girls' Academy,Secondary,Academy Converter,01/04/2012,Non-selective,Has a sixth form,Does not apply,Does not apply,Non-faith,"North East, Yorkshire and the Humber",Yorkshire and the Humber,Bradford,Bradford West,BD9 6NA,2408,Bradford Diocesan Academies Trust,2407,Bradford Diocesan Academies Trust,5,956,11,18,10426047,S5 Inspection,S5 Inspection,Schools - S5,11/11/2025,11/01/2026,,Met,Expected standard,Expected standard,Expected standard,Expected standard,Strong standard,Not applicable,Expected standard,Expected standard
http://www.ofsted.gov.uk/inspection-reports/find-inspection-report/provider/139094,139094,3063417,Aerodrome Primary Academy,Primary,Academy Converter,01/12/2012,Not applicable,Does not have a sixth form,Does not apply,Does not apply,Non-faith,London,London,Croydon,Croydon West,CR0 4EJ,4320,REAch2 Academy Trust,4318,REAch2 Academy Trust,4,466,3,11,10426693,S5 Inspection,S5 Inspection,Schools - S5,11/11/2025,11/01/2026,,Met,Strong standard,Expected standard,Expected standard,Expected standard,Strong standard,Expected standard,Not applicable,Expected standard
http://www.ofsted.gov.uk/inspection-reports/find-inspection-report/provider/151417,151417,8962718,Meadow Primary School,Primary,Academy Converter,01/01/2025,Not applicable,Does not have a sixth form,Does not apply,Does not apply,Non-faith,North West,North West,Cheshire West and Chester,Ellesmere Port and Bromborough,CH66 4SZ,17769,THE PEOPLE'S LEARNING TRUST,NULL,NULL,1,425,4,11,10426116,S5 Inspection,S5 Inspection,Schools - S5,11/11/2025,11/01/2026,,Met,Strong standard,Expected standard,Expected standard,Strong standard,Strong standard,Strong standard,Not applicable,Strong standard
http://www.ofsted.gov.uk/inspection-reports/find-inspection-report/provider/141868,141868,8452017,St Leonards Church of England Primary Academy,Primary,Academy Sponsor Led,01/04/2015,Not applicable,Does not have a sixth form,Church of England,None,Christian,South East,South East,East Sussex,Hastings and Rye,TN38 0NX,5488,Diocese of Chichester Academy Trust,5492,Diocese of Chichester Academy Trust,5,412,5,11,10426066,S5 Inspection,S5 Inspection,Schools - S5,11/11/2025,11/01/2026,,Met,Expected standard,Expected standard,Expected standard,Needs attention,Expected standard,Expected standard,Not applicable,Expected standard
http://www.ofsted.gov.uk/inspection-reports/find-inspection-report/provider/140679,140679,8454004,Seahaven Academy,Secondary,Academy Sponsor Led,01/04/2014,Unknown,Does not have a sixth form,Does not apply,None,Non-faith,South East,South East,East Sussex,Lewes,BN9 9TD,5143,UNITED LEARNING TRUST,5142,United Learning Trust,4,745,11,16,10426061,S5 Inspection,S5 Inspection,Schools - S5,11/11/2025,11/01/2026,,Met,Expected standard,Expected standard,Expected standard,Expected standard,Expected standard,Not applicable,Not applicable,Expected standard
http://www.ofsted.gov.uk/inspection-reports/find-inspection-report/provider/144528,144528,8222294,Cauldwell School,Primary,Academy Converter,01/06/2017,Not applicable,Does not have a sixth form,Does not apply,Does not apply,Non-faith,East of England,East of England,Bedford,Bedford,MK42 9DR,16683,Heart Academies Trust,3318,Harpur Trust,4,419,4,11,10426083,S5 Inspection,S5 Inspection,Schools - S5,11/11/2025,03/02/2026,,Met,Strong standard,Expected standard,Expected standard,Strong standard,Strong standard,Needs attention,Not applicable,Expected standard
http://www.ofsted.gov.uk/inspection-reports/find-inspection-report/provider/151190,151190,9365415,All Hallows Catholic School,Secondary,Academy Converter,01/10/2024,Non-selective,Has a sixth form,Roman Catholic,Does not apply,Christian,South East,South East,Surrey,Farnham and Bordon,GU9 9HF,4717,MOTHER TERESA CATHOLIC ACADEMY TRUST,17352,Mother Teresa Catholic Academy Trust,1,1514,11,18,10426115,S5 Inspection,S5 Inspection,Schools - S5,11/11/2025,11/01/2026,,Met,Strong standard,Strong standard,Strong standard,Strong standard,Strong standard,Not applicable,Strong standard,Strong standard
http://www.ofsted.gov.uk/inspection-reports/find-inspection-report/provider/143785,143785,9192110,Fairlands Primary School,Primary,Academy Converter,01/04/2017,Not applicable,Does not have a sixth form,Does not apply,Does not apply,Non-faith,East of England,East of England,Hertfordshire,Stevenage,SG1 3JA,16639,The Claxton Trust,NULL,NULL,4,674,3,11,10426076,S5 Inspection,S5 Inspection,Schools - S5,11/11/2025,11/01/2026,,Met,Strong standard,Strong standard,Expected standard,Strong standard,Strong standard,Expected standard,Not applicable,Strong standard
http://www.ofsted.gov.uk/inspection-reports/find-inspection-report/provider/105576,105576,3524761,Our Lady's RC High School,Secondary,Voluntary Aided School,NULL,Non-selective,Does not have a sixth form,Roman Catholic,Does not apply,Christian,North West,North West,Manchester,Blackley and Middleton South,M9 0RP,NULL,NULL,NULL,NULL,5,1050,11,16,10426024,S5 Inspection,S5 Inspection,Schools - S5,11/11/2025,11/01/2026,,Met,Strong standard,Strong standard,Strong standard,Strong standard,Strong standard,Not applicable,Not applicable,Strong standard
http://www.ofsted.gov.uk/inspection-reports/find-inspection-report/provider/149483,149483,3302210,Highters Heath Community School,Primary,Academy Sponsor Led,01/11/2022,Not applicable,Not applicable,Does not apply,Does not apply,Non-faith,West Midlands,West Midlands,Birmingham,Birmingham Selly Oak,B14 4LY,16643,Excelsior Multi Academy Trust,16524,Excelsior Multi Academy Trust,5,169,4,11,10426104,Academy First Section 5,Academy First Section 5,Schools - S5,11/11/2025,11/01/2026,,Met,Expected standard,Expected standard,Expected standard,Expected standard,Expected standard,Strong standard,Not applicable,Expected standard
http://www.ofsted.gov.uk/inspection-reports/find-inspection-report/provider/109481,109481,8232124,Southill Lower School,Primary,Community School,NULL,Not applicable,Does not have a sixth form,Does not apply,Does not apply,Non-faith,East of England,East of England,Central Bedfordshire,North Bedfordshire,SG18 9JA,NULL,NULL,NULL,NULL,2,75,3,9,10426026,S5 Inspection,S5 Inspection,Schools - S5,18/11/2025,22/01/2026,,Met,Strong standard,Strong standard,Strong standard,Strong standard,Strong standard,Expected standard,Not applicable,Strong standard
http://www.ofsted.gov.uk/inspection-reports/find-inspection-report/provider/148219,148219,8612075,Co-op Academy Clarice Cliff,Primary,Academy Converter,01/12/2020,Non-selective,Does not have a sixth form,Does not apply,Does not apply,Non-faith,West Midlands,West Midlands,Stoke-on-Trent,Stoke-on-Trent Central,ST4 3DP,2777,THE CO-OPERATIVE ACADEMIES TRUST,4949,The Co-operative Academies Trust,5,400,3,11,10426705,Requires Improvement S5 Reinspection Visit 1,Requires Improvement S5 Reinspection Visit 1,Schools - S5,18/11/2025,21/01/2026,,Met,Strong standard,Strong standard,Expected standard,Strong standard,Strong standard,Expected standard,Not applicable,Strong standard
http://www.ofsted.gov.uk/inspection-reports/find-inspection-report/provider/149193,149193,8662011,Bridlewood Primary School,Primary,Academy Converter,01/12/2022,Not applicable,Does not have a sixth form,Does not apply,Does not apply,Non-faith,South West,South West,Swindon,Swindon North,SN25 2EX,16861,THE PARK ACADEMIES TRUST,17116,Lydiard Park Academy,1,226,3,11,10426098,S5 Inspection,S5 Inspection,Schools - S5,18/11/2025,21/01/2026,,Met,Expected standard,Expected standard,Expected standard,Expected standard,Expected standard,Expected standard,Not applicable,Expected standard
http://www.ofsted.gov.uk/inspection-reports/find-inspection-report/provider/149322,149322,9317008,Bishopswood School,Special,Academy Special Sponsor Led,01/01/2023,Not applicable,Does not have a sixth form,Does not apply,Does not apply,Non-faith,South East,South East,Oxfordshire,Henley and Thame,RG4 9RH,4257,The Propeller Academy Trust,5009,The Propeller Academy Trust,2,74,2,16,10426101,Academy First Section 5,Academy First Section 5,Schools - S5,18/11/2025,25/01/2026,,Met,Strong standard,Expected standard,Expected standard,Strong standard,Strong standard,Not applicable,Not applicable,Strong standard
http://www.ofsted.gov.uk/inspection-reports/find-inspection-report/provider/142903,142903,3164009,London Design and Engineering UTC,Secondary,University Technical College,05/09/2016,Unknown,Has a sixth form,Does not apply,Does not apply,Non-faith,London,London,Newham,West Ham and Beckton,E16 2RD,NULL,NULL,NULL,NULL,4,792,14,19,10426074,S5 Inspection,S5 Inspection,Schools - S5,18/11/2025,22/01/2026,,Met,Exceptional,Exceptional,Strong standard,Exceptional,Exceptional,Not applicable,Strong standard,Exceptional
http://www.ofsted.gov.uk/inspection-reports/find-inspection-report/provider/140442,140442,8083317,St Bede's Catholic Academy,Primary,Academy Converter,01/12/2013,Not applicable,Does not have a sixth form,Roman Catholic,Does not apply,Christian,"North East, Yorkshire and the Humber",North East,Stockton-on-Tees,Stockton North,TS19 0DW,2548,BISHOP HOGARTH CATHOLIC EDUCATION TRUST,2547,Bishop Hogarth Catholic Education Trust,5,228,3,11,10426696,S5 Inspection,S5 Inspection,Schools - S5,18/11/2025,29/01/2026,,Met,Strong standard,Strong standard,Strong standard,Exceptional,Strong standard,Expected standard,Not applicable,Strong standard
http://www.ofsted.gov.uk/inspection-reports/find-inspection-report/provider/144837,144837,8552330,Old Mill Primary School,Primary,Academy Converter,01/09/2017,Not applicable,Does not have a sixth form,Does not apply,Does not apply,Non-faith,East Midlands,East Midlands,Leicestershire,South Leicestershire,LE9 6PT,16329,Symphony Learning Trust,16356,Symphony Learning Trust,1,367,4,11,10426087,S5 Inspection,S5 Inspection,Schools - S5,18/11/2025,26/01/2026,,Met,Expected standard,Needs attention,Expected standard,Expected standard,Expected standard,Expected standard,Not applicable,Expected standard
http://www.ofsted.gov.uk/inspection-reports/find-inspection-report/provider/105413,105413,3522076,Crowcroft Park Primary School,Primary,Community School,NULL,Not applicable,Does not have a sixth form,Does not apply,Does not apply,Non-faith,North West,North West,Manchester,Gorton and Denton,M12 5SY,NULL,NULL,NULL,NULL,5,251,3,11,10426022,S5 Inspection,S5 Inspection,Schools - S5,18/11/2025,18/01/2026,,Met,Expected standard,Expected standard,Expected standard,Expected standard,Expected standard,Expected standard,Not applicable,Expected standard
http://www.ofsted.gov.uk/inspection-reports/find-inspection-report/provider/123747,123747,9333029,Bishop Henderson Church of England Primary School,Primary,Voluntary Controlled School,NULL,Not applicable,Does not have a sixth form,Church of England,Does not apply,Christian,South West,South West,Somerset,Frome and East Somerset,BA3 5PN,NULL,NULL,NULL,NULL,3,131,2,11,10426683,Requires Improvement S5 Reinspection Visit 1,Requires Improvement S5 Reinspection Visit 1,Schools - S5,18/11/2025,21/01/2026,,Met,Needs attention,Needs attention,Needs attention,Needs attention,Expected standard,Expected standard,Not applicable,Needs attention
http://www.ofsted.gov.uk/inspection-reports/find-inspection-report/provider/141938,141938,3312016,Sidney Stringer Primary Academy,Primary,Free School,01/09/2015,Unknown,Does not have a sixth form,None,None,Non-faith,West Midlands,West Midlands,Coventry,Coventry South,CV1 5GU,4521,Sidney Stringer Multi Academy Trust,4520,Sidney Stringer Academy Trust,5,421,4,11,10426068,S5 Inspection,S5 Inspection,Schools - S5,18/11/2025,15/01/2026,,Met,Strong standard,Strong standard,Strong standard,Strong standard,Strong standard,Strong standard,Not applicable,Strong standard
http://www.ofsted.gov.uk/inspection-reports/find-inspection-report/provider/149228,149228,3367012,Penn Hall School,Special,Academy Special Converter,01/11/2022,Not applicable,Has a sixth form,Does not apply,Does not apply,Non-faith,West Midlands,West Midlands,Wolverhampton,Wolverhampton West,WV4 5HP,2095,Amethyst Academies Trust,16590,Amethyst Academies Trust,5,138,3,19,10426099,S5 Inspection,S5 Inspection,Schools - S5,18/11/2025,01/02/2026,,Met,Strong standard,Expected standard,Expected standard,Strong standard,Strong standard,Not applicable,Expected standard,Strong standard
http://www.ofsted.gov.uk/inspection-reports/find-inspection-report/provider/141986,141986,3944001,Sandhill View Academy,Secondary,Academy Sponsor Led,01/07/2015,Not applicable,Does not have a sixth form,Does not apply,None,Non-faith,"North East, Yorkshire and the Humber",North East,Sunderland,Houghton and Sunderland South,SR3 4EN,5712,ASPIRE NORTH EAST MULTI ACADEMY TRUST,4599,Aspire North East Multi Academy Trust,5,760,11,16,10426070,S5 Inspection,S5 Inspection,Schools - S5,18/11/2025,21/01/2026,,Met,Strong standard,Expected standard,Expected standard,Needs attention,Strong standard,Not applicable,Not applicable,Expected standard
http://www.ofsted.gov.uk/inspection-reports/find-inspection-report/provider/150629,150629,8232014,Laburnum Primary School,Primary,Academy Sponsor Led,01/03/2024,Not applicable,Does not have a sixth form,Does not apply,Does not apply,Non-faith,East of England,East of England,Central Bedfordshire,North Bedfordshire,SG19 1HQ,16606,Advantage Schools,17694,Advantage Schools Trust,3,194,3,11,10426113,Academy First Section 5,Academy First Section 5,Schools - S5,18/11/2025,18/01/2026,,Met,Expected standard,Expected standard,Expected standard,Expected standard,Expected standard,Expected standard,Not applicable,Expected standard
http://www.ofsted.gov.uk/inspection-reports/find-inspection-report/provider/150007,150007,8033440,Kings' Forest Primary School,Primary,Academy Converter,01/09/2023,Not applicable,Does not have a sixth form,Does not apply,Does not apply,Non-faith,South West,South West,South Gloucestershire,Bristol North East,BS15 4PQ,17691,THE LEAF TRUST,NULL,NULL,3,442,3,11,10426111,S5 Inspection,S5 Inspection,Schools - S5,18/11/2025,15/01/2026,,Met,Strong standard,Expected standard,Expected standard,Expected standard,Expected standard,Expected standard,Not applicable,Expected standard
http://www.ofsted.gov.uk/inspection-reports/find-inspection-report/provider/140807,140807,2071100,Ormiston Latimer Academy,Alternative provision,Academy Alternative Provision Converter,01/04/2014,Not applicable,Does not have a sixth form,Does not apply,None,Non-faith,London,London,Kensington and Chelsea,Kensington and Bayswater,W10 6TT,4106,Ormiston Academies Trust,4105,Ormiston Academies Trust,4,43,11,16,10426697,S5 Inspection,S5 Inspection,Schools - S5,18/11/2025,03/02/2026,,Met,Strong standard,Expected standard,Expected standard,Expected standard,Expected standard,Not applicable,Not applicable,Strong standard
http://www.ofsted.gov.uk/inspection-reports/find-inspection-report/provider/139967,139967,8517000,Cliffdale Primary Academy,Special,Academy Special Sponsor Led,01/12/2013,Not applicable,Does not have a sixth form,Does not apply,None,Non-faith,South East,South East,Portsmouth,Portsmouth North,PO2 0SN,4559,Solent Academies Trust,3873,Solent Academies Trust,4,219,4,11,10429715,S5 Inspection,S5 Inspection,Schools - S5,18/11/2025,26/01/2026,,Met,Strong standard,Strong standard,Strong standard,Strong standard,Strong standard,Strong standard,Not applicable,Strong standard
http://www.ofsted.gov.uk/inspection-reports/find-inspection-report/provider/139643,139643,9162010,Primrose Hill Church of England Primary Academy,Primary,Academy Sponsor Led,01/10/2013,Not applicable,Does not have a sixth form,Church of England,Church of England,Christian,South West,South West,Gloucestershire,Forest of Dean,GL15 5TA,2907,The Diocese of Gloucester Academies Trust,2906,Diocese of Gloucester Academies Trust,3,210,4,11,10426056,S5 Inspection,S5 Inspection,Schools - S5,18/11/2025,10/02/2026,,Met,Strong standard,Expected standard,Expected standard,Strong standard,Strong standard,Expected standard,Not applicable,Strong standard
http://www.ofsted.gov.uk/inspection-reports/find-inspection-report/provider/143430,143430,8514006,UTC Portsmouth,Secondary,University Technical College,01/09/2017,Unknown,Has a sixth form,Does not apply,Does not apply,Non-faith,South East,South East,Portsmouth,Portsmouth North,PO2 9DU,NULL,NULL,NULL,NULL,3,493,14,19,10426075,S5 Inspection,S5 Inspection,Schools - S5,18/11/2025,22/01/2026,,Met,Strong standard,Strong standard,Strong standard,Strong standard,Exceptional,Not applicable,Strong standard,Strong standard
http://www.ofsted.gov.uk/inspection-reports/find-inspection-report/provider/123200,123200,9313801,Checkendon Church of England (A) Primary School,Primary,Voluntary Aided School,NULL,Not applicable,Does not have a sixth form,Church of England,Does not apply,Christian,South East,South East,Oxfordshire,Henley and Thame,RG8 0SR,NULL,NULL,NULL,NULL,1,74,4,11,10426040,S5 Inspection,S5 Inspection,Schools - S5,18/11/2025,06/02/2026,,Met,Expected standard,Expected standard,Expected standard,Needs attention,Expected standard,Needs attention,Not applicable,Expected standard
http://www.ofsted.gov.uk/inspection-reports/find-inspection-report/provider/139310,139310,8863349,Folkestone St. Mary's Church of England Primary Academy,Primary,Academy Converter,01/02/2013,Not applicable,Does not have a sixth form,Church of England,Does not apply,Christian,South East,South East,Kent,Folkestone and Hythe,CT19 6QH,NULL,NULL,NULL,NULL,5,416,2,11,10426694,S5 Inspection,S5 Inspection,Schools - S5,18/11/2025,21/01/2026,,Met,Expected standard,Needs attention,Needs attention,Needs attention,Expected standard,Expected standard,Not applicable,Expected standard
http://www.ofsted.gov.uk/inspection-reports/find-inspection-report/provider/141960,141960,3412036,Dovedale Community Primary School,Primary,Community School,01/09/2015,Not applicable,Does not have a sixth form,Does not apply,Does not apply,Non-faith,North West,North West,Liverpool,Liverpool Garston,L18 1JX,NULL,NULL,NULL,NULL,3,838,4,11,10426069,S5 Inspection,S5 Inspection,Schools - S5,18/11/2025,15/01/2026,,Met,Strong standard,Strong standard,Expected standard,Strong standard,Strong standard,Expected standard,Not applicable,Strong standard
http://www.ofsted.gov.uk/inspection-reports/find-inspection-report/provider/137079,137079,9374000,George Eliot Academy,Secondary,Academy Sponsor Led,01/09/2011,Non-selective,Not applicable,None,None,Non-faith,West Midlands,West Midlands,Warwickshire,Nuneaton,CV11 4QP,5143,UNITED LEARNING TRUST,5142,United Learning Trust,4,848,11,16,10426044,S5 Inspection,S5 Inspection,Schools - S5,18/11/2025,21/01/2026,,Met,Expected standard,Expected standard,Expected standard,Expected standard,Expected standard,Not applicable,Not applicable,Expected standard
http://www.ofsted.gov.uk/inspection-reports/find-inspection-report/provider/100234,100234,2042450,Orchard Primary School,Primary,Community School,NULL,Not applicable,Does not have a sixth form,Does not apply,Does not apply,Non-faith,London,London,Hackney,Hackney South and Shoreditch,E9 7BB,NULL,NULL,NULL,NULL,5,531,3,11,10426017,S5 Inspection,S5 Inspection,Schools - S5,18/11/2025,28/01/2026,,Met,Strong standard,Strong standard,Strong standard,Strong standard,Strong standard,Strong standard,Not applicable,Strong standard
http://www.ofsted.gov.uk/inspection-reports/find-inspection-report/provider/100193,100193,2034682,St Ursula's Convent School,Secondary,Voluntary Aided School,NULL,Non-selective,Does not have a sixth form,Roman Catholic,Does not apply,Christian,London,London,Greenwich,Greenwich and Woolwich,SE10 8HN,NULL,NULL,NULL,NULL,4,549,11,16,10426016,Requires Improvement S5 Reinspection Visit 1,Requires Improvement S5 Reinspection Visit 1,Schools - S5,18/11/2025,25/01/2026,,Met,Expected standard,Expected standard,Strong standard,Expected standard,Expected standard,Not applicable,Not applicable,Expected standard
http://www.ofsted.gov.uk/inspection-reports/find-inspection-report/provider/140018,140018,8152000,Thomas Hinderwell Primary Academy,Primary,Academy Sponsor Led,01/11/2013,Not applicable,Does not have a sixth form,Does not apply,None,Non-faith,"North East, Yorkshire and the Humber",Yorkshire and the Humber,North Yorkshire,Scarborough and Whitby,YO12 4HF,2854,The David Ross Education Trust,2853,The David Ross Education Trust,5,168,3,11,10427792,Requires Improvement S5 Reinspection Visit 1,Requires Improvement S5 Reinspection Visit 1,Schools - S5,18/11/2025,15/01/2026,,Met,Strong standard,Expected standard,Expected standard,Strong standard,Expected standard,Expected standard,Not applicable,Expected standard
http://www.ofsted.gov.uk/inspection-reports/find-inspection-report/provider/144628,144628,8672001,Great Hollands Primary School,Primary,Academy Sponsor Led,01/07/2017,Not applicable,Does not have a sixth form,Does not apply,Unknown,Non-faith,South East,South East,Bracknell Forest,Bracknell,RG12 8YR,15762,Maiden Erlegh Trust,3827,Maiden Erlegh Trust,3,278,3,11,10426085,S5 Inspection,S5 Inspection,Schools - S5,18/11/2025,26/01/2026,,Met,Strong standard,Expected standard,Expected standard,Strong standard,Strong standard,Expected standard,Not applicable,Strong standard
http://www.ofsted.gov.uk/inspection-reports/find-inspection-report/provider/139148,139148,3524281,Chorlton High School,Secondary,Academy Converter,01/01/2013,Non-selective,Does not have a sixth form,Does not apply,Does not apply,Non-faith,North West,North West,Manchester,Manchester Withington,M21 7SL,16846,PROSPERE LEARNING TRUST,2672,Prospere Learning Trust,4,1529,11,16,10426052,S5 Inspection,S5 Inspection,Schools - S5,18/11/2025,21/01/2026,,Met,Strong standard,Strong standard,Strong standard,Strong standard,Strong standard,Not applicable,Not applicable,Strong standard
http://www.ofsted.gov.uk/inspection-reports/find-inspection-report/provider/138591,138591,3352007,Goldsmith Primary Academy,Primary,Academy Sponsor Led,01/09/2012,Not applicable,Not applicable,None,None,Non-faith,West Midlands,West Midlands,Walsall,Walsall and Bloxwich,WS3 1DL,5361,Windsor Academy Trust,5360,Windsor Academy Trust,5,494,2,11,10426691,S5 Inspection,S5 Inspection,Schools - S5,18/11/2025,27/01/2026,,Met,Exceptional,Strong standard,Strong standard,Strong standard,Exceptional,Strong standard,Not applicable,Exceptional
http://www.ofsted.gov.uk/inspection-reports/find-inspection-report/provider/135958,135958,3086906,Oasis Academy Hadley,Secondary,Academy Sponsor Led,01/09/2009,Non-selective,Has a sixth form,Does not apply,None,Non-faith,London,London,Enfield,Enfield North,EN3 4PX,4076,OASIS COMMUNITY LEARNING,4075,Oasis Community Learning,5,1511,2,18,10426043,S5 Inspection,S5 Inspection,Schools - S5,18/11/2025,28/01/2026,,Met,Strong standard,Expected standard,Strong standard,Strong standard,Strong standard,Strong standard,Strong standard,Strong standard
http://www.ofsted.gov.uk/inspection-reports/find-inspection-report/provider/144191,144191,8512674,Highbury Primary School,Primary,Academy Converter,01/07/2017,Not applicable,Does not have a sixth form,Does not apply,Does not apply,Non-faith,South East,South East,Portsmouth,Portsmouth North,PO6 2RZ,5153,University of Chichester (Multi) Academy Trust,5154,University of Chichester (Multi) Academy Trust,4,411,4,11,10426080,S5 Inspection,S5 Inspection,Schools - S5,18/11/2025,21/01/2026,,Met,Strong standard,Expected standard,Expected standard,Expected standard,Expected standard,Expected standard,Not applicable,Expected standard
http://www.ofsted.gov.uk/inspection-reports/find-inspection-report/provider/144266,144266,8162012,Park Grove Primary Academy,Primary,Academy Converter,01/04/2017,Not applicable,Does not have a sixth form,Does not apply,Does not apply,Non-faith,"North East, Yorkshire and the Humber",Yorkshire and the Humber,York,York Central,YO31 8LG,3001,EBOR ACADEMY TRUST,3000,Ebor Academy Trust,3,264,5,11,10426081,S5 Inspection,S5 Inspection,Schools - S5,18/11/2025,22/01/2026,,Met,Expected standard,Expected standard,Needs attention,Expected standard,Expected standard,Expected standard,Not applicable,Expected standard
http://www.ofsted.gov.uk/inspection-reports/find-inspection-report/provider/116249,116249,8502752,Berrywood Primary School,Primary,Community School,NULL,Not applicable,Does not have a sixth form,Does not apply,Does not apply,Non-faith,South East,South East,Hampshire,Hamble Valley,SO30 2TL,NULL,NULL,NULL,NULL,1,627,4,11,10426034,S5 Inspection,S5 Inspection,Schools - S5,18/11/2025,28/01/2026,,Met,Expected standard,Expected standard,Expected standard,Expected standard,Strong standard,Expected standard,Not applicable,Expected standard
http://www.ofsted.gov.uk/inspection-reports/find-inspection-report/provider/109626,109626,8233331,Sutton CofE VA Primary School,Primary,Voluntary Aided School,NULL,Non-selective,Does not have a sixth form,Church of England,Does not apply,Christian,East of England,East of England,Central Bedfordshire,North Bedfordshire,SG19 2NE,NULL,NULL,NULL,NULL,2,87,4,11,10426028,S5 Inspection,S5 Inspection,Schools - S5,18/11/2025,21/01/2026,,Met,Strong standard,Expected standard,Expected standard,Strong standard,Strong standard,Expected standard,Not applicable,Strong standard
http://www.ofsted.gov.uk/inspection-reports/find-inspection-report/provider/141385,141385,8085951,Westlands Academy,Special,Academy Special Converter,01/09/2014,Unknown,Does not have a sixth form,Does not apply,None,Non-faith,"North East, Yorkshire and the Humber",North East,Stockton-on-Tees,Middlesbrough and Thornaby East,TS17 9RA,3483,Horizons Specialist Academy Trust,16217,Horizons Specialist Academy Trust,5,83,11,16,10426063,S5 Inspection,S5 Inspection,Schools - S5,18/11/2025,21/01/2026,,Met,Strong standard,Expected standard,Expected standard,Strong standard,Expected standard,Not applicable,Not applicable,Strong standard
http://www.ofsted.gov.uk/inspection-reports/find-inspection-report/provider/119408,119408,8893183,Turton and Edgworth CofE/Methodist Controlled Primary School,Primary,Voluntary Controlled School,NULL,Not applicable,Does not have a sixth form,Church of England/Methodist,Does not apply,Christian,North West,North West,Blackburn with Darwen,Rossendale and Darwen,BL7 0AH,NULL,NULL,NULL,NULL,1,185,4,11,10426036,S5 Inspection,S5 Inspection,Schools - S5,18/11/2025,27/01/2026,,Met,Strong standard,Strong standard,Strong standard,Strong standard,Strong standard,Strong standard,Not applicable,Strong standard
http://www.ofsted.gov.uk/inspection-reports/find-inspection-report/provider/138090,138090,8553343,"Saint John Fisher Catholic Voluntary Academy, Wigston, Leicestershire",Primary,Academy Converter,01/04/2012,Not applicable,Does not have a sixth form,Roman Catholic,Does not apply,Christian,East Midlands,East Midlands,Leicestershire,"Harborough, Oadby and Wigston",LE18 3QL,2354,ST THOMAS AQUINAS CATHOLIC MULTI ACADEMY TRUST,NULL,NULL,3,208,4,11,10426048,S5 Inspection,S5 Inspection,Schools - S5,18/11/2025,18/01/2026,,Met,Expected standard,Expected standard,Strong standard,Strong standard,Strong standard,Expected standard,Not applicable,Strong standard
http://www.ofsted.gov.uk/inspection-reports/find-inspection-report/provider/149371,149371,8552375,Ravenhurst Primary School,Primary,Academy Converter,01/11/2022,Not applicable,Does not have a sixth form,Does not apply,Does not apply,Non-faith,East Midlands,East Midlands,Leicestershire,Mid Leicestershire,LE3 2PS,3185,"Oadby, Wigston and Leicestershire Schools Academy Trust",NULL,NULL,3,379,5,11,10426102,S5 Inspection,S5 Inspection,Schools - S5,18/11/2025,16/01/2026,,Met,Strong standard,Expected standard,Expected standard,Expected standard,Expected standard,Expected standard,Not applicable,Expected standard
http://www.ofsted.gov.uk/inspection-reports/find-inspection-report/provider/105448,105448,3522232,Rack House Primary School,Primary,Community School,NULL,Not applicable,Does not have a sixth form,Does not apply,Does not apply,Non-faith,North West,North West,Manchester,Wythenshawe and Sale East,M23 0BT,NULL,NULL,NULL,NULL,5,449,2,11,10426023,S5 Inspection,S5 Inspection,Schools - S5,18/11/2025,26/01/2026,,Met,Strong standard,Expected standard,Expected standard,Expected standard,Expected standard,Expected standard,Not applicable,Expected standard
http://www.ofsted.gov.uk/inspection-reports/find-inspection-report/provider/150263,150263,8734016,Vista Academy Littleport,Secondary,Academy Sponsor Led,01/09/2023,Unknown,Does not have a sixth form,Does not apply,None,Non-faith,East of England,East of England,Cambridgeshire,Ely and East Cambridgeshire,CB6 1EW,16402,EASTERN LEARNING ALLIANCE,17255,Eastern Learning Alliance,2,532,11,16,10426112,Academy First Section 5,Academy First Section 5,Schools - S5,18/11/2025,02/02/2026,,Met,Expected standard,Expected standard,Needs attention,Expected standard,Expected standard,Not applicable,Not applicable,Expected standard
http://www.ofsted.gov.uk/inspection-reports/find-inspection-report/provider/105688,105688,3533005,Woodhouses Voluntary Primary School,Primary,Voluntary Controlled School,NULL,Not applicable,Does not have a sixth form,Church of England/Free Church,Does not apply,Christian,North West,North West,Oldham,Manchester Central,M35 9WL,NULL,NULL,NULL,NULL,4,134,4,11,10426025,S5 Inspection,S5 Inspection,Schools - S5,19/11/2025,29/01/2026,,Met,Expected standard,Expected standard,Expected standard,Expected standard,Expected standard,Expected standard,Not applicable,Expected standard
http://www.ofsted.gov.uk/inspection-reports/find-inspection-report/provider/141865,141865,3917033,Trinity Academy Newcastle,Special,Academy Special Converter,01/03/2015,Not applicable,Does not have a sixth form,Does not apply,None,Non-faith,"North East, Yorkshire and the Humber",North East,Newcastle upon Tyne,Newcastle upon Tyne Central and West,NE4 8XJ,16041,Trinity Academy Newcastle,17276,Trinity Academy Newcastle,5,206,5,16,10430051,S8 No Formal Designation Visit,Section 8 deemed section 5 (excluding short inspections),Schools - S8 deemed S5,20/11/2025,28/01/2026,SM,Not met,Urgent improvement,Urgent improvement,Urgent improvement,Urgent improvement,Urgent improvement,Not applicable,Not applicable,Urgent improvement
http://www.ofsted.gov.uk/inspection-reports/find-inspection-report/provider/142174,142174,8416000,Polam Hall School,Secondary,Free School,01/09/2015,Unknown,Does not have a sixth form,None,None,Non-faith,"North East, Yorkshire and the Humber",North East,Darlington,Darlington,DL1 5PA,5385,Woodard Academies Trust,5384,Woodard Academies Trust,4,841,4,16,10426072,S5 Inspection,S5 Inspection,Schools - S5,25/11/2025,18/01/2026,,Met,Expected standard,Expected standard,Expected standard,Expected standard,Strong standard,Expected standard,Not applicable,Expected standard
http://www.ofsted.gov.uk/inspection-reports/find-inspection-report/provider/141308,141308,8863119,Adisham Church of England Primary School,Primary,Academy Converter,01/09/2014,Not applicable,Does not have a sixth form,Church of England,Does not apply,Christian,South East,South East,Kent,Canterbury,CT3 3JW,4850,The Stour Academy Trust,5037,The Stour Academy Trust,3,102,4,11,10426062,S5 Inspection,S5 Inspection,Schools - S5,25/11/2025,27/01/2026,,Met,Exceptional,Strong standard,Strong standard,Strong standard,Strong standard,Strong standard,Not applicable,Strong standard
http://www.ofsted.gov.uk/inspection-reports/find-inspection-report/provider/111282,111282,8963164,Malpas Alport Endowed Primary School,Primary,Community School,NULL,Not applicable,Does not have a sixth form,None,Does not apply,Non-faith,North West,North West,Cheshire West and Chester,Chester South and Eddisbury,SY14 8PY,NULL,NULL,NULL,NULL,2,277,2,11,10426680,Requires Improvement S5 Reinspection Visit 1,Requires Improvement S5 Reinspection Visit 1,Schools - S5,25/11/2025,02/02/2026,,Met,Expected standard,Expected standard,Expected standard,Expected standard,Strong standard,Strong standard,Not applicable,Expected standard
http://www.ofsted.gov.uk/inspection-reports/find-inspection-report/provider/104783,104783,3422066,Eccleston Mere Primary School,Primary,Community School,NULL,Not applicable,Does not have a sixth form,Does not apply,Does not apply,Non-faith,North West,North West,St Helens,St Helens South and Whiston,WA10 5NX,NULL,NULL,NULL,NULL,3,403,2,11,10427855,S5 Inspection,S5 Inspection,Schools - S5,25/11/2025,01/02/2026,,Met,Expected standard,Expected standard,Expected standard,Expected standard,Strong standard,Expected standard,Not applicable,Expected standard
http://www.ofsted.gov.uk/inspection-reports/find-inspection-report/provider/150076,150076,8783461,St George's CofE Infant and Nursery School,Primary,Academy Converter,01/10/2023,Not applicable,Does not have a sixth form,Church of England,Does not apply,Christian,South West,South West,Devon,Torridge and Tavistock,EX39 1HT,4243,THE HARBOUR SCHOOLS PARTNERSHIP,5005,Ventrus Limited,3,100,3,7,10426712,S5 Inspection,S5 Inspection,Schools - S5,25/11/2025,25/01/2026,,Met,Strong standard,Expected standard,Expected standard,Expected standard,Expected standard,Expected standard,Not applicable,Expected standard
http://www.ofsted.gov.uk/inspection-reports/find-inspection-report/provider/149317,149317,8883954,"St Teresa's Catholic Primary School, Preston",Primary,Academy Converter,01/12/2022,Not applicable,Does not have a sixth form,Roman Catholic,Does not apply,Christian,North West,North West,Lancashire,Preston,PR1 4RH,17589,MATER ECCLESIAE CATHOLIC MULTI-ACADEMY TRUST,NULL,NULL,5,206,3,11,10426100,S5 Inspection,S5 Inspection,Schools - S5,25/11/2025,21/01/2026,,Met,Expected standard,Needs attention,Needs attention,Expected standard,Expected standard,Needs attention,Not applicable,Expected standard
http://www.ofsted.gov.uk/inspection-reports/find-inspection-report/provider/144581,144581,8512715,Meon Junior School,Primary,Academy Converter,01/07/2017,Not applicable,Does not have a sixth form,Does not apply,Does not apply,Non-faith,South East,South East,Portsmouth,Portsmouth South,PO4 8NT,5049,The Thinking Schools Academy Trust,5039,The Thinking Schools Academy Trust,3,349,7,11,10428842,S5 Inspection,S5 Inspection,Schools - S5,25/11/2025,29/01/2026,,Met,Strong standard,Expected standard,Expected standard,Expected standard,Strong standard,Not applicable,Not applicable,Strong standard
http://www.ofsted.gov.uk/inspection-reports/find-inspection-report/provider/115859,115859,8502012,Oakridge Infant School,Primary,Community School,NULL,Not applicable,Does not have a sixth form,Does not apply,Does not apply,Non-faith,South East,South East,Hampshire,Basingstoke,RG21 5RR,NULL,NULL,NULL,NULL,3,325,2,7,10426032,S5 Inspection,S5 Inspection,Schools - S5,25/11/2025,02/02/2026,,Met,Strong standard,Strong standard,Strong standard,Strong standard,Strong standard,Strong standard,Not applicable,Strong standard
http://www.ofsted.gov.uk/inspection-reports/find-inspection-report/provider/149642,149642,3727009,The Willows School,Special,Academy Special Converter,01/09/2023,Not applicable,Has a sixth form,Does not apply,Does not apply,Non-faith,"North East, Yorkshire and the Humber",Yorkshire and the Humber,Rotherham,Rother Valley,S66 9NT,16125,Nexus Multi Academy Trust,16132,Nexus Multi Academy Trust,4,190,7,19,10426708,S5 Inspection,S5 Inspection,Schools - S5,25/11/2025,01/02/2026,,Met,Expected standard,Needs attention,Expected standard,Strong standard,Strong standard,Not applicable,Expected standard,Expected standard
http://www.ofsted.gov.uk/inspection-reports/find-inspection-report/provider/130864,130864,3842186,South Kirkby Common Road Infant and Nursery School,Primary,Community School,01/09/1996,Not applicable,Does not have a sixth form,Does not apply,Does not apply,Non-faith,"North East, Yorkshire and the Humber",Yorkshire and the Humber,Wakefield,Normanton and Hemsworth,WF9 3EA,NULL,NULL,NULL,NULL,5,202,3,7,10426041,S5 Inspection,S5 Inspection,Schools - S5,25/11/2025,02/02/2026,,Met,Strong standard,Strong standard,Strong standard,Expected standard,Strong standard,Expected standard,Not applicable,Strong standard
http://www.ofsted.gov.uk/inspection-reports/find-inspection-report/provider/108167,108167,3842084,West Bretton Junior and Infant School,Primary,Community School,NULL,Not applicable,Does not have a sixth form,Does not apply,Does not apply,Non-faith,"North East, Yorkshire and the Humber",Yorkshire and the Humber,Wakefield,Ossett and Denby Dale,WF4 4LB,NULL,NULL,NULL,NULL,1,111,3,11,10426679,S5 Inspection,S5 Inspection,Schools - S5,25/11/2025,02/02/2026,,Met,Strong standard,Expected standard,Expected standard,Strong standard,Strong standard,Strong standard,Not applicable,Expected standard
http://www.ofsted.gov.uk/inspection-reports/find-inspection-report/provider/115891,115891,8502071,Fair Oak Infant School,Primary,Community School,NULL,Not applicable,Does not have a sixth form,Does not apply,Does not apply,Non-faith,South East,South East,Hampshire,Eastleigh,SO50 7AN,NULL,NULL,NULL,NULL,1,388,4,7,10426033,S5 Inspection,S5 Inspection,Schools - S5,25/11/2025,12/02/2026,,Met,Expected standard,Expected standard,Expected standard,Strong standard,Strong standard,Strong standard,Not applicable,Expected standard
http://www.ofsted.gov.uk/inspection-reports/find-inspection-report/provider/137677,137677,3201109,Hawkswood (Therapeutic),Alternative provision,Pupil Referral Unit,01/12/2011,Not applicable,Not applicable,Does not apply,Does not apply,Non-faith,London,London,Waltham Forest,Chingford and Woodford Green,E4 7RT,NULL,NULL,NULL,NULL,1,0,11,16,10426046,S5 Inspection,S5 Inspection,Schools - S5,25/11/2025,03/02/2026,,Met,Strong standard,Strong standard,Strong standard,Strong standard,Strong standard,Not applicable,Not applicable,Strong standard
http://www.ofsted.gov.uk/inspection-reports/find-inspection-report/provider/105986,105986,3554616,St Patrick's RC High School,Secondary,Voluntary Aided School,NULL,Non-selective,Does not have a sixth form,Roman Catholic,Does not apply,Christian,North West,North West,Salford,Worsley and Eccles,M30 7JJ,NULL,NULL,NULL,NULL,4,928,11,16,10426678,S5 Inspection,S5 Inspection,Schools - S5,25/11/2025,21/01/2026,,Met,Strong standard,Strong standard,Strong standard,Strong standard,Strong standard,Not applicable,Not applicable,Strong standard
http://www.ofsted.gov.uk/inspection-reports/find-inspection-report/provider/105491,105491,3523015,St Chrysostom's CofE Primary School,Primary,Voluntary Controlled School,NULL,Not applicable,Does not have a sixth form,Church of England,Does not apply,Christian,North West,North West,Manchester,Manchester Rusholme,M13 0DX,NULL,NULL,NULL,NULL,5,435,3,11,10429609,S5 Inspection,S5 Inspection,Schools - S5,25/11/2025,05/02/2026,,Met,Expected standard,Expected standard,Expected standard,Expected standard,Expected standard,Expected standard,Not applicable,Expected standard
http://www.ofsted.gov.uk/inspection-reports/find-inspection-report/provider/102472,102472,3132007,Cavendish Primary School,Primary,Community School,NULL,Not applicable,Does not have a sixth form,Does not apply,Does not apply,Non-faith,London,London,Hounslow,Hammersmith and Chiswick,W4 2RG,NULL,NULL,NULL,NULL,4,179,3,11,10427499,S5 Inspection,S5 Inspection,Schools - S5,25/11/2025,26/01/2026,,Met,Strong standard,Expected standard,Expected standard,Expected standard,Strong standard,Strong standard,Not applicable,Expected standard
http://www.ofsted.gov.uk/inspection-reports/find-inspection-report/provider/144929,144929,8154232,Barlby High School,Secondary,Academy Converter,01/09/2017,Non-selective,Does not have a sixth form,Does not apply,Does not apply,Non-faith,"North East, Yorkshire and the Humber",Yorkshire and the Humber,North Yorkshire,Selby,YO8 5JP,5632,HEARTWOOD LEARNING TRUST,16187,Hope Sentamu Learning Trust,1,480,11,16,10426088,Requires Improvement S5 Reinspection Visit 1,Requires Improvement S5 Reinspection Visit 1,Schools - S5,25/11/2025,21/01/2026,,Met,Expected standard,Expected standard,Expected standard,Needs attention,Expected standard,Not applicable,Not applicable,Expected standard
http://www.ofsted.gov.uk/inspection-reports/find-inspection-report/provider/144798,144798,8772403,Great Sankey Primary School,Primary,Academy Converter,01/06/2017,Not applicable,Does not have a sixth form,Does not apply,Does not apply,Non-faith,North West,North West,Warrington,Warrington South,WA5 1SB,16682,The Challenge Academy Trust,16714,The Challenge Academy Trust,1,348,3,11,10426700,S5 Inspection,S5 Inspection,Schools - S5,25/11/2025,26/01/2026,,Met,Strong standard,Strong standard,Strong standard,Strong standard,Strong standard,Strong standard,Not applicable,Strong standard
http://www.ofsted.gov.uk/inspection-reports/find-inspection-report/provider/145387,145387,8772420,Park Road Community Primary School,Primary,Academy Converter,01/01/2018,Not applicable,Does not have a sixth form,Does not apply,Does not apply,Non-faith,North West,North West,Warrington,Warrington South,WA5 3EF,16903,OMEGA MULTI-ACADEMY TRUST,17258,Omega Multi-Academy Trust,1,209,5,11,10426092,S5 Inspection,S5 Inspection,Schools - S5,25/11/2025,22/01/2026,,Met,Strong standard,Expected standard,Expected standard,Strong standard,Strong standard,Expected standard,Not applicable,Strong standard
http://www.ofsted.gov.uk/inspection-reports/find-inspection-report/provider/140070,140070,8303519,English Martyrs' Catholic Voluntary Academy,Primary,Academy Converter,01/09/2013,Not applicable,Does not have a sixth form,Roman Catholic,Does not apply,Christian,East Midlands,East Midlands,Derbyshire,Erewash,NG10 4DA,4442,ST RALPH SHERWIN CATHOLIC MULTI ACADEMY TRUST,16216,St Ralph Sherwin Catholic Multi Academy Trust,3,246,4,11,10430357,Requires Improvement S5 Reinspection Visit 1,Requires Improvement S5 Reinspection Visit 1,Schools - S5,25/11/2025,15/01/2026,,Met,Strong standard,Strong standard,Expected standard,Strong standard,Strong standard,Strong standard,Not applicable,Strong standard
http://www.ofsted.gov.uk/inspection-reports/find-inspection-report/provider/149425,149425,8502065,Ashford Hill Primary School,Primary,Academy Sponsor Led,01/11/2022,Not applicable,Does not have a sixth form,Does not apply,Does not apply,Non-faith,South East,South East,Hampshire,North West Hampshire,RG19 8BB,15858,THE THAMES LEARNING TRUST,5500,The Thames Learning Trust,1,104,4,11,10426103,Academy First Section 5,Academy First Section 5,Schools - S5,25/11/2025,21/01/2026,,Met,Strong standard,Expected standard,Expected standard,Strong standard,Strong standard,Strong standard,Not applicable,Strong standard
http://www.ofsted.gov.uk/inspection-reports/find-inspection-report/provider/109476,109476,8232118,Ridgmont Lower School,Primary,Community School,NULL,Not applicable,Does not have a sixth form,Does not apply,Does not apply,Non-faith,East of England,East of England,Central Bedfordshire,Mid Bedfordshire,MK43 0TS,NULL,NULL,NULL,NULL,2,9,3,9,10428203,Requires Improvement S5 Reinspection Visit 1,Requires Improvement S5 Reinspection Visit 1,Schools - S5,25/11/2025,29/01/2026,,Met,Expected standard,Expected standard,Expected standard,Strong standard,Expected standard,Not applicable,Not applicable,Expected standard
http://www.ofsted.gov.uk/inspection-reports/find-inspection-report/provider/101243,101243,3014023,Eastbrook School,Secondary,Community School,NULL,Non-selective,Has a sixth form,Does not apply,Does not apply,Non-faith,London,London,Barking and Dagenham,Dagenham and Rainham,RM10 7UR,NULL,NULL,NULL,NULL,4,1198,4,19,10429090,S5 Inspection,S5 Inspection,Schools - S5,25/11/2025,18/01/2026,,Met,Strong standard,Expected standard,Expected standard,Strong standard,Expected standard,Strong standard,Expected standard,Strong standard
http://www.ofsted.gov.uk/inspection-reports/find-inspection-report/provider/138577,138577,3912008,Welbeck Academy,Primary,Academy Sponsor Led,01/09/2012,Not applicable,Not applicable,None,None,Non-faith,"North East, Yorkshire and the Humber",North East,Newcastle upon Tyne,Newcastle upon Tyne East and Wallsend,NE6 2QL,5370,WISE ACADEMIES,5369,WISE Academies,5,472,2,11,10426690,Requires Improvement S5 Reinspection Visit 1,Requires Improvement S5 Reinspection Visit 1,Schools - S5,25/11/2025,28/01/2026,,Met,Strong standard,Strong standard,Expected standard,Strong standard,Strong standard,Strong standard,Not applicable,Strong standard
http://www.ofsted.gov.uk/inspection-reports/find-inspection-report/provider/135265,135265,9313861,Dunmore Primary School,Primary,Community School,01/01/2008,Not applicable,Does not have a sixth form,Does not apply,Does not apply,Non-faith,South East,South East,Oxfordshire,Oxford West and Abingdon,OX14 1NR,NULL,NULL,NULL,NULL,1,431,2,11,10426685,S5 Inspection,S5 Inspection,Schools - S5,25/11/2025,22/01/2026,,Met,Expected standard,Expected standard,Expected standard,Expected standard,Expected standard,Expected standard,Not applicable,Expected standard
http://www.ofsted.gov.uk/inspection-reports/find-inspection-report/provider/102879,102879,3177004,New Rush Hall School,Special,Community Special School,NULL,Not applicable,Not applicable,Does not apply,Does not apply,Non-faith,London,London,Redbridge,Ilford North,IG6 2LB,NULL,NULL,NULL,NULL,3,91,5,16,10426019,S5 Inspection,S5 Inspection,Schools - S5,25/11/2025,19/01/2026,,Met,Exceptional,Strong standard,Strong standard,Strong standard,Exceptional,Not applicable,Not applicable,Strong standard
http://www.ofsted.gov.uk/inspection-reports/find-inspection-report/provider/141883,141883,3834068,Temple Learning Academy,Secondary,Free School,01/09/2015,Unknown,Does not have a sixth form,None,None,Non-faith,"North East, Yorkshire and the Humber",Yorkshire and the Humber,Leeds,Leeds South,LS15 0NN,15727,RED KITE LEARNING TRUST,16579,Red Kite Learning Trust,5,964,4,16,10426699,Requires Improvement S5 Reinspection Visit 1,Requires Improvement S5 Reinspection Visit 1,Schools - S5,25/11/2025,01/02/2026,,Met,Needs attention,Needs attention,Needs attention,Expected standard,Expected standard,Expected standard,Not applicable,Needs attention
http://www.ofsted.gov.uk/inspection-reports/find-inspection-report/provider/149507,149507,8053006,Greatham CofE Primary School,Primary,Academy Converter,01/12/2022,Not applicable,Does not have a sixth form,Church of England,Does not apply,Christian,"North East, Yorkshire and the Humber",North East,Hartlepool,Hartlepool,TS25 2EU,17481,MELROSE LEARNING TRUST,2903,Diocese of Durham,3,97,3,11,10426106,S5 Inspection,S5 Inspection,Schools - S5,25/11/2025,26/01/2026,,Met,Strong standard,Strong standard,Strong standard,Strong standard,Strong standard,Strong standard,Not applicable,Strong standard
http://www.ofsted.gov.uk/inspection-reports/find-inspection-report/provider/139154,139154,9194008,Hitchin Boys' School,Secondary,Academy Converter,01/01/2013,Non-selective,Has a sixth form,Does not apply,Does not apply,Non-faith,East of England,East of England,Hertfordshire,Hitchin,SG5 1JB,NULL,NULL,NULL,NULL,1,1357,11,18,10428623,S5 Inspection,S5 Inspection,Schools - S5,25/11/2025,01/02/2026,,Met,Exceptional,Strong standard,Strong standard,Exceptional,Exceptional,Not applicable,Strong standard,Exceptional
http://www.ofsted.gov.uk/inspection-reports/find-inspection-report/provider/104629,104629,3413507,Christ The King Catholic Primary School,Primary,Voluntary Aided School,NULL,Not applicable,Does not have a sixth form,Roman Catholic,Does not apply,Christian,North West,North West,Liverpool,Liverpool Wavertree,L15 7LZ,NULL,NULL,NULL,NULL,3,413,4,11,10426020,S5 Inspection,S5 Inspection,Schools - S5,25/11/2025,21/01/2026,,Met,Expected standard,Expected standard,Needs attention,Expected standard,Strong standard,Expected standard,Not applicable,Expected standard
http://www.ofsted.gov.uk/inspection-reports/find-inspection-report/provider/145571,145571,3812016,West Vale Academy,Primary,Academy Sponsor Led,01/03/2018,Not applicable,Does not have a sixth form,None,None,Non-faith,"North East, Yorkshire and the Humber",Yorkshire and the Humber,Calderdale,Calder Valley,HX4 8LS,16954,GREAT HEIGHTS ACADEMY TRUST,3254,Great Heights Academy Trust,4,84,4,11,10426703,S5 Inspection,S5 Inspection,Schools - S5,25/11/2025,26/01/2026,,Met,Expected standard,Expected standard,Expected standard,Expected standard,Expected standard,Expected standard,Not applicable,Expected standard
http://www.ofsted.gov.uk/inspection-reports/find-inspection-report/provider/149784,149784,8014016,Oasis Academy Temple Quarter,Secondary,Free School,01/09/2023,Non-selective,Has a sixth form,None,None,Non-faith,South West,South West,Bristol,Bristol South,BS3 4PZ,4076,OASIS COMMUNITY LEARNING,4075,Oasis Community Learning,3,278,11,18,10426109,S5 Inspection,S5 Inspection,Schools - S5,25/11/2025,13/02/2026,,Met,Expected standard,Expected standard,Expected standard,Expected standard,Expected standard,Not applicable,Not applicable,Expected standard
http://www.ofsted.gov.uk/inspection-reports/find-inspection-report/provider/140530,140530,9375200,"Tudor Grange Primary Academy, Haselor",Primary,Academy Converter,01/01/2014,Not applicable,Does not have a sixth form,None,Does not apply,Non-faith,West Midlands,West Midlands,Warwickshire,Stratford-on-Avon,B49 6LU,5128,Tudor Grange Academies Trust,5127,Tudor Grange Academies Trust,2,105,3,11,10426060,S5 Inspection,S5 Inspection,Schools - S5,25/11/2025,22/01/2026,,Met,Strong standard,Expected standard,Expected standard,Strong standard,Expected standard,Expected standard,Not applicable,Strong standard
http://www.ofsted.gov.uk/inspection-reports/find-inspection-report/provider/144502,144502,3024010,The Totteridge Academy,Secondary,Academy Sponsor Led,01/11/2016,Unknown,Has a sixth form,None,None,Non-faith,London,London,Barnet,Chipping Barnet,N20 8AZ,5143,UNITED LEARNING TRUST,5142,United Learning Trust,2,1003,11,18,10426082,S5 Inspection,S5 Inspection,Schools - S5,25/11/2025,19/01/2026,,Met,Exceptional,Exceptional,Exceptional,Strong standard,Exceptional,Not applicable,Strong standard,Exceptional
http://www.ofsted.gov.uk/inspection-reports/find-inspection-report/provider/139918,139918,3334002,Wodensborough Ormiston Academy,Secondary,Academy Sponsor Led,01/11/2013,Non-selective,Does not have a sixth form,Does not apply,None,Non-faith,West Midlands,West Midlands,Sandwell,Tipton and Wednesbury,WS10 0DR,4106,Ormiston Academies Trust,4105,Ormiston Academies Trust,5,1141,11,16,10426057,S5 Inspection,S5 Inspection,Schools - S5,25/11/2025,29/01/2026,,Met,Expected standard,Expected standard,Needs attention,Expected standard,Expected standard,Not applicable,Expected standard,Expected standard
http://www.ofsted.gov.uk/inspection-reports/find-inspection-report/provider/118438,118438,8862434,West Minster Primary School,Primary,Community School,NULL,Not applicable,Does not have a sixth form,Does not apply,Does not apply,Non-faith,South East,South East,Kent,Sittingbourne and Sheppey,ME12 1ET,NULL,NULL,NULL,NULL,5,472,2,11,10426682,S5 Inspection,S5 Inspection,Schools - S5,25/11/2025,21/01/2026,,Met,Strong standard,Expected standard,Strong standard,Expected standard,Strong standard,Strong standard,Not applicable,Expected standard
http://www.ofsted.gov.uk/inspection-reports/find-inspection-report/provider/149587,149587,8083394,Barley Fields Primary ,Primary,Academy Converter,01/03/2023,Not applicable,Does not have a sixth form,Does not apply,Does not apply,Non-faith,"North East, Yorkshire and the Humber",North East,Stockton-on-Tees,Stockton West,TS17 0QP,17112,PRINCE REGENT STREET TRUST,NULL,NULL,1,683,3,11,10426107,S5 Inspection,S5 Inspection,Schools - S5,25/11/2025,05/02/2026,,Met,Strong standard,Expected standard,Strong standard,Strong standard,Expected standard,Expected standard,Not applicable,Strong standard
http://www.ofsted.gov.uk/inspection-reports/find-inspection-report/provider/140348,140348,9362024,Kenyngton Manor Primary School,Primary,Academy Sponsor Led,01/12/2013,Not applicable,Does not have a sixth form,Does not apply,None,Non-faith,South East,South East,Surrey,Spelthorne,TW16 7QL,3493,The Howard Partnership Trust,4981,The Howard Partnership Trust,4,446,2,11,10429724,S5 Inspection,S5 Inspection,Schools - S5,25/11/2025,15/01/2026,,Met,Strong standard,Expected standard,Expected standard,Expected standard,Strong standard,Expected standard,Not applicable,Strong standard
http://www.ofsted.gov.uk/inspection-reports/find-inspection-report/provider/100749,100749,2094636,"Trinity Church of England School, Lewisham",Secondary,Voluntary Aided School,NULL,Non-selective,Does not have a sixth form,Church of England,Does not apply,Christian,London,London,Lewisham,Lewisham East,SE12 8PD,NULL,NULL,NULL,NULL,4,1051,4,16,10426018,S5 Inspection,S5 Inspection,Schools - S5,25/11/2025,21/01/2026,,Met,Strong standard,Strong standard,Strong standard,Strong standard,Strong standard,Strong standard,Not applicable,Strong standard
http://www.ofsted.gov.uk/inspection-reports/find-inspection-report/provider/142094,142094,8607039,Saxon Hill Academy,Special,Academy Special Converter,01/11/2015,Not applicable,Has a sixth form,Does not apply,None,Non-faith,West Midlands,West Midlands,Staffordshire,Lichfield,WS14 9DE,4499,THE SHAW EDUCATION TRUST,5025,The Shaw Education Trust,3,133,2,19,10426071,S5 Inspection,S5 Inspection,Schools - S5,25/11/2025,18/01/2026,,Met,Strong standard,Strong standard,Strong standard,Strong standard,Strong standard,Not applicable,Strong standard,Strong standard
http://www.ofsted.gov.uk/inspection-reports/find-inspection-report/provider/149946,149946,8032317,Blackhorse Primary School,Primary,Academy Converter,01/09/2023,Not applicable,Does not have a sixth form,Does not apply,Does not apply,Non-faith,South West,South West,South Gloucestershire,Filton and Bradley Stoke,BS16 6TR,17691,THE LEAF TRUST,NULL,NULL,1,421,4,11,10426110,S5 Inspection,S5 Inspection,Schools - S5,25/11/2025,26/01/2026,,Met,Strong standard,Expected standard,Expected standard,Strong standard,Strong standard,Expected standard,Not applicable,Expected standard
http://www.ofsted.gov.uk/inspection-reports/find-inspection-report/provider/147155,147155,3322011,Northfield Road Primary School,Primary,Academy Sponsor Led,01/07/2019,Not applicable,Does not have a sixth form,Does not apply,Does not apply,Non-faith,West Midlands,West Midlands,Dudley,Stourbridge,DY2 9ER,16572,Stour Vale Academy Trust,16807,Stour Vale Academy Trust,5,373,4,11,10426096,Requires Improvement S5 Reinspection Visit 1,Requires Improvement S5 Reinspection Visit 1,Schools - S5,25/11/2025,25/01/2026,,Met,Expected standard,Expected standard,Expected standard,Expected standard,Expected standard,Expected standard,Not applicable,Expected standard
http://www.ofsted.gov.uk/inspection-reports/find-inspection-report/provider/115509,115509,9162050,Chalford Hill Primary School,Primary,Community School,NULL,Not applicable,Does not have a sixth form,Does not apply,Does not apply,Non-faith,South West,South West,Gloucestershire,Stroud,GL6 8LG,NULL,NULL,NULL,NULL,1,196,5,11,10426031,Requires Improvement S5 Reinspection Visit 1,Requires Improvement S5 Reinspection Visit 1,Schools - S5,25/11/2025,21/01/2026,,Met,Expected standard,Expected standard,Expected standard,Expected standard,Strong standard,Expected standard,Not applicable,Expected standard
http://www.ofsted.gov.uk/inspection-reports/find-inspection-report/provider/105090,105090,3443371,St Michael and All Angels Catholic Primary School,Primary,Voluntary Aided School,NULL,Not applicable,Does not have a sixth form,Roman Catholic,Does not apply,Christian,North West,North West,Wirral,Wirral West,CH49 5LE,NULL,NULL,NULL,NULL,5,216,2,11,10426021,S5 Inspection,S5 Inspection,Schools - S5,25/11/2025,22/01/2026,,Met,Strong standard,Strong standard,Expected standard,Expected standard,Strong standard,Strong standard,Not applicable,Strong standard
http://www.ofsted.gov.uk/inspection-reports/find-inspection-report/provider/133364,133364,3022078,Pardes House Primary School,Primary,Voluntary Aided School,01/09/2001,Not applicable,Does not have a sixth form,Jewish,Does not apply,Jewish,London,London,Barnet,Finchley and Golders Green,N3 1SA,NULL,NULL,NULL,NULL,1,355,4,11,10428457,S5 Inspection,S5 Inspection,Schools - S5,25/11/2025,03/02/2026,,Met,Expected standard,Expected standard,Expected standard,Strong standard,Strong standard,Expected standard,Not applicable,Expected standard
http://www.ofsted.gov.uk/inspection-reports/find-inspection-report/provider/139053,139053,8882000,Pendle Primary Academy,Primary,Academy Sponsor Led,01/03/2013,Not applicable,Does not have a sixth form,Does not apply,None,Non-faith,North West,North West,Lancashire,Burnley,BB9 5AW,4174,Pendle Education Trust,3963,Pendle Education Trust,4,423,4,11,10426692,S5 Inspection,S5 Inspection,Schools - S5,25/11/2025,21/01/2026,,Met,Expected standard,Expected standard,Expected standard,Expected standard,Expected standard,Expected standard,Not applicable,Expected standard
http://www.ofsted.gov.uk/inspection-reports/find-inspection-report/provider/119804,119804,8884797,"Mount Carmel Roman Catholic High School, Hyndburn",Secondary,Voluntary Aided School,NULL,Non-selective,Does not have a sixth form,Roman Catholic,Does not apply,Christian,North West,North West,Lancashire,Hyndburn,BB5 0LU,NULL,NULL,NULL,NULL,5,795,11,16,10427790,S5 Inspection,S5 Inspection,Schools - S5,25/11/2025,26/01/2026,,Met,Strong standard,Expected standard,Expected standard,Expected standard,Strong standard,Not applicable,Not applicable,Expected standard
http://www.ofsted.gov.uk/inspection-reports/find-inspection-report/provider/150119,150119,3442007,Woodchurch Road Academy,Primary,Academy Sponsor Led,01/10/2023,Not applicable,Does not have a sixth form,Does not apply,Does not apply,Non-faith,North West,North West,Wirral,Birkenhead,CH42 9LJ,5455,CHESHIRE ACADEMIES TRUST,17683,Cheshire Academies Trust,5,192,3,11,10426713,Academy First Section 5,Academy First Section 5,Schools - S5,25/11/2025,01/02/2026,,Met,Expected standard,Expected standard,Expected standard,Expected standard,Expected standard,Expected standard,Not applicable,Expected standard
http://www.ofsted.gov.uk/inspection-reports/find-inspection-report/provider/143810,143810,3842069,Middlestown Primary Academy,Primary,Academy Converter,01/12/2016,Not applicable,Does not have a sixth form,Does not apply,Does not apply,Non-faith,"North East, Yorkshire and the Humber",Yorkshire and the Humber,Wakefield,Ossett and Denby Dale,WF4 4QE,16259,ACCORD MULTI ACADEMY TRUST,NULL,NULL,3,205,2,11,10426077,S5 Inspection,S5 Inspection,Schools - S5,25/11/2025,01/02/2026,,Met,Strong standard,Strong standard,Strong standard,Strong standard,Strong standard,Expected standard,Not applicable,Strong standard
http://www.ofsted.gov.uk/inspection-reports/find-inspection-report/provider/109515,109515,8232188,Linslade Lower School,Primary,Community School,NULL,Not applicable,Does not have a sixth form,Does not apply,Does not apply,Non-faith,East of England,East of England,Central Bedfordshire,Dunstable and Leighton Buzzard,LU7 2QU,NULL,NULL,NULL,NULL,2,173,3,9,10426027,S5 Inspection,S5 Inspection,Schools - S5,25/11/2025,04/02/2026,,Met,Expected standard,Expected standard,Expected standard,Expected standard,Expected standard,Expected standard,Not applicable,Expected standard
http://www.ofsted.gov.uk/inspection-reports/find-inspection-report/provider/144253,144253,3362073,Parkfield Primary School,Primary,Academy Converter,01/06/2017,Not applicable,Does not have a sixth form,Does not apply,Does not apply,Non-faith,West Midlands,West Midlands,Wolverhampton,Wolverhampton South East,WV4 6HB,16690,IGNITE LEARNING PARTNERSHIP,NULL,NULL,5,207,5,11,10428785,S5 Inspection,S5 Inspection,Schools - S5,02/12/2025,22/01/2026,,Met,Expected standard,Expected standard,Expected standard,Needs attention,Expected standard,Expected standard,Not applicable,Expected standard
http://www.ofsted.gov.uk/inspection-reports/find-inspection-report/provider/139685,139685,8862024,Copperfield Academy,Primary,Academy Sponsor Led,01/11/2013,Not applicable,Does not have a sixth form,Does not apply,None,Non-faith,South East,South East,Kent,Gravesham,DA11 0RB,4320,REAch2 Academy Trust,4318,REAch2 Academy Trust,4,466,3,11,10426695,S5 Inspection,S5 Inspection,Schools - S5,02/12/2025,12/02/2026,,Met,Expected standard,Expected standard,Expected standard,Strong standard,Expected standard,Expected standard,Not applicable,Expected standard
http://www.ofsted.gov.uk/inspection-reports/find-inspection-report/provider/130261,130261,8882833,Longsands Community Primary School,Primary,Community School,29/11/1995,Not applicable,Does not have a sixth form,Does not apply,Does not apply,Non-faith,North West,North West,Lancashire,Preston,PR2 9PS,NULL,NULL,NULL,NULL,1,213,4,11,10428434,S5 Inspection,S5 Inspection,Schools - S5,02/12/2025,02/02/2026,,Met,Expected standard,Needs attention,Needs attention,Expected standard,Expected standard,Needs attention,Not applicable,Expected standard
http://www.ofsted.gov.uk/inspection-reports/find-inspection-report/provider/101340,101340,3023512,Rosh Pinah Primary School,Primary,Voluntary Aided School,NULL,Not applicable,Does not have a sixth form,Jewish,Does not apply,Jewish,London,London,Barnet,Chipping Barnet,HA8 8TE,NULL,NULL,NULL,NULL,2,393,3,11,10428081,S5 Inspection,S5 Inspection,Schools - S5,02/12/2025,22/01/2026,,Met,Strong standard,Strong standard,Strong standard,Strong standard,Strong standard,Strong standard,Not applicable,Strong standard
http://www.ofsted.gov.uk/inspection-reports/find-inspection-report/provider/141927,141927,3163506,St Joachim's Catholic Primary School,Primary,Academy Converter,01/04/2015,Not applicable,Does not have a sixth form,Roman Catholic,Does not apply,Christian,London,London,Newham,West Ham and Beckton,E16 3DT,5621,Our Lady Of Grace Catholic Academy Trust,NULL,NULL,4,359,2,11,10428714,S5 Inspection,S5 Inspection,Schools - S5,02/12/2025,21/01/2026,,Met,Expected standard,Expected standard,Expected standard,Strong standard,Strong standard,Expected standard,Not applicable,Expected standard
http://www.ofsted.gov.uk/inspection-reports/find-inspection-report/provider/141789,141789,3363302,Holy Rosary Catholic Primary Academy,Primary,Academy Converter,01/03/2015,Non-selective,Does not have a sixth form,Roman Catholic,Does not apply,Christian,West Midlands,West Midlands,Wolverhampton,Wolverhampton South East,WV1 2BS,4127,ST GABRIEL THE ARCHANGEL CATHOLIC MULTI-ACADEMY TRUST,15916,St Gabriel the Archangel Catholic Multi-Academy Trust,5,210,5,11,10428711,S5 Inspection,S5 Inspection,Schools - S5,02/12/2025,29/01/2026,,Met,Strong standard,Strong standard,Strong standard,Expected standard,Strong standard,Expected standard,Not applicable,Strong standard
http://www.ofsted.gov.uk/inspection-reports/find-inspection-report/provider/149330,149330,9192113,Martins Wood Primary School,Primary,Academy Sponsor Led,01/12/2022,Not applicable,Does not have a sixth form,Does not apply,Does not apply,Non-faith,East of England,East of England,Hertfordshire,Stevenage,SG1 5RT,16797,Ivy Learning Trust,17082,Ivy Learning Trust,3,587,2,11,10428962,Academy First Section 5,Academy First Section 5,Schools - S5,02/12/2025,26/01/2026,,Met,Expected standard,Expected standard,Expected standard,Expected standard,Expected standard,Expected standard,Not applicable,Expected standard
http://www.ofsted.gov.uk/inspection-reports/find-inspection-report/provider/103503,103503,3304201,Hodge Hill College,Secondary,Community School,NULL,Non-selective,Does not have a sixth form,Does not apply,Does not apply,Non-faith,West Midlands,West Midlands,Birmingham,Birmingham Hodge Hill and Solihull North,B36 8HB,NULL,NULL,NULL,NULL,5,1205,11,16,10428116,S5 Inspection,S5 Inspection,Schools - S5,02/12/2025,25/01/2026,,Met,Needs attention,Expected standard,Expected standard,Expected standard,Expected standard,Not applicable,Not applicable,Expected standard
http://www.ofsted.gov.uk/inspection-reports/find-inspection-report/provider/135661,135661,3556906,Oasis Academy MediaCityUK,Secondary,Academy Sponsor Led,01/09/2008,Non-selective,Does not have a sixth form,Does not apply,None,Non-faith,North West,North West,Salford,Salford,M50 3UQ,4076,OASIS COMMUNITY LEARNING,4075,Oasis Community Learning,5,1013,11,16,10428487,S5 Inspection,S5 Inspection,Schools - S5,02/12/2025,02/02/2026,,Met,Expected standard,Needs attention,Needs attention,Expected standard,Expected standard,Not applicable,Not applicable,Needs attention
http://www.ofsted.gov.uk/inspection-reports/find-inspection-report/provider/149260,149260,8112734,Howden Junior School,Primary,Academy Converter,01/10/2022,Not applicable,Does not have a sixth form,Does not apply,Does not apply,Non-faith,"North East, Yorkshire and the Humber",Yorkshire and the Humber,East Riding of Yorkshire,Goole and Pocklington,DN14 7SL,3511,The Education Alliance,4576,The Education Alliance,2,224,7,11,10428947,S5 Inspection,S5 Inspection,Schools - S5,02/12/2025,25/01/2026,,Met,Expected standard,Expected standard,Expected standard,Expected standard,Expected standard,Not applicable,Not applicable,Expected standard
http://www.ofsted.gov.uk/inspection-reports/find-inspection-report/provider/104807,104807,3423420,"St Teresa's Catholic Primary School, Devon Street",Primary,Voluntary Aided School,NULL,Not applicable,Does not have a sixth form,Roman Catholic,Does not apply,Christian,North West,North West,St Helens,St Helens South and Whiston,WA10 4HX,NULL,NULL,NULL,NULL,4,165,4,11,10428149,S5 Inspection,S5 Inspection,Schools - S5,02/12/2025,27/01/2026,,Met,Needs attention,Needs attention,Needs attention,Expected standard,Expected standard,Expected standard,Not applicable,Needs attention
http://www.ofsted.gov.uk/inspection-reports/find-inspection-report/provider/100033,100033,2023361,"Holy Trinity and Saint Silas CofE Primary School, NW1",Primary,Voluntary Aided School,NULL,Not applicable,Does not have a sixth form,Church of England,Does not apply,Christian,London,London,Camden,Holborn and St Pancras,NW1 8DE,NULL,NULL,NULL,NULL,5,204,4,11,10428057,S5 Inspection,S5 Inspection,Schools - S5,02/12/2025,25/01/2026,,Met,Expected standard,Expected standard,Expected standard,Expected standard,Strong standard,Expected standard,Not applicable,Expected standard
http://www.ofsted.gov.uk/inspection-reports/find-inspection-report/provider/144447,144447,3942097,South Hylton Primary Academy,Primary,Academy Converter,01/07/2017,Not applicable,Does not have a sixth form,Does not apply,Does not apply,Non-faith,"North East, Yorkshire and the Humber",North East,Sunderland,Houghton and Sunderland South,SR4 0LS,3677,THE LAIDLAW SCHOOLS TRUST,3676,The Laidlaw Schools Trust,5,266,3,11,10428817,S5 Inspection,S5 Inspection,Schools - S5,02/12/2025,25/01/2026,,Met,Expected standard,Expected standard,Expected standard,Expected standard,Expected standard,Expected standard,Not applicable,Expected standard
http://www.ofsted.gov.uk/inspection-reports/find-inspection-report/provider/109443,109443,8222036,Eileen Wade Primary School,Primary,Foundation School,NULL,Not applicable,Does not have a sixth form,None,Does not apply,Non-faith,East of England,East of England,Bedford,North Bedfordshire,PE28 0ND,NULL,NULL,NULL,NULL,2,70,4,11,10428202,S5 Inspection,S5 Inspection,Schools - S5,02/12/2025,22/01/2026,,Met,Expected standard,Expected standard,Expected standard,Strong standard,Strong standard,Expected standard,Not applicable,Expected standard
http://www.ofsted.gov.uk/inspection-reports/find-inspection-report/provider/137942,137942,3904027,Lord Lawson of Beamish Academy,Secondary,Academy Converter,01/03/2012,Non-selective,Has a sixth form,Does not apply,Does not apply,Non-faith,"North East, Yorkshire and the Humber",North East,Gateshead,Washington and Gateshead South,DH3 2LP,NULL,NULL,NULL,NULL,4,1293,11,18,10428560,S5 Inspection,S5 Inspection,Schools - S5,02/12/2025,17/02/2026,,Met,Expected standard,Expected standard,Expected standard,Strong standard,Expected standard,Not applicable,Expected standard,Expected standard
http://www.ofsted.gov.uk/inspection-reports/find-inspection-report/provider/141908,141908,8162180,Huntington Primary Academy,Primary,Academy Converter,01/04/2015,Not applicable,Does not have a sixth form,Does not apply,Does not apply,Non-faith,"North East, Yorkshire and the Humber",Yorkshire and the Humber,York,York Outer,YO32 9QT,16162,PATHFINDER MULTI ACADEMY TRUST,16174,Pathfinder Multi Academy Trust,1,362,5,11,10426067,Requires Improvement S5 Reinspection Visit 1,Requires Improvement S5 Reinspection Visit 1,Schools - S5,02/12/2025,27/01/2026,,Met,Expected standard,Expected standard,Expected standard,Expected standard,Expected standard,Needs attention,Not applicable,Expected standard
http://www.ofsted.gov.uk/inspection-reports/find-inspection-report/provider/116624,116624,8527039,The Polygon School,Special,Foundation Special School,NULL,Not applicable,Not applicable,Does not apply,Does not apply,Non-faith,South East,South East,Southampton,Southampton Itchen,SO15 2FH,NULL,NULL,NULL,NULL,5,76,11,16,10426681,S5 Inspection,S5 Inspection,Schools - S5,02/12/2025,12/02/2026,,Met,Strong standard,Expected standard,Expected standard,Strong standard,Strong standard,Not applicable,Not applicable,Expected standard
http://www.ofsted.gov.uk/inspection-reports/find-inspection-report/provider/106105,106105,3563005,St John's Church of England Primary School,Primary,Voluntary Controlled School,NULL,Not applicable,Does not have a sixth form,Church of England,Does not apply,Christian,North West,North West,Stockport,Stockport,SK4 3DG,NULL,NULL,NULL,NULL,1,200,5,11,10428171,S5 Inspection,S5 Inspection,Schools - S5,02/12/2025,29/01/2026,,Met,Expected standard,Expected standard,Expected standard,Expected standard,Strong standard,Expected standard,Not applicable,Expected standard
http://www.ofsted.gov.uk/inspection-reports/find-inspection-report/provider/144214,144214,9354096,Claydon High School,Secondary,Academy Converter,01/06/2017,Non-selective,Does not have a sixth form,None,Does not apply,Non-faith,East of England,East of England,Suffolk,Central Suffolk and North Ipswich,IP6 0EG,16707,PENROSE LEARNING TRUST,NULL,NULL,2,771,11,16,10428778,S5 Inspection,S5 Inspection,Schools - S5,02/12/2025,25/01/2026,,Met,Expected standard,Expected standard,Expected standard,Expected standard,Strong standard,Not applicable,Not applicable,Expected standard
http://www.ofsted.gov.uk/inspection-reports/find-inspection-report/provider/123204,123204,9313820,"Sacred Heart Catholic Primary School, Henley-on-Thames",Primary,Voluntary Aided School,NULL,Not applicable,Does not have a sixth form,Roman Catholic,Does not apply,Christian,South East,South East,Oxfordshire,Henley and Thame,RG9 1SL,NULL,NULL,NULL,NULL,1,118,4,11,10428397,S5 Inspection,S5 Inspection,Schools - S5,02/12/2025,27/01/2026,,Met,Expected standard,Expected standard,Expected standard,Expected standard,Expected standard,Expected standard,Not applicable,Expected standard
http://www.ofsted.gov.uk/inspection-reports/find-inspection-report/provider/149209,149209,8912045,Brierley Forest Primary and Nursery School,Primary,Academy Sponsor Led,01/10/2022,Not applicable,Does not have a sixth form,Does not apply,Does not apply,Non-faith,East Midlands,East Midlands,Nottinghamshire,Ashfield,NG17 2HT,5456,Transform Trust,5097,Transform Trust,5,279,3,11,10428939,Academy First Section 5,Academy First Section 5,Schools - S5,02/12/2025,09/02/2026,RSI,Met,Needs attention,Needs attention,Urgent improvement,Expected standard,Expected standard,Expected standard,Not applicable,Needs attention
http://www.ofsted.gov.uk/inspection-reports/find-inspection-report/provider/149233,149233,3802185,Miriam Lord Primary School,Primary,Academy Converter,01/10/2022,Not applicable,Does not have a sixth form,Does not apply,Does not apply,Non-faith,"North East, Yorkshire and the Humber",Yorkshire and the Humber,Bradford,Bradford West,BD8 8RG,16494,The Priestley Academy Trust,17578,The Priestley Academy Trust,5,386,3,11,10428940,S5 Inspection,S5 Inspection,Schools - S5,02/12/2025,26/01/2026,,Met,Strong standard,Expected standard,Expected standard,Strong standard,Strong standard,Expected standard,Not applicable,Expected standard
http://www.ofsted.gov.uk/inspection-reports/find-inspection-report/provider/147812,147812,8783101,Berry Pomeroy Parochial CofE Primary School,Primary,Academy Converter,01/10/2022,Not applicable,Does not have a sixth form,Church of England,Does not apply,Christian,South West,South West,Devon,South Devon,TQ9 6LH,16126,THE ACADEMIES FOR CHARACTER AND EXCELLENCE,16133,The Academy for Character and Excellence,3,85,4,11,10428916,S5 Inspection,S5 Inspection,Schools - S5,02/12/2025,27/01/2026,,Met,Expected standard,Needs attention,Needs attention,Expected standard,Strong standard,Expected standard,Not applicable,Needs attention
http://www.ofsted.gov.uk/inspection-reports/find-inspection-report/provider/115957,115957,8502200,Wallop Primary School,Primary,Community School,NULL,Not applicable,Does not have a sixth form,Does not apply,Does not apply,Non-faith,South East,South East,Hampshire,Romsey and Southampton North,SO20 8EH,NULL,NULL,NULL,NULL,1,116,4,11,10428277,S5 Inspection,S5 Inspection,Schools - S5,02/12/2025,21/01/2026,,Met,Expected standard,Expected standard,Needs attention,Expected standard,Expected standard,Expected standard,Not applicable,Expected standard
http://www.ofsted.gov.uk/inspection-reports/find-inspection-report/provider/104431,104431,3402017,Westvale Primary School,Primary,Community School,NULL,Not applicable,Does not have a sixth form,Does not apply,Does not apply,Non-faith,North West,North West,Knowsley,Knowsley,L32 0RQ,NULL,NULL,NULL,NULL,5,211,3,11,10428136,Requires Improvement S5 Reinspection Visit 1,Requires Improvement S5 Reinspection Visit 1,Schools - S5,02/12/2025,02/02/2026,,Met,Needs attention,Needs attention,Needs attention,Needs attention,Expected standard,Expected standard,Not applicable,Needs attention
http://www.ofsted.gov.uk/inspection-reports/find-inspection-report/provider/109176,109176,8033064,The Manor Church of England Primary School,Primary,Voluntary Controlled School,NULL,Not applicable,Does not have a sixth form,Church of England,Does not apply,Christian,South West,South West,South Gloucestershire,Thornbury and Yate,BS36 2LF,NULL,NULL,NULL,NULL,1,199,4,11,10428200,S5 Inspection,S5 Inspection,Schools - S5,02/12/2025,25/01/2026,,Met,Expected standard,Expected standard,Expected standard,Strong standard,Expected standard,Expected standard,Not applicable,Expected standard
http://www.ofsted.gov.uk/inspection-reports/find-inspection-report/provider/148880,148880,8913530,Cotgrave Church of England Primary School,Primary,Academy Converter,01/10/2022,Not applicable,Does not have a sixth form,Church of England,Does not apply,Christian,East Midlands,East Midlands,Nottinghamshire,Rushcliffe,NG12 3HS,2925,Diocese Of Southwell And Nottingham Multi-Academy Trust,2924,Diocese Of Southwell and Nottingham Multi-Academy Trust,2,109,3,11,10428933,S5 Inspection,S5 Inspection,Schools - S5,02/12/2025,27/01/2026,,Met,Expected standard,Needs attention,Needs attention,Needs attention,Expected standard,Expected standard,Not applicable,Expected standard
http://www.ofsted.gov.uk/inspection-reports/find-inspection-report/provider/135316,135316,2126905,Ashcroft Technology Academy,Secondary,Academy Sponsor Led,01/09/2007,Non-selective,Has a sixth form,Does not apply,None,Non-faith,London,London,Wandsworth,Putney,SW15 2UT,NULL,NULL,4259,Prospect Education (Technology) Trust Limited,4,1511,11,18,10428482,S5 Inspection,S5 Inspection,Schools - S5,02/12/2025,22/01/2026,,Met,Strong standard,Exceptional,Exceptional,Exceptional,Strong standard,Not applicable,Exceptional,Exceptional
http://www.ofsted.gov.uk/inspection-reports/find-inspection-report/provider/138396,138396,3302048,E-ACT Nechells Academy,Primary,Academy Sponsor Led,01/09/2012,Not applicable,Not applicable,Does not apply,None,Non-faith,West Midlands,West Midlands,Birmingham,Birmingham Ladywood,B7 5LB,2974,E-ACT,2973,E-ACT,5,193,3,11,10428590,S5 Inspection,S5 Inspection,Schools - S5,02/12/2025,02/02/2026,,Met,Expected standard,Needs attention,Needs attention,Strong standard,Strong standard,Expected standard,Not applicable,Expected standard
http://www.ofsted.gov.uk/inspection-reports/find-inspection-report/provider/110261,110261,8252132,Ash Hill Primary School,Primary,Community School,NULL,Not applicable,Does not have a sixth form,Does not apply,Does not apply,Non-faith,South East,South East,Buckinghamshire,Wycombe,HP13 7HT,NULL,NULL,NULL,NULL,4,217,3,11,10428214,Requires Improvement S5 Reinspection Visit 1,Requires Improvement S5 Reinspection Visit 1,Schools - S5,02/12/2025,09/02/2026,RSI,Met,Needs attention,Needs attention,Urgent improvement,Expected standard,Expected standard,Expected standard,Not applicable,Needs attention
http://www.ofsted.gov.uk/inspection-reports/find-inspection-report/provider/149372,149372,8815255,St John Fisher Catholic Primary School,Primary,Academy Converter,01/10/2022,Not applicable,Does not have a sixth form,Roman Catholic,Does not apply,Christian,East of England,East of England,Essex,Epping Forest,IG10 2DY,4114,Our Lady of Fatima Catholic Multi Academy Trust,4621,Our Lady of Fatima Academy Trust,3,280,5,11,10428971,S5 Inspection,S5 Inspection,Schools - S5,02/12/2025,02/02/2026,,Met,Expected standard,Needs attention,Needs attention,Expected standard,Expected standard,Needs attention,Not applicable,Expected standard
http://www.ofsted.gov.uk/inspection-reports/find-inspection-report/provider/148857,148857,8913295,Heathlands Primary School,Primary,Academy Converter,01/01/2023,Not applicable,Does not have a sixth form,Does not apply,Does not apply,Non-faith,East Midlands,East Midlands,Nottinghamshire,Mansfield,NG21 0DJ,2987,EAST MIDLANDS EDUCATION TRUST,5260,East Midlands Education Trust,4,182,3,11,10428931,S5 Inspection,S5 Inspection,Schools - S5,02/12/2025,27/01/2026,,Met,Expected standard,Expected standard,Expected standard,Expected standard,Expected standard,Expected standard,Not applicable,Expected standard
http://www.ofsted.gov.uk/inspection-reports/find-inspection-report/provider/137343,137343,8254095,Amersham School,Secondary,Academy Converter,01/09/2011,Non-selective,Has a sixth form,Does not apply,Does not apply,Non-faith,South East,South East,Buckinghamshire,Chesham and Amersham,HP7 9HH,NULL,NULL,NULL,NULL,1,1052,11,18,10428539,S5 Inspection,S5 Inspection,Schools - S5,02/12/2025,02/02/2026,,Met,Expected standard,Expected standard,Expected standard,Expected standard,Expected standard,Not applicable,Expected standard,Expected standard
http://www.ofsted.gov.uk/inspection-reports/find-inspection-report/provider/110446,110446,8253073,Haddenham St Mary's Church of England School,Primary,Voluntary Controlled School,NULL,Not applicable,Does not have a sixth form,Church of England,Does not apply,Christian,South East,South East,Buckinghamshire,Mid Buckinghamshire,HP17 8AF,NULL,NULL,NULL,NULL,1,180,4,7,10428217,S5 Inspection,S5 Inspection,Schools - S5,02/12/2025,01/02/2026,,Met,Expected standard,Expected standard,Expected standard,Expected standard,Strong standard,Expected standard,Not applicable,Expected standard
http://www.ofsted.gov.uk/inspection-reports/find-inspection-report/provider/144575,144575,3512033,Higher Lane Primary School,Primary,Academy Converter,01/07/2017,Not applicable,Does not have a sixth form,Does not apply,Does not apply,Non-faith,North West,North West,Bury,Bury South,M45 7EX,16728,Vision Multi Academy Trust,17278,Vision Multi Academy Trust,3,512,3,11,10426084,S5 Inspection,S5 Inspection,Schools - S5,03/12/2025,08/02/2026,,Met,Expected standard,Expected standard,Needs attention,Expected standard,Strong standard,Expected standard,Not applicable,Expected standard
http://www.ofsted.gov.uk/inspection-reports/find-inspection-report/provider/143909,143909,8872018,Wayfield Primary School,Primary,Academy Converter,01/09/2016,Unknown,Not applicable,None,Does not apply,Non-faith,South East,South East,Medway,Chatham and Aylesford,ME5 0HH,4245,THE PRIMARY FIRST TRUST,5006,The Primary First Trust,5,424,2,11,10430471,S8 No Formal Designation Visit,Section 8 deemed section 5 (excluding short inspections),Schools - S8 deemed S5,04/12/2025,05/02/2026,SM,Not met,Urgent improvement,Urgent improvement,Urgent improvement,Urgent improvement,Needs attention,Needs attention,Not applicable,Urgent improvement
http://www.ofsted.gov.uk/inspection-reports/find-inspection-report/provider/118290,118290,8862164,East Peckham Primary School,Primary,Community School,NULL,Not applicable,Does not have a sixth form,Does not apply,Does not apply,Non-faith,South East,South East,Kent,Tonbridge,TN12 5LH,NULL,NULL,NULL,NULL,3,198,4,11,10428329,Requires Improvement S5 Reinspection Visit 1,Requires Improvement S5 Reinspection Visit 1,Schools - S5,09/12/2025,13/02/2026,,Met,Strong standard,Expected standard,Expected standard,Strong standard,Expected standard,Expected standard,Not applicable,Expected standard
http://www.ofsted.gov.uk/inspection-reports/find-inspection-report/provider/137048,137048,8814471,Mayflower High School,Secondary,Academy Converter,01/08/2011,Non-selective,Has a sixth form,None,Does not apply,Non-faith,East of England,East of England,Essex,Basildon and Billericay,CM12 0RT,NULL,NULL,NULL,NULL,1,1620,11,18,10428530,Requires Improvement S5 Reinspection Visit 1,Requires Improvement S5 Reinspection Visit 1,Schools - S5,09/12/2025,02/02/2026,,Met,Expected standard,Expected standard,Expected standard,Strong standard,Strong standard,Not applicable,Expected standard,Expected standard
http://www.ofsted.gov.uk/inspection-reports/find-inspection-report/provider/144571,144571,8723312,Earley St Peter's Church of England Primary School,Primary,Academy Converter,01/07/2017,Not applicable,Does not have a sixth form,Church of England,Does not apply,Christian,South East,South East,Wokingham,Earley and Woodley,RG6 1EY,16732,The Keys Academy Trust,16733,The Keys Academy Trust,1,474,3,11,10428841,S5 Inspection,S5 Inspection,Schools - S5,09/12/2025,29/01/2026,,Met,Strong standard,Expected standard,Expected standard,Expected standard,Strong standard,Strong standard,Not applicable,Expected standard
http://www.ofsted.gov.uk/inspection-reports/find-inspection-report/provider/143444,143444,9082241,Rosemellin Community Primary School,Primary,Academy Converter,01/10/2016,Not applicable,Does not have a sixth form,Does not apply,Does not apply,Non-faith,South West,South West,Cornwall,Camborne and Redruth,TR14 8PG,16328,CROFTY EDUCATION TRUST,NULL,NULL,5,387,4,11,10428748,Requires Improvement S5 Reinspection Visit 1,Requires Improvement S5 Reinspection Visit 1,Schools - S5,09/12/2025,02/02/2026,,Met,Expected standard,Needs attention,Needs attention,Expected standard,Expected standard,Expected standard,Not applicable,Needs attention
http://www.ofsted.gov.uk/inspection-reports/find-inspection-report/provider/149333,149333,9192118,Watchlytes Primary School,Primary,Academy Sponsor Led,01/12/2022,Not applicable,Does not have a sixth form,Does not apply,Does not apply,Non-faith,East of England,East of England,Hertfordshire,Welwyn Hatfield,AL7 2AZ,16797,Ivy Learning Trust,17082,Ivy Learning Trust,3,158,3,11,10428963,Academy First Section 5,Academy First Section 5,Schools - S5,09/12/2025,01/02/2026,,Met,Expected standard,Expected standard,Expected standard,Expected standard,Expected standard,Strong standard,Not applicable,Expected standard
http://www.ofsted.gov.uk/inspection-reports/find-inspection-report/provider/107502,107502,3812046,Withinfields Primary School,Primary,Community School,NULL,Not applicable,Does not have a sixth form,Does not apply,Does not apply,Non-faith,"North East, Yorkshire and the Humber",Yorkshire and the Humber,Calderdale,Halifax,HX3 9QJ,NULL,NULL,NULL,NULL,4,345,3,11,10428182,S5 Inspection,S5 Inspection,Schools - S5,09/12/2025,02/02/2026,,Met,Strong standard,Expected standard,Expected standard,Expected standard,Expected standard,Expected standard,Not applicable,Expected standard
http://www.ofsted.gov.uk/inspection-reports/find-inspection-report/provider/104936,104936,3433367,St Gregory's Catholic Primary School,Primary,Voluntary Aided School,NULL,Not applicable,Does not have a sixth form,Roman Catholic,Does not apply,Christian,North West,North West,Sefton,Sefton Central,L31 2LB,NULL,NULL,NULL,NULL,2,234,3,11,10428152,S5 Inspection,S5 Inspection,Schools - S5,09/12/2025,18/02/2026,,Met,Strong standard,Strong standard,Strong standard,Strong standard,Strong standard,Strong standard,Not applicable,Strong standard
http://www.ofsted.gov.uk/inspection-reports/find-inspection-report/provider/124625,124625,9352132,Gorseland Primary School,Primary,Community School,NULL,Not applicable,Does not have a sixth form,Does not apply,Does not apply,Non-faith,East of England,East of England,Suffolk,Central Suffolk and North Ipswich,IP5 3QR,NULL,NULL,NULL,NULL,1,483,3,11,10428410,Requires Improvement S5 Reinspection Visit 1,Requires Improvement S5 Reinspection Visit 1,Schools - S5,09/12/2025,26/01/2026,,Met,Expected standard,Expected standard,Expected standard,Expected standard,Expected standard,Expected standard,Not applicable,Expected standard
http://www.ofsted.gov.uk/inspection-reports/find-inspection-report/provider/136306,136306,9164001,Sir Thomas Rich's School,Secondary,Academy Converter,01/10/2010,Selective,Has a sixth form,Does not apply,Does not apply,Non-faith,South West,South West,Gloucestershire,Tewkesbury,GL2 0LF,NULL,NULL,NULL,NULL,1,1249,11,18,10428504,S5 Inspection,S5 Inspection,Schools - S5,09/12/2025,04/02/2026,,Met,Strong standard,Strong standard,Strong standard,Strong standard,Strong standard,Not applicable,Strong standard,Strong standard
http://www.ofsted.gov.uk/inspection-reports/find-inspection-report/provider/143601,143601,2032024,Alderwood Primary School,Primary,Academy Converter,01/07/2017,Not applicable,Does not have a sixth form,Does not apply,Does not apply,Non-faith,London,London,Greenwich,Eltham and Chislehurst,SE9 2JH,16726,The Compass Partnership of Schools,NULL,NULL,4,199,3,11,10428752,S5 Inspection,S5 Inspection,Schools - S5,09/12/2025,26/01/2026,,Met,Strong standard,Expected standard,Strong standard,Expected standard,Strong standard,Expected standard,Not applicable,Strong standard
http://www.ofsted.gov.uk/inspection-reports/find-inspection-report/provider/108931,108931,8012037,Glenfrome Primary School,Primary,Community School,NULL,Not applicable,Does not have a sixth form,Does not apply,Does not apply,Non-faith,South West,South West,Bristol,Bristol North East,BS5 6TY,NULL,NULL,NULL,NULL,4,425,4,11,10428197,S5 Inspection,S5 Inspection,Schools - S5,09/12/2025,02/02/2026,,Met,Expected standard,Needs attention,Needs attention,Expected standard,Expected standard,Expected standard,Not applicable,Needs attention
http://www.ofsted.gov.uk/inspection-reports/find-inspection-report/provider/101981,101981,3082009,Capel Manor Primary School,Primary,Community School,NULL,Not applicable,Does not have a sixth form,Does not apply,Does not apply,Non-faith,London,London,Enfield,Enfield North,EN1 4RL,NULL,NULL,NULL,NULL,5,325,4,11,10428087,S5 Inspection,S5 Inspection,Schools - S5,09/12/2025,26/01/2026,,Met,Strong standard,Expected standard,Expected standard,Expected standard,Expected standard,Expected standard,Not applicable,Expected standard
http://www.ofsted.gov.uk/inspection-reports/find-inspection-report/provider/150849,150849,3303385,St Peter's Catholic Primary School,Primary,Academy Converter,01/09/2024,Not applicable,Not applicable,Roman Catholic,Does not apply,Christian,West Midlands,West Midlands,Birmingham,Birmingham Edgbaston,B32 3QD,5609,Lumen Christi Catholic Multi Academy Company,NULL,NULL,5,210,4,11,10429021,S5 Inspection,S5 Inspection,Schools - S5,09/12/2025,27/01/2026,,Met,Strong standard,Expected standard,Strong standard,Strong standard,Strong standard,Strong standard,Not applicable,Expected standard
http://www.ofsted.gov.uk/inspection-reports/find-inspection-report/provider/143345,143345,8602358,Chesterton Primary School,Primary,Academy Converter,01/10/2016,Not applicable,Does not have a sixth form,Does not apply,Does not apply,Non-faith,West Midlands,West Midlands,Staffordshire,Newcastle-under-Lyme,ST5 7NT,2650,Collective Vision Trust,2649,Collective Vision Trust,5,177,2,11,10428746,S5 Inspection,S5 Inspection,Schools - S5,09/12/2025,05/02/2026,,Met,Strong standard,Expected standard,Expected standard,Expected standard,Strong standard,Expected standard,Not applicable,Expected standard
http://www.ofsted.gov.uk/inspection-reports/find-inspection-report/provider/144323,144323,3722134,Woodsetts Primary School,Primary,Academy Converter,01/06/2017,Not applicable,Does not have a sixth form,Does not apply,Does not apply,Non-faith,"North East, Yorkshire and the Humber",Yorkshire and the Humber,Rotherham,Rother Valley,S81 8SB,5318,White Woods Primary Academy Trust,5317,White Woods Primary Academy Trust,3,218,3,11,10428791,S5 Inspection,S5 Inspection,Schools - S5,09/12/2025,01/02/2026,,Met,Strong standard,Expected standard,Strong standard,Strong standard,Strong standard,Strong standard,Not applicable,Strong standard
http://www.ofsted.gov.uk/inspection-reports/find-inspection-report/provider/112851,112851,8303083,Rosliston CofE Primary School,Primary,Voluntary Controlled School,NULL,Not applicable,Does not have a sixth form,Church of England,Does not apply,Christian,East Midlands,East Midlands,Derbyshire,South Derbyshire,DE12 8JW,NULL,NULL,NULL,NULL,2,70,4,11,10428246,Requires Improvement S5 Reinspection Visit 2,Requires Improvement S5 Reinspection Visit 2,Schools - S5,09/12/2025,11/02/2026,,Met,Needs attention,Needs attention,Needs attention,Needs attention,Expected standard,Needs attention,Not applicable,Needs attention
http://www.ofsted.gov.uk/inspection-reports/find-inspection-report/provider/108731,108731,3934026,Hebburn Comprehensive School,Secondary,Community School,NULL,Non-selective,Does not have a sixth form,Does not apply,Does not apply,Non-faith,"North East, Yorkshire and the Humber",North East,South Tyneside,Jarrow and Gateshead East,NE31 2QU,NULL,NULL,NULL,NULL,5,908,11,16,10428195,Requires Improvement S5 Reinspection Visit 1,Requires Improvement S5 Reinspection Visit 1,Schools - S5,09/12/2025,25/01/2026,,Met,Expected standard,Expected standard,Expected standard,Needs attention,Strong standard,Not applicable,Not applicable,Expected standard
http://www.ofsted.gov.uk/inspection-reports/find-inspection-report/provider/114213,114213,8403031,Chester-Le-Street CofE (Controlled) Primary School,Primary,Voluntary Controlled School,NULL,Not applicable,Does not have a sixth form,Church of England,Does not apply,Christian,"North East, Yorkshire and the Humber",North East,Durham,North Durham,DH2 2JT,NULL,NULL,NULL,NULL,4,276,2,11,10428256,S5 Inspection,S5 Inspection,Schools - S5,09/12/2025,02/02/2026,,Met,Expected standard,Expected standard,Needs attention,Expected standard,Expected standard,Expected standard,Not applicable,Expected standard
http://www.ofsted.gov.uk/inspection-reports/find-inspection-report/provider/139471,139471,8022262,Birdwell Primary School,Primary,Academy Converter,01/04/2013,Not applicable,Does not have a sixth form,Does not apply,Does not apply,Non-faith,South West,South West,North Somerset,North Somerset,BS41 9AZ,NULL,NULL,NULL,NULL,1,424,3,11,10428636,S5 Inspection,S5 Inspection,Schools - S5,09/12/2025,02/02/2026,,Met,Expected standard,Expected standard,Expected standard,Expected standard,Expected standard,Expected standard,Not applicable,Expected standard
http://www.ofsted.gov.uk/inspection-reports/find-inspection-report/provider/139176,139176,3093300,St Paul's and All Hallows CofE Infant School,Primary,Academy Converter,01/01/2013,Not applicable,Does not have a sixth form,Church of England,Does not apply,Christian,London,London,Haringey,Tottenham,N17 0HH,3703,LDBS Academies Trust,2914,Diocese of London,5,87,3,7,10428625,S5 Inspection,S5 Inspection,Schools - S5,09/12/2025,27/01/2026,,Met,Strong standard,Strong standard,Strong standard,Strong standard,Strong standard,Strong standard,Not applicable,Strong standard
http://www.ofsted.gov.uk/inspection-reports/find-inspection-report/provider/139631,139631,3302452,Pegasus Primary School,Primary,Academy Converter,01/05/2013,Not applicable,Does not have a sixth form,Does not apply,Does not apply,Non-faith,West Midlands,West Midlands,Birmingham,Birmingham Erdington,B35 6PR,4004,SUMMIT LEARNING TRUST,4003,Summit Learning Trust,5,186,5,11,10428643,S5 Inspection,S5 Inspection,Schools - S5,09/12/2025,29/01/2026,,Met,Expected standard,Expected standard,Expected standard,Expected standard,Expected standard,Expected standard,Not applicable,Expected standard
http://www.ofsted.gov.uk/inspection-reports/find-inspection-report/provider/133552,133552,9402230,Henry Chichele Primary School,Primary,Community School,01/09/2004,Not applicable,Does not have a sixth form,Does not apply,Does not apply,Non-faith,East Midlands,East Midlands,North Northamptonshire,Wellingborough and Rushden,NN10 8NQ,NULL,NULL,NULL,NULL,2,373,4,11,10428458,Requires Improvement S5 Reinspection Visit 1,Requires Improvement S5 Reinspection Visit 1,Schools - S5,09/12/2025,09/02/2026,,Met,Needs attention,Needs attention,Needs attention,Needs attention,Expected standard,Expected standard,Not applicable,Needs attention
http://www.ofsted.gov.uk/inspection-reports/find-inspection-report/provider/125037,125037,9362384,The Grange Community Infant School,Primary,Community School,NULL,Not applicable,Does not have a sixth form,Does not apply,Does not apply,Non-faith,South East,South East,Surrey,Runnymede and Weybridge,KT15 3RL,NULL,NULL,NULL,NULL,2,224,4,7,10429718,S5 Inspection,S5 Inspection,Schools - S5,09/12/2025,01/02/2026,,Met,Expected standard,Needs attention,Needs attention,Needs attention,Expected standard,Needs attention,Not applicable,Needs attention
http://www.ofsted.gov.uk/inspection-reports/find-inspection-report/provider/148938,148938,3323354,Pedmore CE Primary School,Primary,Academy Converter,01/11/2022,Not applicable,Does not have a sixth form,Church of England,Does not apply,Christian,West Midlands,West Midlands,Dudley,Stourbridge,DY9 0RH,17544,ELEMENTS DIOCESAN LEARNING TRUST,16558,The Worcester Diocesan Academies Trust,1,220,5,11,10428934,S5 Inspection,S5 Inspection,Schools - S5,09/12/2025,02/02/2026,,Met,Expected standard,Expected standard,Expected standard,Expected standard,Expected standard,Strong standard,Not applicable,Expected standard
http://www.ofsted.gov.uk/inspection-reports/find-inspection-report/provider/138014,138014,8123514,Saint Joseph's Catholic Primary Voluntary Academy,Primary,Academy Converter,01/04/2012,Not applicable,Does not have a sixth form,Roman Catholic,Does not apply,Christian,"North East, Yorkshire and the Humber",Yorkshire and the Humber,North East Lincolnshire,Great Grimsby and Cleethorpes,DN35 9DL,4581,OUR LADY OF LOURDES CATHOLIC MULTI-ACADEMY TRUST,17173,Our Lady Of Lourdes Catholic Multi-Academy Trust,5,85,3,11,10431782,S5 Inspection,S5 Inspection,Schools - S5,09/12/2025,09/02/2026,RSI,Met,Needs attention,Urgent improvement,Urgent improvement,Needs attention,Needs attention,Needs attention,Not applicable,Needs attention
http://www.ofsted.gov.uk/inspection-reports/find-inspection-report/provider/137954,137954,2086907,City Heights E-ACT Academy,Secondary,Academy Sponsor Led,01/09/2013,Non-selective,Has a sixth form,Does not apply,None,Non-faith,London,London,Lambeth,Clapham and Brixton Hill,SW2 3PW,2974,E-ACT,2973,E-ACT,4,473,11,18,10428561,S5 Inspection,S5 Inspection,Schools - S5,09/12/2025,01/02/2026,,Met,Expected standard,Needs attention,Needs attention,Expected standard,Expected standard,Not applicable,Not applicable,Expected standard
http://www.ofsted.gov.uk/inspection-reports/find-inspection-report/provider/100809,100809,2102516,Robert Browning Primary School,Primary,Community School,NULL,Not applicable,Does not have a sixth form,Does not apply,Does not apply,Non-faith,London,London,Southwark,Peckham,SE17 1DQ,NULL,NULL,NULL,NULL,5,191,3,11,10428071,S5 Inspection,S5 Inspection,Schools - S5,09/12/2025,09/02/2026,,Met,Strong standard,Expected standard,Expected standard,Strong standard,Strong standard,Expected standard,Not applicable,Expected standard
http://www.ofsted.gov.uk/inspection-reports/find-inspection-report/provider/138283,138283,9253310,The Harrowby Church of England Primary School,Primary,Academy Converter,01/07/2012,Not applicable,Does not have a sixth form,Church of England,Does not apply,Christian,East Midlands,East Midlands,Lincolnshire,Grantham and Bourne,NG31 9LJ,3746,LINCOLN ANGLICAN ACADEMY TRUST,3745,Diocese of Lincoln,4,52,3,11,10428581,Requires Improvement S5 Reinspection Visit 1,Requires Improvement S5 Reinspection Visit 1,Schools - S5,09/12/2025,22/01/2026,,Met,Expected standard,Needs attention,Needs attention,Needs attention,Expected standard,Expected standard,Not applicable,Expected standard
http://www.ofsted.gov.uk/inspection-reports/find-inspection-report/provider/140307,140307,9313230,John Blandy Primary School,Primary,Academy Converter,01/11/2013,Not applicable,Does not have a sixth form,None,Does not apply,Non-faith,South East,South East,Oxfordshire,Witney,OX13 5DJ,3083,CAMBRIAN LEARNING TRUST,17245,Faringdon Academy of Schools,1,282,4,11,10427503,S5 Inspection,S5 Inspection,Schools - S5,09/12/2025,22/01/2026,,Met,Expected standard,Expected standard,Expected standard,Expected standard,Expected standard,Expected standard,Not applicable,Expected standard
http://www.ofsted.gov.uk/inspection-reports/find-inspection-report/provider/136147,136147,3086907,Lift Aylward,Secondary,Academy Sponsor Led,01/09/2010,Non-selective,Has a sixth form,Does not apply,None,Non-faith,London,London,Enfield,Edmonton and Winchmore Hill,N18 1NB,2053,LIFT SCHOOLS,2054,Lift Schools,5,1401,11,19,10428501,S5 Inspection,S5 Inspection,Schools - S5,09/12/2025,01/02/2026,,Met,Strong standard,Expected standard,Expected standard,Expected standard,Expected standard,Not applicable,Expected standard,Expected standard
http://www.ofsted.gov.uk/inspection-reports/find-inspection-report/provider/109268,109268,8033437,St Augustine of Canterbury Catholic Primary School,Primary,Voluntary Aided School,NULL,Not applicable,Does not have a sixth form,Roman Catholic,Does not apply,Christian,South West,South West,South Gloucestershire,Filton and Bradley Stoke,BS16 6QR,NULL,NULL,NULL,NULL,2,184,4,11,10428201,S5 Inspection,S5 Inspection,Schools - S5,09/12/2025,01/02/2026,,Met,Needs attention,Needs attention,Needs attention,Needs attention,Needs attention,Expected standard,Not applicable,Needs attention
http://www.ofsted.gov.uk/inspection-reports/find-inspection-report/provider/150474,150474,8222012,Bedford Road Primary Academy,Primary,Academy Sponsor Led,01/01/2024,Not applicable,Does not have a sixth form,Does not apply,Does not apply,Non-faith,East of England,East of England,Bedford,Bedford,MK42 8QH,5271,KNOWLEDGE SCHOOLS TRUST,5270,Knowledge Schools Trust,3,373,5,11,10429018,Academy First Section 5,Academy First Section 5,Schools - S5,09/12/2025,27/01/2026,,Met,Expected standard,Expected standard,Needs attention,Expected standard,Expected standard,Expected standard,Not applicable,Expected standard
http://www.ofsted.gov.uk/inspection-reports/find-inspection-report/provider/138711,138711,8064122,Outwood Academy Ormesby,Secondary,Academy Converter,01/09/2012,Non-selective,Does not have a sixth form,Does not apply,Does not apply,Non-faith,"North East, Yorkshire and the Humber",North East,Middlesbrough,Middlesbrough South and East Cleveland,TS3 0RH,4119,OUTWOOD GRANGE ACADEMIES TRUST,4118,Outwood Grange Academies Trust,5,738,11,16,10428602,Serious Weaknesses S5 Reinspection,Serious Weaknesses S5 Reinspection,Schools - S5,09/12/2025,09/02/2026,,Met,Expected standard,Needs attention,Needs attention,Needs attention,Expected standard,Not applicable,Not applicable,Expected standard
http://www.ofsted.gov.uk/inspection-reports/find-inspection-report/provider/109996,109996,8683072,Eton Wick CofE First School,Primary,Voluntary Controlled School,NULL,Not applicable,Does not have a sixth form,Church of England,Does not apply,Christian,South East,South East,Windsor and Maidenhead,Windsor,SL4 6JB,NULL,NULL,NULL,NULL,2,132,3,9,10428212,S5 Inspection,S5 Inspection,Schools - S5,09/12/2025,25/01/2026,,Met,Expected standard,Expected standard,Needs attention,Needs attention,Expected standard,Needs attention,Not applicable,Expected standard
http://www.ofsted.gov.uk/inspection-reports/find-inspection-report/provider/111309,111309,8773409,St Augustine's Catholic Primary School,Primary,Voluntary Aided School,NULL,Not applicable,Does not have a sixth form,Roman Catholic,Does not apply,Christian,North West,North West,Warrington,Warrington South,WA4 1PY,NULL,NULL,NULL,NULL,4,157,3,11,10428227,S5 Inspection,S5 Inspection,Schools - S5,10/12/2025,28/01/2026,,Met,Expected standard,Expected standard,Expected standard,Expected standard,Expected standard,Expected standard,Not applicable,Expected standard
http://www.ofsted.gov.uk/inspection-reports/find-inspection-report/provider/115469,115469,8817054,Glenwood School,Special,Community Special School,NULL,Not applicable,Has a sixth form,Does not apply,Does not apply,Non-faith,East of England,East of England,Essex,Castle Point,SS7 4LW,NULL,NULL,NULL,NULL,3,248,3,19,10433488,S8 No Formal Designation Visit,S8 No Formal Designation Visit,Schools - S8,11/12/2025,11/02/2026,,Met,9,9,9,9,9,9,9,9
http://www.ofsted.gov.uk/inspection-reports/find-inspection-report/provider/131250,131250,9162178,Hesters Way Primary School,Primary,Community School,01/09/1998,Not applicable,Does not have a sixth form,Does not apply,Does not apply,Non-faith,South West,South West,Gloucestershire,Tewkesbury,GL51 0ES,NULL,NULL,NULL,NULL,5,185,4,11,10428443,S5 Inspection,S5 Inspection,Schools - S5,06/01/2026,11/02/2026,,Met,Strong standard,Expected standard,Expected standard,Expected standard,Strong standard,Strong standard,Not applicable,Strong standard
http://www.ofsted.gov.uk/inspection-reports/find-inspection-report/provider/143010,143010,8002162,Widcombe Infant School,Primary,Academy Converter,01/08/2016,Not applicable,Does not have a sixth form,Does not apply,Does not apply,Non-faith,South West,South West,Bath and North East Somerset,Bath,BA2 4JG,16158,Palladian Academy Trust,16156,Palladian Academy Trust,1,178,5,7,10428740,S5 Inspection,S5 Inspection,Schools - S5,06/01/2026,11/02/2026,,Met,Strong standard,Expected standard,Expected standard,Expected standard,Strong standard,Expected standard,Not applicable,Expected standard
http://www.ofsted.gov.uk/inspection-reports/find-inspection-report/provider/143987,143987,8863324,"Leybourne, St Peter and St Paul Church of England Primary Academy",Primary,Academy Converter,01/03/2017,Not applicable,Does not have a sixth form,Church of England,Does not apply,Christian,South East,South East,Kent,Maidstone and Malling,ME19 5HD,15903,The Tenax Schools Trust,2294,The Tenax Schools Trust,1,211,4,11,10432767,S5 Inspection,S5 Inspection,Schools - S5,06/01/2026,12/02/2026,,Met,Expected standard,Expected standard,Expected standard,Expected standard,Expected standard,Expected standard,Not applicable,Expected standard
http://www.ofsted.gov.uk/inspection-reports/find-inspection-report/provider/149530,149530,3414014,Dixons Croxteth Academy ,Secondary,Academy Sponsor Led,01/11/2022,Unknown,Has a sixth form,Does not apply,None,Non-faith,North West,North West,Liverpool,Liverpool Walton,L11 4SG,2939,DIXONS ACADEMIES TRUST,2937,Dixons Academies Trust,5,405,11,18,10429007,Academy First Section 5,Academy First Section 5,Schools - S5,06/01/2026,10/02/2026,,Met,Expected standard,Expected standard,Needs attention,Expected standard,Expected standard,Not applicable,Not applicable,Strong standard
http://www.ofsted.gov.uk/inspection-reports/find-inspection-report/provider/107848,107848,3832336,Gildersome Primary School,Primary,Community School,NULL,Not applicable,Does not have a sixth form,Does not apply,Does not apply,Non-faith,"North East, Yorkshire and the Humber",Yorkshire and the Humber,Leeds,Leeds South West and Morley,LS27 7AB,NULL,NULL,NULL,NULL,3,380,3,11,10432161,S5 Inspection,S5 Inspection,Schools - S5,06/01/2026,10/02/2026,,Met,Needs attention,Needs attention,Expected standard,Needs attention,Needs attention,Expected standard,Not applicable,Needs attention
http://www.ofsted.gov.uk/inspection-reports/find-inspection-report/provider/138707,138707,3844028,Horbury Academy,Secondary,Academy Converter,01/09/2012,Non-selective,Does not have a sixth form,None,Does not apply,Non-faith,"North East, Yorkshire and the Humber",Yorkshire and the Humber,Wakefield,Ossett and Denby Dale,WF4 5HE,16259,ACCORD MULTI ACADEMY TRUST,NULL,NULL,3,1075,11,16,10428601,S5 Inspection,S5 Inspection,Schools - S5,06/01/2026,08/02/2026,,Met,Expected standard,Strong standard,Strong standard,Needs attention,Expected standard,Not applicable,Not applicable,Expected standard
http://www.ofsted.gov.uk/inspection-reports/find-inspection-report/provider/110683,110683,8742215,Old Fletton Primary School,Primary,Community School,NULL,Not applicable,Does not have a sixth form,Does not apply,Does not apply,Non-faith,East of England,East of England,Peterborough,North West Cambridgeshire,PE2 9DR,NULL,NULL,NULL,NULL,4,438,3,11,10428220,S5 Inspection,S5 Inspection,Schools - S5,06/01/2026,11/02/2026,,Met,Expected standard,Expected standard,Expected standard,Strong standard,Strong standard,Expected standard,Not applicable,Expected standard
http://www.ofsted.gov.uk/inspection-reports/find-inspection-report/provider/106773,106773,3713318,"St Mary's Catholic Primary School, Edlington",Primary,Voluntary Aided School,01/01/1900,Not applicable,Does not have a sixth form,Roman Catholic,Does not apply,Christian,"North East, Yorkshire and the Humber",Yorkshire and the Humber,Doncaster,Rawmarsh and Conisbrough,DN12 1DL,NULL,NULL,NULL,NULL,5,201,3,11,10432149,S5 Inspection,S5 Inspection,Schools - S5,06/01/2026,12/02/2026,,Met,Strong standard,Strong standard,Expected standard,Strong standard,Strong standard,Expected standard,Not applicable,Strong standard
http://www.ofsted.gov.uk/inspection-reports/find-inspection-report/provider/140460,140460,3702121,West Meadows Primary School,Primary,Academy Converter,01/12/2013,Not applicable,Does not have a sixth form,Does not apply,Does not apply,Non-faith,"North East, Yorkshire and the Humber",Yorkshire and the Humber,Barnsley,Barnsley South,S74 9ET,16375,HCAT,16225,HCAT,4,216,3,11,10432673,S5 Inspection,S5 Inspection,Schools - S5,06/01/2026,11/02/2026,,Met,Needs attention,Needs attention,Needs attention,Needs attention,Needs attention,Needs attention,Not applicable,Expected standard
http://www.ofsted.gov.uk/inspection-reports/find-inspection-report/provider/149335,149335,8817006,The Hawthorns School ,Special,Free School Special,01/01/2023,Non-selective,Does not have a sixth form,None,None,Non-faith,East of England,East of England,Essex,Chelmsford,CM1 2XT,5636,SEAX TRUST,5024,SEAX Trust,2,30,7,16,10428964,S5 Inspection,S5 Inspection,Schools - S5,06/01/2026,11/02/2026,,Met,Strong standard,Expected standard,Expected standard,Strong standard,Strong standard,Not applicable,Not applicable,Strong standard
http://www.ofsted.gov.uk/inspection-reports/find-inspection-report/provider/122536,122536,8912271,Bramcote Hills Primary School,Primary,Community School,NULL,Not applicable,Does not have a sixth form,Does not apply,Does not apply,Non-faith,East Midlands,East Midlands,Nottinghamshire,Broxtowe,NG9 3GE,NULL,NULL,NULL,NULL,2,413,4,11,10428390,S5 Inspection,S5 Inspection,Schools - S5,06/01/2026,03/02/2026,,Met,Strong standard,Strong standard,Strong standard,Strong standard,Strong standard,Strong standard,Not applicable,Strong standard
http://www.ofsted.gov.uk/inspection-reports/find-inspection-report/provider/143623,143623,8082076,Bader Primary School,Primary,Academy Converter,01/09/2017,Not applicable,Does not have a sixth form,Does not apply,Does not apply,Non-faith,"North East, Yorkshire and the Humber",North East,Stockton-on-Tees,Stockton West,TS17 0BY,16169,SPARK EDUCATION TRUST,16873,Vision Academy Learning Trust,5,280,2,11,10428754,S5 Inspection,S5 Inspection,Schools - S5,06/01/2026,12/02/2026,,Met,Expected standard,Expected standard,Expected standard,Expected standard,Strong standard,Expected standard,Not applicable,Expected standard
http://www.ofsted.gov.uk/inspection-reports/find-inspection-report/provider/112817,112817,8303035,St Luke's CofE Primary School,Primary,Voluntary Controlled School,NULL,Not applicable,Does not have a sixth form,Church of England,Does not apply,Christian,East Midlands,East Midlands,Derbyshire,High Peak,SK13 7BS,NULL,NULL,NULL,NULL,2,201,4,11,10428243,S5 Inspection,S5 Inspection,Schools - S5,06/01/2026,12/02/2026,,Met,Expected standard,Expected standard,Needs attention,Expected standard,Expected standard,Expected standard,Not applicable,Expected standard
http://www.ofsted.gov.uk/inspection-reports/find-inspection-report/provider/105219,105219,3503315,Holy Infant and St Anthony RC Primary School,Primary,Voluntary Aided School,NULL,Not applicable,Does not have a sixth form,Roman Catholic,Does not apply,Christian,North West,North West,Bolton,Bolton North East,BL1 6QJ,NULL,NULL,NULL,NULL,4,201,5,11,10428157,S5 Inspection,S5 Inspection,Schools - S5,06/01/2026,12/02/2026,,Met,Expected standard,Needs attention,Needs attention,Expected standard,Expected standard,Expected standard,Not applicable,Expected standard
http://www.ofsted.gov.uk/inspection-reports/find-inspection-report/provider/140220,140220,9332012,Willowdown Primary School,Primary,Academy Sponsor Led,01/09/2014,Non-selective,Does not have a sixth form,None,None,Non-faith,South West,South West,Somerset,Bridgwater,TA6 4FU,5253,FUTURA LEARNING PARTNERSHIP,5254,Futura Learning Partnership,4,342,2,11,10428670,S5 Inspection,S5 Inspection,Schools - S5,06/01/2026,09/02/2026,,Met,Strong standard,Expected standard,Expected standard,Expected standard,Expected standard,Expected standard,Not applicable,Strong standard
http://www.ofsted.gov.uk/inspection-reports/find-inspection-report/provider/139049,139049,8014005,Bridge Learning Campus,Secondary,Academy Sponsor Led,01/03/2013,Non-selective,Does not have a sixth form,None,None,Non-faith,South West,South West,Bristol,Bristol South,BS13 0RL,5122,Trust in Learning (Academies),5121,Trust in Learning (Academies),5,1241,3,16,10428617,S5 Inspection,S5 Inspection,Schools - S5,06/01/2026,03/02/2026,,Met,Needs attention,Needs attention,Needs attention,Needs attention,Needs attention,Strong standard,Not applicable,Needs attention
http://www.ofsted.gov.uk/inspection-reports/find-inspection-report/provider/122584,122584,8912464,Beardall Fields Primary and Nursery School,Primary,Community School,NULL,Not applicable,Does not have a sixth form,Does not apply,Does not apply,Non-faith,East Midlands,East Midlands,Nottinghamshire,Sherwood Forest,NG15 8HY,NULL,NULL,NULL,NULL,4,433,3,11,10428392,S5 Inspection,S5 Inspection,Schools - S5,06/01/2026,11/02/2026,,Met,Expected standard,Needs attention,Expected standard,Expected standard,Strong standard,Needs attention,Not applicable,Expected standard
http://www.ofsted.gov.uk/inspection-reports/find-inspection-report/provider/108437,108437,3912000,Dinnington First School,Primary,Foundation School,NULL,Not applicable,Does not have a sixth form,Multi-faith,Does not apply,Non-faith,"North East, Yorkshire and the Humber",North East,Newcastle upon Tyne,Cramlington and Killingworth,NE13 7JY,NULL,NULL,NULL,NULL,3,315,3,9,10432173,S5 Inspection,S5 Inspection,Schools - S5,06/01/2026,17/02/2026,,Met,Expected standard,Expected standard,Expected standard,Strong standard,Expected standard,Strong standard,Not applicable,Expected standard
http://www.ofsted.gov.uk/inspection-reports/find-inspection-report/provider/144349,144349,8812157,Maple Grove Primary School,Primary,Academy Sponsor Led,01/05/2017,Not applicable,Does not have a sixth form,Does not apply,Unknown,Non-faith,East of England,East of England,Essex,South Basildon and East Thurrock,SS13 3AB,3759,LION ACADEMY TRUST,3757,Lion Academy Trust,5,303,4,11,10428799,S5 Inspection,S5 Inspection,Schools - S5,06/01/2026,11/02/2026,,Met,Expected standard,Expected standard,Expected standard,Expected standard,Expected standard,Expected standard,Not applicable,Expected standard
http://www.ofsted.gov.uk/inspection-reports/find-inspection-report/provider/137627,137627,8014602,St Bede's Catholic College,Secondary,Academy Converter,01/11/2011,Non-selective,Has a sixth form,Roman Catholic,Does not apply,Christian,South West,South West,Bristol,Bristol North West,BS11 0SU,NULL,NULL,5577,St Bede's Catholic College,3,1315,11,18,10428551,S5 Inspection,S5 Inspection,Schools - S5,06/01/2026,08/02/2026,,Met,Expected standard,Expected standard,Expected standard,Strong standard,Strong standard,Not applicable,Expected standard,Expected standard
http://www.ofsted.gov.uk/inspection-reports/find-inspection-report/provider/117271,117271,9192316,Priors Wood Primary School,Primary,Community School,NULL,Not applicable,Does not have a sixth form,Does not apply,Does not apply,Non-faith,East of England,East of England,Hertfordshire,Hertford and Stortford,SG12 7HZ,NULL,NULL,NULL,NULL,3,222,3,11,10428306,S5 Inspection,S5 Inspection,Schools - S5,06/01/2026,09/02/2026,,Met,Expected standard,Expected standard,Needs attention,Expected standard,Strong standard,Expected standard,Not applicable,Expected standard
http://www.ofsted.gov.uk/inspection-reports/find-inspection-report/provider/144417,144417,8382029,Sherborne Primary School,Primary,Academy Converter,01/06/2017,Not applicable,Does not have a sixth form,Does not apply,Does not apply,Non-faith,South West,South West,Dorset,West Dorset,DT9 4AJ,16706,Sherborne Area Schools' Trust,NULL,NULL,3,319,4,11,10428808,S5 Inspection,S5 Inspection,Schools - S5,06/01/2026,10/02/2026,,Met,Expected standard,Needs attention,Needs attention,Expected standard,Expected standard,Expected standard,Not applicable,Expected standard
http://www.ofsted.gov.uk/inspection-reports/find-inspection-report/provider/144443,144443,9352067,Bungay Primary School,Primary,Academy Converter,01/05/2017,Not applicable,Does not have a sixth form,Does not apply,Does not apply,Non-faith,East of England,East of England,Suffolk,Waveney Valley,NR35 1HA,5540,Asset Education,16453,Asset Education,4,214,3,11,10428815,S5 Inspection,S5 Inspection,Schools - S5,06/01/2026,02/02/2026,,Met,Expected standard,Expected standard,Needs attention,Expected standard,Strong standard,Expected standard,Not applicable,Expected standard
http://www.ofsted.gov.uk/inspection-reports/find-inspection-report/provider/140612,140612,8762000,Bridgewater Park Primary School,Primary,Academy Sponsor Led,01/04/2014,Unknown,Does not have a sixth form,Does not apply,None,Non-faith,North West,North West,Halton,Runcorn and Helsby,WA7 2LW,3372,The Heath Family (North West),4976,The Heath Family Trust,5,93,3,11,10428688,S5 Inspection,S5 Inspection,Schools - S5,06/01/2026,10/02/2026,,Met,Strong standard,Expected standard,Needs attention,Expected standard,Expected standard,Expected standard,Not applicable,Expected standard
http://www.ofsted.gov.uk/inspection-reports/find-inspection-report/provider/149406,149406,3412060,Faith Primary Academy,Primary,Academy Sponsor Led,01/11/2022,Not applicable,Does not have a sixth form,Church of England/Roman Catholic,Church of England/Roman Catholic,Christian,North West,North West,Liverpool,Liverpool Riverside,L5 3LW,15885,The Liverpool Joint Catholic and Church of England Academies Trust,15915,The Dioceses of Liverpool Joint Catholic and Church of England Academy Trust,5,198,3,11,10428977,Academy First Section 5,Academy First Section 5,Schools - S5,06/01/2026,15/02/2026,,Met,Strong standard,Expected standard,Needs attention,Strong standard,Strong standard,Expected standard,Not applicable,Expected standard
http://www.ofsted.gov.uk/inspection-reports/find-inspection-report/provider/103983,103983,3332178,Causeway Green Primary School,Primary,Community School,NULL,Not applicable,Does not have a sixth form,Does not apply,Does not apply,Non-faith,West Midlands,West Midlands,Sandwell,Smethwick,B68 8LX,NULL,NULL,NULL,NULL,5,430,3,11,10428130,S5 Inspection,S5 Inspection,Schools - S5,06/01/2026,03/02/2026,,Met,Expected standard,Expected standard,Expected standard,Expected standard,Expected standard,Expected standard,Not applicable,Expected standard
http://www.ofsted.gov.uk/inspection-reports/find-inspection-report/provider/116432,116432,8504164,Cranbourne,Secondary,Community School,NULL,Non-selective,Does not have a sixth form,Does not apply,Does not apply,Non-faith,South East,South East,Hampshire,Basingstoke,RG21 3NP,NULL,NULL,NULL,NULL,2,987,11,16,10428291,S5 Inspection,S5 Inspection,Schools - S5,06/01/2026,10/02/2026,,Met,Expected standard,Expected standard,Expected standard,Needs attention,Strong standard,Not applicable,Not applicable,Expected standard
http://www.ofsted.gov.uk/inspection-reports/find-inspection-report/provider/149492,149492,3345200,Fordbridge Community Primary School,Primary,Academy Converter,01/03/2023,Not applicable,Does not have a sixth form,Does not apply,Does not apply,Non-faith,West Midlands,West Midlands,Solihull,Meriden and Solihull East,B37 5BU,17630,PROSPER TOGETHER MULTI ACADEMY TRUST,NULL,NULL,5,522,2,11,10433005,S5 Inspection,S5 Inspection,Schools - S5,06/01/2026,06/02/2026,,Met,Strong standard,Strong standard,Expected standard,Expected standard,Strong standard,Expected standard,Not applicable,Strong standard
http://www.ofsted.gov.uk/inspection-reports/find-inspection-report/provider/145371,145371,8912244,Willow Farm Primary School,Primary,Academy Converter,01/01/2018,Not applicable,Does not have a sixth form,Does not apply,Does not apply,Non-faith,East Midlands,East Midlands,Nottinghamshire,Gedling,NG4 4BN,16315,EQUALS TRUST,16909,Equals Trust,2,214,2,11,10432936,S5 Inspection,S5 Inspection,Schools - S5,06/01/2026,02/02/2026,,Met,Strong standard,Expected standard,Strong standard,Expected standard,Strong standard,Strong standard,Not applicable,Strong standard
http://www.ofsted.gov.uk/inspection-reports/find-inspection-report/provider/101509,101509,3042038,Park Lane Primary School,Primary,Community School,NULL,Not applicable,Does not have a sixth form,Does not apply,Does not apply,Non-faith,London,London,Brent,Brent West,HA9 7RY,NULL,NULL,NULL,NULL,3,456,3,11,10428082,S5 Inspection,S5 Inspection,Schools - S5,06/01/2026,09/02/2026,,Met,Strong standard,Expected standard,Strong standard,Expected standard,Strong standard,Strong standard,Not applicable,Strong standard
http://www.ofsted.gov.uk/inspection-reports/find-inspection-report/provider/138081,138081,8563422,Sacred Heart Catholic Voluntary Academy,Primary,Academy Converter,01/04/2012,Not applicable,Does not have a sixth form,Roman Catholic,Does not apply,Christian,East Midlands,East Midlands,Leicester,Leicester East,LE5 3HH,2354,ST THOMAS AQUINAS CATHOLIC MULTI ACADEMY TRUST,NULL,NULL,4,333,3,11,10428570,S5 Inspection,S5 Inspection,Schools - S5,06/01/2026,11/02/2026,,Met,Strong standard,Expected standard,Expected standard,Expected standard,Strong standard,Expected standard,Not applicable,Expected standard
http://www.ofsted.gov.uk/inspection-reports/find-inspection-report/provider/146892,146892,3032068,Castilion Primary School,Primary,Academy Converter,01/04/2019,Not applicable,Does not have a sixth form,Does not apply,Does not apply,Non-faith,London,London,Bexley,Erith and Thamesmead,SE28 8QA,15787,AMADEUS PRIMARY ACADEMIES  TRUST,NULL,NULL,4,220,3,11,10428902,S5 Inspection,S5 Inspection,Schools - S5,06/01/2026,09/02/2026,,Met,Expected standard,Expected standard,Needs attention,Expected standard,Expected standard,Expected standard,Not applicable,Expected standard
http://www.ofsted.gov.uk/inspection-reports/find-inspection-report/provider/102850,102850,3174007,Ilford County High School,Secondary,Community School,NULL,Selective,Has a sixth form,Does not apply,Does not apply,Non-faith,London,London,Redbridge,Ilford North,IG6 2JB,NULL,NULL,NULL,NULL,2,1126,11,18,10428105,S5 Inspection,S5 Inspection,Schools - S5,06/01/2026,26/02/2026,,Met,Strong standard,Strong standard,Strong standard,Strong standard,Strong standard,Not applicable,Strong standard,Strong standard
http://www.ofsted.gov.uk/inspection-reports/find-inspection-report/provider/144724,144724,8012114,St Mary Redcliffe Church of England Primary School,Primary,Academy Sponsor Led,01/07/2017,Not applicable,Not applicable,Church of England,Unknown,Christian,South West,South West,Bristol,Bristol South,BS3 4DP,16340,Lighthouse Schools Partnership,16180,Lighthouse Schools Partnership,4,398,3,11,10432837,S5 Inspection,S5 Inspection,Schools - S5,06/01/2026,03/02/2026,,Met,Needs attention,Needs attention,Needs attention,Needs attention,Needs attention,Needs attention,Not applicable,Needs attention
http://www.ofsted.gov.uk/inspection-reports/find-inspection-report/provider/136146,136146,8086906,North Shore Academy,Secondary,Academy Sponsor Led,01/09/2010,Non-selective,Not applicable,Does not apply,None,Non-faith,"North East, Yorkshire and the Humber",North East,Stockton-on-Tees,Stockton North,TS20 2AY,4036,NORTHERN EDUCATION TRUST,4035,Northern Education Trust,5,816,11,16,10428500,S5 Inspection,S5 Inspection,Schools - S5,06/01/2026,16/02/2026,,Met,Strong standard,Strong standard,Strong standard,Expected standard,Strong standard,Not applicable,Not applicable,Strong standard
http://www.ofsted.gov.uk/inspection-reports/find-inspection-report/provider/144927,144927,8022287,Oldmixon Primary School,Primary,Academy Converter,01/10/2017,Not applicable,Does not have a sixth form,Does not apply,Does not apply,Non-faith,South West,South West,North Somerset,Weston-Super-Mare,BS24 9DA,16847,EXTEND LEARNING ACADEMIES NETWORK,16940,Extend Learning Academies Network,5,239,2,11,10432881,S5 Inspection,S5 Inspection,Schools - S5,06/01/2026,02/02/2026,,Met,Strong standard,Expected standard,Expected standard,Expected standard,Expected standard,Strong standard,Not applicable,Expected standard
http://www.ofsted.gov.uk/inspection-reports/find-inspection-report/provider/102409,102409,3122065,Warrender Primary School,Primary,Community School,NULL,Not applicable,Does not have a sixth form,Does not apply,Does not apply,Non-faith,London,London,Hillingdon,"Ruislip, Northwood and Pinner",HA4 8QG,NULL,NULL,NULL,NULL,2,434,3,11,10428097,S5 Inspection,S5 Inspection,Schools - S5,06/01/2026,11/02/2026,,Met,Strong standard,Strong standard,Strong standard,Strong standard,Strong standard,Strong standard,Not applicable,Strong standard
http://www.ofsted.gov.uk/inspection-reports/find-inspection-report/provider/122741,122741,8913004,St Edmund's CofE (C) Primary & Nursery School,Primary,Voluntary Controlled School,NULL,Not applicable,Does not have a sixth form,Church of England,Does not apply,Christian,East Midlands,East Midlands,Nottinghamshire,Mansfield,NG19 9JU,NULL,NULL,NULL,NULL,4,241,3,11,10428394,S5 Inspection,S5 Inspection,Schools - S5,06/01/2026,09/02/2026,,Met,Needs attention,Expected standard,Expected standard,Expected standard,Expected standard,Needs attention,Not applicable,Expected standard
http://www.ofsted.gov.uk/inspection-reports/find-inspection-report/provider/134353,134353,8603492,St Lukes CofE Primary School,Primary,Voluntary Controlled School,01/01/2005,Not applicable,Does not have a sixth form,Church of England,Does not apply,Christian,West Midlands,West Midlands,Staffordshire,Cannock Chase,WS11 1HN,NULL,NULL,NULL,NULL,3,411,3,11,10428469,S5 Inspection,S5 Inspection,Schools - S5,06/01/2026,02/02/2026,,Met,Strong standard,Strong standard,Strong standard,Strong standard,Strong standard,Strong standard,Not applicable,Strong standard
http://www.ofsted.gov.uk/inspection-reports/find-inspection-report/provider/125028,125028,9362359,Prior Heath Infant School,Primary,Community School,NULL,Not applicable,Does not have a sixth form,Does not apply,Does not apply,Non-faith,South East,South East,Surrey,Surrey Heath,GU15 1DA,NULL,NULL,NULL,NULL,1,180,4,7,10428414,S5 Inspection,S5 Inspection,Schools - S5,06/01/2026,08/02/2026,,Met,Expected standard,Needs attention,Needs attention,Expected standard,Expected standard,Expected standard,Not applicable,Expected standard
http://www.ofsted.gov.uk/inspection-reports/find-inspection-report/provider/108371,108371,3902224,Wardley Primary School,Primary,Community School,NULL,Not applicable,Does not have a sixth form,Does not apply,Does not apply,Non-faith,"North East, Yorkshire and the Humber",North East,Gateshead,Jarrow and Gateshead East,NE10 8TX,NULL,NULL,NULL,NULL,4,289,3,11,10432172,S5 Inspection,S5 Inspection,Schools - S5,06/01/2026,11/02/2026,,Met,Strong standard,Expected standard,Expected standard,Expected standard,Expected standard,Expected standard,Not applicable,Strong standard
http://www.ofsted.gov.uk/inspection-reports/find-inspection-report/provider/142042,142042,8304005,St Philip Howard Catholic Voluntary Academy,Secondary,Academy Sponsor Led,01/09/2015,Non-selective,Does not have a sixth form,Roman Catholic,None,Christian,East Midlands,East Midlands,Derbyshire,High Peak,SK13 8DR,4442,ST RALPH SHERWIN CATHOLIC MULTI ACADEMY TRUST,16216,St Ralph Sherwin Catholic Multi Academy Trust,2,572,11,16,10428716,S5 Inspection,S5 Inspection,Schools - S5,06/01/2026,08/02/2026,,Met,Expected standard,Expected standard,Expected standard,Strong standard,Strong standard,Not applicable,Not applicable,Expected standard
http://www.ofsted.gov.uk/inspection-reports/find-inspection-report/provider/126069,126069,9384028,Bourne Community College,Secondary,Foundation School,NULL,Non-selective,Does not have a sixth form,None,Does not apply,Non-faith,South East,South East,West Sussex,Chichester,PO10 8PJ,NULL,NULL,NULL,NULL,2,729,11,16,10428427,S5 Inspection,S5 Inspection,Schools - S5,06/01/2026,04/02/2026,,Met,Expected standard,Needs attention,Needs attention,Needs attention,Expected standard,Not applicable,Not applicable,Needs attention
http://www.ofsted.gov.uk/inspection-reports/find-inspection-report/provider/100975,100975,2114507,Central Foundation Girls' School,Secondary,Voluntary Aided School,NULL,Non-selective,Has a sixth form,None,Does not apply,Non-faith,London,London,Tower Hamlets,Stratford and Bow,E3 2AE,NULL,NULL,NULL,NULL,5,1541,11,19,10428074,S5 Inspection,S5 Inspection,Schools - S5,06/01/2026,02/02/2026,,Met,Strong standard,Expected standard,Strong standard,Strong standard,Strong standard,Not applicable,Expected standard,Strong standard
http://www.ofsted.gov.uk/inspection-reports/find-inspection-report/provider/117518,117518,9194066,Barnwell School,Secondary,Foundation School,NULL,Non-selective,Has a sixth form,Does not apply,Does not apply,Non-faith,East of England,East of England,Hertfordshire,Stevenage,SG2 9SW,NULL,NULL,NULL,NULL,3,1315,11,18,10432338,S5 Inspection,S5 Inspection,Schools - S5,06/01/2026,10/02/2026,,Met,Strong standard,Expected standard,Needs attention,Needs attention,Expected standard,Not applicable,Expected standard,Expected standard
http://www.ofsted.gov.uk/inspection-reports/find-inspection-report/provider/112659,112659,8302283,Cavendish Junior School,Primary,Community School,NULL,Not applicable,Does not have a sixth form,Does not apply,Does not apply,Non-faith,East Midlands,East Midlands,Derbyshire,Chesterfield,S41 8TD,NULL,NULL,NULL,NULL,4,100,7,11,10428242,S5 Inspection,S5 Inspection,Schools - S5,06/01/2026,02/02/2026,,Met,Expected standard,Expected standard,Needs attention,Expected standard,Expected standard,Not applicable,Not applicable,Expected standard
http://www.ofsted.gov.uk/inspection-reports/find-inspection-report/provider/120195,120195,8553307,Kilby St Mary's Church of England Primary School,Primary,Voluntary Aided School,NULL,Not applicable,Does not have a sixth form,Church of England,Does not apply,Christian,East Midlands,East Midlands,Leicestershire,South Leicestershire,LE18 3TD,NULL,NULL,NULL,NULL,2,80,3,11,10428374,S5 Inspection,S5 Inspection,Schools - S5,07/01/2026,04/02/2026,,Met,Expected standard,Needs attention,Needs attention,Expected standard,Expected standard,Expected standard,Not applicable,Expected standard
http://www.ofsted.gov.uk/inspection-reports/find-inspection-report/provider/121460,121460,8152418,"Selby, Longman's Hill Community Primary School",Primary,Community School,NULL,Not applicable,Does not have a sixth form,Does not apply,Does not apply,Non-faith,"North East, Yorkshire and the Humber",Yorkshire and the Humber,North Yorkshire,Selby,YO8 9BG,NULL,NULL,NULL,NULL,2,192,4,11,10432405,S5 Inspection,S5 Inspection,Schools - S5,07/01/2026,18/02/2026,,Met,Expected standard,Expected standard,Needs attention,Expected standard,Strong standard,Expected standard,Not applicable,Expected standard
http://www.ofsted.gov.uk/inspection-reports/find-inspection-report/provider/136401,136401,8454612,The Hastings Academy,Secondary,Academy Sponsor Led,01/09/2011,Non-selective,Not applicable,Does not apply,None,Non-faith,South East,South East,East Sussex,Hastings and Rye,TN35 5DN,3339,UNIVERSITY OF BRIGHTON ACADEMIES TRUST,5151,University of Brighton,5,808,11,16,10432529,S5 Inspection,S5 Inspection,Schools - S5,13/01/2026,09/02/2026,,Met,Expected standard,Expected standard,Needs attention,Expected standard,Expected standard,Not applicable,Not applicable,Expected standard
http://www.ofsted.gov.uk/inspection-reports/find-inspection-report/provider/149661,149661,8052000,Ward Jackson Church of England Primary School,Primary,Academy Converter,01/04/2023,Not applicable,Does not have a sixth form,Church of England,Does not apply,Christian,"North East, Yorkshire and the Humber",North East,Hartlepool,Hartlepool,TS24 7LE,16868,DURHAM AND NEWCASTLE DIOCESAN LEARNING TRUST,17235,Durham and Newcastle Diocesan Learning Trust,5,98,2,11,10433045,S5 Inspection,S5 Inspection,Schools - S5,13/01/2026,17/02/2026,,Met,Strong standard,Expected standard,Expected standard,Expected standard,Strong standard,Expected standard,Not applicable,Expected standard
http://www.ofsted.gov.uk/inspection-reports/find-inspection-report/provider/117433,117433,9193335,Great Gaddesden Church of England Primary School,Primary,Voluntary Aided School,NULL,Not applicable,Does not have a sixth form,Church of England,Does not apply,Christian,East of England,East of England,Hertfordshire,Harpenden and Berkhamsted,HP1 3BT,NULL,NULL,NULL,NULL,2,76,3,11,10428310,S5 Inspection,S5 Inspection,Schools - S5,13/01/2026,09/02/2026,,Met,Expected standard,Expected standard,Expected standard,Expected standard,Strong standard,Expected standard,Not applicable,Expected standard
http://www.ofsted.gov.uk/inspection-reports/find-inspection-report/provider/116362,116362,8503346,St Alban's Church of England Aided Primary School,Primary,Voluntary Aided School,NULL,Not applicable,Does not have a sixth form,Church of England,Does not apply,Christian,South East,South East,Hampshire,Havant,PO9 2JX,NULL,NULL,NULL,NULL,4,220,4,11,10428289,S5 Inspection,S5 Inspection,Schools - S5,13/01/2026,09/02/2026,,Met,Expected standard,Expected standard,Expected standard,Expected standard,Strong standard,Expected standard,Not applicable,Expected standard
http://www.ofsted.gov.uk/inspection-reports/find-inspection-report/provider/144225,144225,3942112,Hetton Lyons Primary School,Primary,Academy Converter,01/07/2017,Not applicable,Does not have a sixth form,Does not apply,Does not apply,Non-faith,"North East, Yorkshire and the Humber",North East,Sunderland,Houghton and Sunderland South,DH5 0AH,16051,Balmoral Learning Trust,NULL,NULL,5,428,4,11,10428781,S5 Inspection,S5 Inspection,Schools - S5,13/01/2026,19/02/2026,,Met,Expected standard,Expected standard,Expected standard,Expected standard,Strong standard,Expected standard,Not applicable,Expected standard
http://www.ofsted.gov.uk/inspection-reports/find-inspection-report/provider/112827,112827,8303048,Langley Mill Church of England Infant School and Nursery,Primary,Voluntary Controlled School,NULL,Not applicable,Does not have a sixth form,Church of England,Does not apply,Christian,East Midlands,East Midlands,Derbyshire,Amber Valley,NG16 4DT,NULL,NULL,NULL,NULL,5,97,3,7,10428245,S5 Inspection,S5 Inspection,Schools - S5,13/01/2026,15/02/2026,,Met,Expected standard,Expected standard,Expected standard,Needs attention,Expected standard,Needs attention,Not applicable,Expected standard
http://www.ofsted.gov.uk/inspection-reports/find-inspection-report/provider/119773,119773,8884410,Moor Park High School and Sixth Form,Secondary,Foundation School,NULL,Non-selective,Has a sixth form,None,Does not apply,Non-faith,North West,North West,Lancashire,Preston,PR1 6DT,NULL,NULL,NULL,NULL,5,603,11,18,10428370,S5 Inspection,S5 Inspection,Schools - S5,13/01/2026,09/02/2026,,Met,Expected standard,Needs attention,Needs attention,Strong standard,Expected standard,Not applicable,Expected standard,Needs attention
http://www.ofsted.gov.uk/inspection-reports/find-inspection-report/provider/100025,100025,2022775,Gospel Oak Primary School,Primary,Community School,NULL,Not applicable,Does not have a sixth form,Does not apply,Does not apply,Non-faith,London,London,Camden,Hampstead and Highgate,NW3 2JB,NULL,NULL,NULL,NULL,4,424,3,11,10428056,S5 Inspection,S5 Inspection,Schools - S5,13/01/2026,09/02/2026,,Met,Strong standard,Strong standard,Strong standard,Expected standard,Strong standard,Strong standard,Not applicable,Strong standard
http://www.ofsted.gov.uk/inspection-reports/find-inspection-report/provider/135300,135300,8016907,Bristol Brunel Academy,Secondary,Academy Sponsor Led,01/09/2007,Non-selective,Has a sixth form,Does not apply,None,Non-faith,South West,South West,Bristol,Bristol North East,BS15 1NU,2516,Cabot Learning Federation,2515,Cabot Learning Federation,4,1299,11,16,10437672,S8 No Formal Designation Visit,S8 No Formal Designation Visit,Schools - S8,15/01/2026,16/02/2026,,Met,9,9,9,9,9,9,9,9
